score,statsDataId,title,survey_date,updated_date,gov_org,matched_search_word
3,0003035391,22 都道府県別児童数別学校数,0,2023-10-25,文部科学省,学校基本調査 都道府県 児童数
3,0003016284,2 都道府県別　学級数別　学校数（設置者別）,0,2023-10-25,文部科学省,学校基本調査 都道府県 学校数
3,0003060238,140 小学校・中学校・高等学校との転入・転出状況（平成17年4月1日～平成18年3月31日）,200604-200703,2023-10-25,文部科学省,学校基本調査 中学校 都道府県
3,0003060763,160 小学校・中学校・高等学校との転入・転出状況（平成17年4月1日～平成18年3月31日）,200604-200703,2023-10-25,文部科学省,学校基本調査 中学校 都道府県
3,0003060805,180 小学校・中学校・高等学校との転入・転出状況（平成17年4月1日～平成18年3月31日）,200604-200703,2023-10-25,文部科学省,学校基本調査 中学校 都道府県
3,0003017264,23 都道府県別児童数別学校数 計 国立・公立・私立,0,2023-10-25,文部科学省,学校基本調査 都道府県 生徒数
3,0003065769,小学校・中学校・高等学校との転入・転出状況（前年度間）,0,2023-10-25,文部科学省,学校基本調査 中学校 都道府県
3,0003105297,162 小学校・中学校・高等学校との転入・転出状況（前年度間）,201401-201412,2023-10-25,文部科学省,学校基本調査 中学校 都道府県
3,0003142696,180 小学校・中学校・高等学校との転入・転出状況（前年度間）,201501-201512,2023-10-25,文部科学省,学校基本調査 中学校 都道府県
3,0003183920,208 小学校・中学校・高等学校との転入・転出状況（前年度間）,201601-201612,2023-10-25,文部科学省,学校基本調査 中学校 都道府県
3,0003065816,都道府県別　高等学校等への進学者数（設置者別）,0,2023-10-25,文部科学省,学校基本調査 高等専門学校 都道府県
3,0003105596,212 都道府県別　高等学校等への進学者数（設置者別）,201401-201412,2023-10-25,文部科学省,学校基本調査 高等専門学校 都道府県
3,0003142864,230 都道府県別　高等学校等への進学者数（設置者別）,201501-201512,2023-10-25,文部科学省,学校基本調査 高等専門学校 都道府県
3,0003189781,258 都道府県別　高等学校等への進学者数（設置者別）,201601-201612,2023-10-25,文部科学省,学校基本調査 高等専門学校 都道府県
3,0003047454,211 都道府県別　高等学校等への進学者数（設置者別）,200701-200712,2023-10-25,文部科学省,学校基本調査 高等専門学校 都道府県
3,0003017268,50 都道府県別生徒数別学校数 計 国立・公立・私立,0,2023-10-25,文部科学省,学校基本調査 都道府県 生徒数
3,0003046683,93 修業年限別　通信制を置く学校数、入学状況及び生徒数（本科）（うち公立　都道府県別）,200704-200803,2023-10-25,文部科学省,学校基本調査 都道府県 生徒数
3,0003046684,93 修業年限別　通信制を置く学校数、入学状況及び生徒数（本科）（うち私立　都道府県別）,200704-200803,2023-10-25,文部科学省,学校基本調査 都道府県 生徒数
3,0003060198,90 都道府県別　生徒数（設置者別）,200604-200703,2023-10-25,文部科学省,学校基本調査 都道府県 生徒数
3,0003060204,93 修業年限別　通信制を置く学校数、入学状況及び生徒数（本科）（うち公立　都道府県別）,200604-200703,2023-10-25,文部科学省,学校基本調査 都道府県 生徒数
3,0003060205,93 修業年限別　通信制を置く学校数、入学状況及び生徒数（本科）（うち私立　都道府県別）,200604-200703,2023-10-25,文部科学省,学校基本調査 都道府県 生徒数
3,0003071432,都道府県別　生徒数（設置者別）,0,2023-10-25,文部科学省,学校基本調査 都道府県 生徒数
3,0003071508,修業年限別　通信制を置く学校数、入学状況及び生徒数（本科）（都道府県別）,0,2023-10-25,文部科学省,学校基本調査 都道府県 生徒数
3,0003104577,110 都道府県別　生徒数（設置者別）,201401-201412,2023-10-25,文部科学省,学校基本調査 都道府県 生徒数
3,0003104584,113 修業年限別　通信制を置く学校数、入学状況及び生徒数（本科）（都道府県別）,201401-201412,2023-10-25,文部科学省,学校基本調査 都道府県 生徒数
3,0003142571,128 都道府県別　生徒数（設置者別）,201501-201512,2023-10-25,文部科学省,学校基本調査 都道府県 生徒数
3,0003142512,131 修業年限別　通信制を置く学校数、入学状況及び生徒数（本科）（都道府県別）,201501-201512,2023-10-25,文部科学省,学校基本調査 都道府県 生徒数
3,0003181726,157 都道府県別　生徒数（設置者別）,201601-201612,2023-10-25,文部科学省,学校基本調査 都道府県 生徒数
3,0003182622,160 修業年限別　通信制を置く学校数、入学状況及び生徒数（本科）（都道府県別）,201601-201612,2023-10-25,文部科学省,学校基本調査 都道府県 生徒数
3,0003066176,前期課程の都道府県別高等学校等への進学者数（設置者別）,0,2023-10-25,文部科学省,学校基本調査 高等専門学校 都道府県
3,0003066046,都道府県別　大学・短期大学等への進学者数（設置者別）,0,2023-10-25,文部科学省,学校基本調査 大学 都道府県
3,0003105733,230 都道府県別　大学・短期大学等への進学者数（設置者別）,201401-201412,2023-10-25,文部科学省,学校基本調査 大学 都道府県
3,0003105931,248 前期課程の都道府県別高等学校等への進学者数（設置者別）,201401-201412,2023-10-25,文部科学省,学校基本調査 高等専門学校 都道府県
3,0003142975,248 都道府県別　大学・短期大学等への進学者数（設置者別）,201501-201512,2023-10-25,文部科学省,学校基本調査 大学 都道府県
3,0003142984,266 前期課程の都道府県別高等学校等への進学者数（設置者別）,201501-201512,2023-10-25,文部科学省,学校基本調査 高等専門学校 都道府県
3,0003190161,276 都道府県別　大学・短期大学等への進学者数（設置者別）,201601-201612,2023-10-25,文部科学省,学校基本調査 大学 都道府県
3,0003190701,294 前期課程の都道府県別高等学校等への進学者数（設置者別）,201601-201612,2023-10-25,文部科学省,学校基本調査 高等専門学校 都道府県
3,0003046817,100 前期課程の都道府県別生徒数別学校数（うち公立　都道府県別）,200704-200803,2023-10-25,文部科学省,学校基本調査 都道府県 生徒数
3,0003061465,100 前期課程の都道府県別生徒数別学校数（うち公立　都道府県別）,200604-200703,2023-10-25,文部科学省,学校基本調査 都道府県 生徒数
3,0003015662,56 都道府県別　学校数及び学生数 学校数,0,2023-10-25,文部科学省,学校基本調査 都道府県 学生数
3,0003015720,56 都道府県別　学校数及び学生数 学生数,0,2023-10-25,文部科学省,学校基本調査 都道府県 学生数
3,0003047631,259 前期課程の都道府県別高等学校等への進学者数（設置者別）,200701-200712,2023-10-25,文部科学省,学校基本調査 高等専門学校 都道府県
3,0003011817,7 都道府県別　学校数及び学生数 学校数 都道府県別,0,2023-10-25,文部科学省,学校基本調査 都道府県 学生数
3,0003011819,7 都道府県別　学校数及び学生数 学生数 都道府県別,0,2023-10-25,文部科学省,学校基本調査 都道府県 学生数
3,0003010737,9 都道府県別　大学院学生数 都道府県別,0,2023-10-25,文部科学省,学校基本調査 都道府県 学生数
3,0003066283,都道府県別　大学院学生数（都道府県別）,0,2023-10-25,文部科学省,学校基本調査 都道府県 学生数
3,0003106004,9 都道府県別　大学院学生数（都道府県別）,201401-201412,2023-10-25,文部科学省,学校基本調査 都道府県 学生数
3,0003143092,9 都道府県別　大学院学生数（都道府県別）,201501-201512,2023-10-25,文部科学省,学校基本調査 都道府県 学生数
3,0003191563,9 都道府県別　大学院学生数（都道府県別）,201601-201612,2023-10-25,文部科学省,学校基本調査 都道府県 学生数
3,0003066186,後期課程の都道府県別大学・短期大学等への進学者数（設置者別）,0,2023-10-25,文部科学省,学校基本調査 大学 都道府県
3,0003105934,255 後期課程の都道府県別大学・短期大学等への進学者数（設置者別）,201401-201412,2023-10-25,文部科学省,学校基本調査 大学 都道府県
3,0003142946,273 後期課程の都道府県別大学・短期大学等への進学者数（設置者別）,201501-201512,2023-10-25,文部科学省,学校基本調査 大学 都道府県
3,0003190744,301 後期課程の都道府県別大学・短期大学等への進学者数（設置者別）,201601-201612,2023-10-25,文部科学省,学校基本調査 大学 都道府県
3,0003013752,40 都道府県別　学校数及び学生数 学校数 都道府県別,0,2023-10-25,文部科学省,学校基本調査 都道府県 学生数
3,0003013754,40 都道府県別　学校数及び学生数 学生数 都道府県別,0,2023-10-25,文部科学省,学校基本調査 都道府県 学生数
3,0003047641,266 後期課程の都道府県別大学・短期大学等への進学者数（設置者別）,200701-200712,2023-10-25,文部科学省,学校基本調査 大学 都道府県
3,0003047705,241 都道府県別　大学・短期大学等への進学者数（設置者別）,200701-200712,2023-10-25,文部科学省,学校基本調査 大学 都道府県
3,0003011818,7 都道府県別　学校数及び学生数 学校数 政令指定都市別,0,2023-10-25,文部科学省,学校基本調査 都道府県 学生数
3,0003011820,7 都道府県別　学校数及び学生数 学生数 政令指定都市別,0,2023-10-25,文部科学省,学校基本調査 都道府県 学生数
3,0003010738,9 都道府県別　大学院学生数 政令指定都市別（再掲）,0,2023-10-25,文部科学省,学校基本調査 都道府県 学生数
3,0003013753,40 都道府県別　学校数及び学生数 学校数 再掲,0,2023-10-25,文部科学省,学校基本調査 都道府県 学生数
3,0003013755,40 都道府県別　学校数及び学生数 学生数 再掲,0,2023-10-25,文部科学省,学校基本調査 都道府県 学生数
3,0003066284,都道府県別　大学院学生数（政令指定都市別）,0,2023-10-25,文部科学省,学校基本調査 都道府県 学生数
3,0003100878,研究科別　最低在学年限超過学生数（設置者別）（専門職学位課程法科・教職大学院）（再掲）,0,2023-10-25,文部科学省,学校基本調査 都道府県 学生数
3,0003106045,9 都道府県別　大学院学生数（政令指定都市別）,201401-201412,2023-10-25,文部科学省,学校基本調査 都道府県 学生数
3,0003143120,9 都道府県別　大学院学生数（政令指定都市別）,201501-201512,2023-10-25,文部科学省,学校基本調査 都道府県 学生数
3,0003191643,9 都道府県別　大学院学生数（政令指定都市別）,201601-201612,2023-10-25,文部科学省,学校基本調査 都道府県 学生数
3,0003065698,前期課程の都道府県別生徒数別学校数（うち公立　都道府県別）,0,2023-10-25,文部科学省,学校基本調査 都道府県 生徒数
3,0003104790,120 前期課程の都道府県別生徒数別学校数（うち公立　都道府県別）,201401-201412,2023-10-25,文部科学省,学校基本調査 都道府県 生徒数
3,0003142615,138 前期課程の都道府県別生徒数別学校数（うち公立　都道府県別）,201501-201512,2023-10-25,文部科学省,学校基本調査 都道府県 生徒数
3,0003182805,167 前期課程の都道府県別生徒数別学校数（うち公立　都道府県別）,201601-201612,2023-10-25,文部科学省,学校基本調査 都道府県 生徒数
3,0003060203,93 修業年限別　通信制を置く学校数、入学状況及び生徒数（本科）（設置者別）,200604-200703,2023-10-25,文部科学省,学校基本調査 都道府県 生徒数
3,0003017840,119 前期課程の都道府県別生徒数別学校数 国立・公立・私立,0,2023-10-25,文部科学省,学校基本調査 都道府県 生徒数
3,0003071433,修業年限別　通信制を置く学校数、入学状況及び生徒数（本科）（設置者別）,0,2023-10-25,文部科学省,学校基本調査 都道府県 生徒数
3,0003104615,113 修業年限別　通信制を置く学校数、入学状況及び生徒数（本科）（設置者別）,201401-201412,2023-10-25,文部科学省,学校基本調査 都道府県 生徒数
3,0003142580,131 修業年限別　通信制を置く学校数、入学状況及び生徒数（本科）（設置者別）,201501-201512,2023-10-25,文部科学省,学校基本調査 都道府県 生徒数
3,0003182621,160 修業年限別　通信制を置く学校数、入学状況及び生徒数（本科）（設置者別）,201601-201612,2023-10-25,文部科学省,学校基本調査 都道府県 生徒数
3,0003210444,193 都道府県別　前期課程の学年別　特別支援学級生徒数（設置者別）,201601-201612,2023-10-25,文部科学省,学校基本調査 都道府県 生徒数
3,0003046677,90 都道府県別　生徒数（設置者別）,200704-200803,2023-10-25,文部科学省,学校基本調査 都道府県 生徒数
3,0003209781,163 都道府県別　学科別　学年別　生徒数　（本科）　設置者別,201601-201612,2023-10-25,文部科学省,学校基本調査 都道府県 生徒数
2,0003074190,授業料等及び補助金収入（国・公立大学法人立の高等専門学校等）（単位：千円）,0,2023-10-25,文部科学省,学校基本調査 大学 都道府県
2,0003107019,113 授業料等及び補助金収入（国・公立大学法人立の高等専門学校等）（単位：千円）,201401-201412,2023-10-25,文部科学省,学校基本調査 大学 都道府県
2,0003143974,111 授業料等及び補助金収入（国・公立大学法人立の高等専門学校等）（単位：千円）,201501-201512,2023-10-25,文部科学省,学校基本調査 大学 都道府県
2,0003199442,111 授業料等及び補助金収入（国・公立大学法人立の高等専門学校等）（単位：千円）,201601-201612,2023-10-25,文部科学省,学校基本調査 大学 都道府県
2,0003074205,使途別　学校経費（国・公立大学法人立の高等専門学校等）（単位：千円）,0,2023-10-25,文部科学省,学校基本調査 大学 都道府県
2,0003107018,112 使途別　学校経費（国・公立大学法人立の高等専門学校等）（単位：千円）,201401-201412,2023-10-25,文部科学省,学校基本調査 大学 都道府県
2,0003143916,110 使途別　学校経費（国・公立大学法人立の高等専門学校等）（単位：千円）,201501-201512,2023-10-25,文部科学省,学校基本調査 大学 都道府県
2,0003199441,110 使途別　学校経費（国・公立大学法人立の高等専門学校等）（単位：千円）,201601-201612,2023-10-25,文部科学省,学校基本調査 大学 都道府県
2,0003061519,8 学級編制方式別　児童数（うち公立　都道府県別）,200604-200703,2023-10-25,文部科学省,学校基本調査 都道府県 児童数
2,0003061521,9 学年別　７５条の学級児童数（都道府県別）,200604-200703,2023-10-25,文部科学省,学校基本調査 都道府県 児童数
2,0003046045,8 学級編制方式別　児童数（うち公立　都道府県別）,200704-200803,2023-10-25,文部科学省,学校基本調査 都道府県 児童数
2,0003046047,9 学年別　特別支援学級児童数（都道府県別）,200704-200803,2023-10-25,文部科学省,学校基本調査 都道府県 児童数
2,0003044317,29 都道府県別　学校編制方式別　児童数,0,2023-10-25,文部科学省,学校基本調査 都道府県 児童数
2,0003044053,31 都道府県別　学年別　特別支援学級児童数,0,2023-10-25,文部科学省,学校基本調査 都道府県 児童数
2,0003044590,33 都道府県別　種類別　特別支援学級児童数,0,2023-10-25,文部科学省,学校基本調査 都道府県 児童数
2,0003035376,18 都道府県別学級数別学校数,0,2023-10-25,文部科学省,学校基本調査 都道府県 学校数
2,0003035425,29 都道府県別学校編制方式別児童数,0,2023-10-25,文部科学省,学校基本調査 都道府県 児童数
2,0003035464,31 都道府県別学年別特別支援学級児童数,0,2023-10-25,文部科学省,学校基本調査 都道府県 児童数
2,0003035466,33 都道府県別種類別特別支援学級児童数,0,2023-10-25,文部科学省,学校基本調査 都道府県 児童数
2,0003035469,35 都道府県別外国人児童数,0,2023-10-25,文部科学省,学校基本調査 都道府県 児童数
2,0003035511,37 都道府県別帰国児童数,0,2023-10-25,文部科学省,学校基本調査 都道府県 生徒数
2,0003040974,29 都道府県別　学校編制方式別　児童数,201004-201103,2023-10-25,文部科学省,学校基本調査 都道府県 児童数
2,0003040975,31 都道府県別　学年別　特別支援学級児童数,201004-201103,2023-10-25,文部科学省,学校基本調査 都道府県 児童数
2,0003040976,33 都道府県別　種類別特別　支援学級児童数,201004-201103,2023-10-25,文部科学省,学校基本調査 都道府県 児童数
2,0003042969,35 都道府県別　外国人児童数,201004-201103,2023-10-25,文部科学省,学校基本調査 都道府県 児童数
2,0003040978,37 都道府県別　帰国児童数,201004-201103,2023-10-25,文部科学省,学校基本調査 都道府県 生徒数
2,0003065487,学級編制方式別　児童数（うち公立　都道府県別）,0,2023-10-25,文部科学省,学校基本調査 都道府県 児童数
2,0003065489,学年別　特別支援学級児童数（都道府県別）,0,2023-10-25,文部科学省,学校基本調査 都道府県 児童数
2,0003065494,帰国児童数（都道府県別）（前年度間）,0,2023-10-25,文部科学省,学校基本調査 都道府県 児童数
2,0003077779,29 都道府県別　学級編制方式別　児童数,0,2023-10-25,文部科学省,学校基本調査 都道府県 児童数
2,0003077768,31 都道府県別　学年別　特別支援学級児童数,0,2023-10-25,文部科学省,学校基本調査 都道府県 児童数
2,0003083406,33 都道府県別　種類別　特別支援学級児童数,0,2023-10-25,文部科学省,学校基本調査 都道府県 児童数
2,0003083427,35 都道府県別　外国人児童数,0,2023-10-25,文部科学省,学校基本調査 都道府県 児童数
2,0003085002,37 都道府県別　帰国児童数,0,2023-10-25,文部科学省,学校基本調査 都道府県 児童数
2,0003096754,37 都道府県別　帰国児童数,0,2023-10-25,文部科学省,学校基本調査 都道府県 児童数
2,0003110590,29 都道府県別　学級編制方式別　児童数,201401-201412,2023-10-25,文部科学省,学校基本調査 都道府県 児童数
2,0003110571,31 都道府県別　学年別　特別支援学級児童数,201401-201412,2023-10-25,文部科学省,学校基本調査 都道府県 児童数
2,0003110640,33 都道府県別　種類別　特別支援学級児童数,201401-201412,2023-10-25,文部科学省,学校基本調査 都道府県 児童数
2,0003110890,35 都道府県別　外国人児童数,201401-201412,2023-10-25,文部科学省,学校基本調査 都道府県 児童数
2,0003110957,37 都道府県別　帰国児童数,201401-201412,2023-10-25,文部科学省,学校基本調査 都道府県 児童数
2,0003103469,28 学級編制方式別　児童数（うち公立　都道府県別）,201401-201412,2023-10-25,文部科学省,学校基本調査 都道府県 児童数
2,0003103440,29 学年別　特別支援学級児童数（都道府県別）,201401-201412,2023-10-25,文部科学省,学校基本調査 都道府県 児童数
2,0003103487,32 帰国児童数（都道府県別）（前年度間）,201401-201412,2023-10-25,文部科学省,学校基本調査 都道府県 児童数
2,0003141713,46 学級編制方式別　児童数（うち公立　都道府県別）,201501-201512,2023-10-25,文部科学省,学校基本調査 都道府県 児童数
2,0003141656,47 学年別　特別支援学級児童数（都道府県別）,201501-201512,2023-10-25,文部科学省,学校基本調査 都道府県 児童数
2,0003141735,50 帰国児童数（都道府県別）（前年度間）,201501-201512,2023-10-25,文部科学省,学校基本調査 都道府県 児童数
2,0003144213,50 都道府県別　学級編制方式別　児童数,201501-201512,2023-10-25,文部科学省,学校基本調査 都道府県 児童数
2,0003144214,52 都道府県別　学年別　特別支援学級児童数,201501-201512,2023-10-25,文部科学省,学校基本調査 都道府県 児童数
2,0003144273,54 都道府県別　種類別　特別支援学級児童数,201501-201512,2023-10-25,文部科学省,学校基本調査 都道府県 児童数
2,0003144293,56 都道府県別　外国人児童数,201501-201512,2023-10-25,文部科学省,学校基本調査 都道府県 児童数
2,0003144314,58 都道府県別　帰国児童数,201501-201512,2023-10-25,文部科学省,学校基本調査 都道府県 児童数
2,0003180021,49 学級編制方式別　児童数（うち公立　都道府県別）,201601-201612,2023-10-25,文部科学省,学校基本調査 都道府県 児童数
2,0003179961,50 学年別　特別支援学級児童数（都道府県別）,201601-201612,2023-10-25,文部科学省,学校基本調査 都道府県 児童数
2,0003180002,53 帰国児童数（都道府県別）（前年度間）,201601-201612,2023-10-25,文部科学省,学校基本調査 都道府県 児童数
2,0003206422,50 都道府県別　学級編制方式別　児童数,201601-201612,2023-10-25,文部科学省,学校基本調査 都道府県 児童数
2,0003206601,52 都道府県別　学年別　特別支援学級児童数,201601-201612,2023-10-25,文部科学省,学校基本調査 都道府県 児童数
2,0003206640,54 都道府県別　種類別　特別学級児童数,201601-201612,2023-10-25,文部科学省,学校基本調査 都道府県 児童数
2,0003206680,56 都道府県別　外国人児童数,201601-201612,2023-10-25,文部科学省,学校基本調査 都道府県 児童数
2,0003206619,57 都道府県別　帰国児童数,201601-201612,2023-10-25,文部科学省,学校基本調査 都道府県 児童数
2,0003268536,49 学級編制方式別　児童数（うち公立　都道府県別）,201701-201712,2023-10-25,文部科学省,学校基本調査 都道府県 児童数
2,0003270520,50 学年別　特別支援学級児童数（都道府県別）,201701-201712,2023-10-25,文部科学省,学校基本調査 都道府県 児童数
2,0003269081,53 帰国児童数（都道府県別）（前年度間）,201701-201712,2023-10-25,文部科学省,学校基本調査 都道府県 児童数
2,0003061518,8 学級編制方式別　児童数（設置者別）,200604-200703,2023-10-25,文部科学省,学校基本調査 都道府県 児童数
2,0003061520,9 学年別　７５条の学級児童数（設置者別）,200604-200703,2023-10-25,文部科学省,学校基本調査 都道府県 児童数
2,0003017024,21 都道府県別学級数別学校数 計 国立・公立・私立,0,2023-10-25,文部科学省,学校基本調査 都道府県 学校数
2,0003065486,学級編制方式別　児童数（設置者別）,0,2023-10-25,文部科学省,学校基本調査 都道府県 児童数
2,0003065488,学年別　特別支援学級児童数（設置者別）,0,2023-10-25,文部科学省,学校基本調査 都道府県 児童数
2,0003065493,帰国児童数（設置者別）（前年度間）,0,2023-10-25,文部科学省,学校基本調査 都道府県 児童数
2,0003103485,28 学級編制方式別　児童数（設置者別）,201401-201412,2023-10-25,文部科学省,学校基本調査 都道府県 児童数
2,0003103439,29 学年別　特別支援学級児童数（設置者別）,201401-201412,2023-10-25,文部科学省,学校基本調査 都道府県 児童数
2,0003103444,32 帰国児童数（設置者別）（前年度間）,201401-201412,2023-10-25,文部科学省,学校基本調査 都道府県 児童数
2,0003141693,46 学級編制方式別　児童数（設置者別）,201501-201512,2023-10-25,文部科学省,学校基本調査 都道府県 児童数
2,0003141714,47 学年別　特別支援学級児童数（設置者別）,201501-201512,2023-10-25,文部科学省,学校基本調査 都道府県 児童数
2,0003141734,50 帰国児童数（設置者別）（前年度間）,201501-201512,2023-10-25,文部科学省,学校基本調査 都道府県 児童数
2,0003179981,49 学級編制方式別　児童数（設置者別）,201601-201612,2023-10-25,文部科学省,学校基本調査 都道府県 児童数
2,0003180060,50 学年別　特別支援学級児童数（設置者別）,201601-201612,2023-10-25,文部科学省,学校基本調査 都道府県 児童数
2,0003179983,53 帰国児童数（設置者別）（前年度間）,201601-201612,2023-10-25,文部科学省,学校基本調査 都道府県 児童数
2,0003268535,49 学級編制方式別　児童数（設置者別）,201701-201712,2023-10-25,文部科学省,学校基本調査 都道府県 児童数
2,0003268537,50 学年別　特別支援学級児童数（設置者別）,201701-201712,2023-10-25,文部科学省,学校基本調査 都道府県 児童数
2,0003270521,50 学年別　特別支援学級児童数（設置者別）,201701-201712,2023-10-25,文部科学省,学校基本調査 都道府県 児童数
2,0003269080,53 帰国児童数（設置者別）（前年度間）,201701-201712,2023-10-25,文部科学省,学校基本調査 都道府県 児童数
2,0003047455,211 都道府県別　高等学校等への進学者数（都道府県別）,200701-200712,2023-10-25,文部科学省,学校基本調査 高等専門学校 都道府県
2,0003059834,35 学級編制方式別　生徒数（うち公立　都道府県別）,200604-200703,2023-10-25,文部科学省,学校基本調査 都道府県 生徒数
2,0003059836,36 学年別　７５条の学級生徒数（都道府県別）,200604-200703,2023-10-25,文部科学省,学校基本調査 都道府県 生徒数
2,0003046104,35 学級編制方式別　生徒数（うち公立　都道府県別）,200704-200803,2023-10-25,文部科学省,学校基本調査 都道府県 生徒数
2,0003046106,36 学年別　特別支援学級生徒数（都道府県別）,200704-200803,2023-10-25,文部科学省,学校基本調査 都道府県 生徒数
2,0003047461,214 高等学校等への入学志願者数（都道府県別）,200701-200712,2023-10-25,文部科学省,学校基本調査 高等専門学校 都道府県
2,0003044440,67 都道府県別　学級編制方式別　生徒数,0,2023-10-25,文部科学省,学校基本調査 都道府県 生徒数
2,0003044161,69 都道府県別　学年別　特別支援学級生徒数,0,2023-10-25,文部科学省,学校基本調査 都道府県 生徒数
2,0003044163,71 都道府県別　種類別　特別支援学級生徒数,0,2023-10-25,文部科学省,学校基本調査 都道府県 生徒数
2,0003044165,73 都道府県別　帰国生徒数,0,2023-10-25,文部科学省,学校基本調査 都道府県 生徒数
2,0003042859,190 都道府県別　高等学校等への進学者数,0,2023-10-25,文部科学省,学校基本調査 高等専門学校 都道府県
2,0003042863,194 都道府県別　高等学校等への入学志願者数,0,2023-10-25,文部科学省,学校基本調査 高等専門学校 都道府県
2,0003035729,68 都道府県別学級編制方式別生徒数,0,2023-10-25,文部科学省,学校基本調査 都道府県 生徒数
2,0003035731,70 都道府県別学年別特別支援学級生徒数,0,2023-10-25,文部科学省,学校基本調査 都道府県 生徒数
2,0003035732,72 都道府県別種類別特別支援学級生徒数,0,2023-10-25,文部科学省,学校基本調査 都道府県 生徒数
2,0003035751,74 都道府県別外国人生徒数,0,2023-10-25,文部科学省,学校基本調査 都道府県 生徒数
2,0003035752,75 都道府県別帰国生徒数,0,2023-10-25,文部科学省,学校基本調査 都道府県 生徒数
2,0003042678,192 都道府県別　高等学校等への進学者数,0,2023-10-25,文部科学省,学校基本調査 高等専門学校 都道府県
2,0003042682,196 都道府県別　高等学校等への入学志願者数,0,2023-10-25,文部科学省,学校基本調査 高等専門学校 都道府県
2,0003041044,68 都道府県別　学級編制方式別　生徒数,201004-201103,2023-10-25,文部科学省,学校基本調査 都道府県 生徒数
2,0003041045,70 都道府県別　学年別　特別支援学級生徒数,201004-201103,2023-10-25,文部科学省,学校基本調査 都道府県 生徒数
2,0003041046,72 都道府県別　種類別　特別支援学級生徒数,201004-201103,2023-10-25,文部科学省,学校基本調査 都道府県 生徒数
2,0003041047,74 都道府県別　外国人生徒数,201004-201103,2023-10-25,文部科学省,学校基本調査 都道府県 生徒数
2,0003041048,75 都道府県別　帰国生徒数,201004-201103,2023-10-25,文部科学省,学校基本調査 都道府県 生徒数
2,0003042413,192 都道府県別　高等学校等への進学者数,0,2023-10-25,文部科学省,学校基本調査 高等専門学校 都道府県
2,0003042417,196 都道府県別　高等学校等への入学志願者数,0,2023-10-25,文部科学省,学校基本調査 高等専門学校 都道府県
2,0003065528,学級編制方式別　生徒数（うち公立　都道府県別）,0,2023-10-25,文部科学省,学校基本調査 都道府県 生徒数
2,0003065530,学年別　特別支援学級生徒数（都道府県別）,0,2023-10-25,文部科学省,学校基本調査 都道府県 生徒数
2,0003065534,帰国生徒数（都道府県別）（前年度間）,0,2023-10-25,文部科学省,学校基本調査 都道府県 生徒数
2,0003065820,都道府県別　専修学校等への入学者数（設置者別）,0,2023-10-25,文部科学省,学校基本調査 中学校 都道府県
2,0003083901,192 都道府県別　高等学校等への進学者数,0,2023-10-25,文部科学省,学校基本調査 高等専門学校 都道府県
2,0003083902,196 都道府県別　高等学校等への入学志願者数,0,2023-10-25,文部科学省,学校基本調査 高等専門学校 都道府県
2,0003077789,68 都道府県別　学級編制方式別　生徒数,0,2023-10-25,文部科学省,学校基本調査 都道府県 生徒数
2,0003077838,70 都道府県別　学年別　特別支援学級生徒数,0,2023-10-25,文部科学省,学校基本調査 都道府県 生徒数
2,0003083776,72 都道府県別　種類別　特別支援学級生徒数,0,2023-10-25,文部科学省,学校基本調査 都道府県 生徒数
2,0003077839,74 都道府県別　外国人生徒数,0,2023-10-25,文部科学省,学校基本調査 都道府県 生徒数
2,0003083804,75 都道府県別　帰国生徒数,0,2023-10-25,文部科学省,学校基本調査 都道府県 生徒数
2,0003111393,68 都道府県別　学級編制方式別　生徒数,201401-201412,2023-10-25,文部科学省,学校基本調査 都道府県 生徒数
2,0003111397,70 都道府県別　学年別　特別支援学級生徒数,201401-201412,2023-10-25,文部科学省,学校基本調査 都道府県 生徒数
2,0003111447,72 都道府県別　種類別　特別支援学級生徒数,201401-201412,2023-10-25,文部科学省,学校基本調査 都道府県 生徒数
2,0003111448,74 都道府県別　外国人生徒数,201401-201412,2023-10-25,文部科学省,学校基本調査 都道府県 生徒数
2,0003111465,75 都道府県別　帰国生徒数,201401-201412,2023-10-25,文部科学省,学校基本調査 都道府県 生徒数
2,0003113225,192 都道府県別　高等学校等への進学者数,201401-201412,2023-10-25,文部科学省,学校基本調査 高等専門学校 都道府県
2,0003113285,196 都道府県別　高等学校等への入学志願者数,201401-201412,2023-10-25,文部科学省,学校基本調査 高等専門学校 都道府県
2,0003104069,55 学級編制方式別　生徒数（うち公立　都道府県別）,201401-201412,2023-10-25,文部科学省,学校基本調査 都道府県 生徒数
2,0003104085,56 学年別　特別支援学級生徒数（都道府県別）,201401-201412,2023-10-25,文部科学省,学校基本調査 都道府県 生徒数
2,0003104088,59 帰国生徒数（都道府県別）（前年度間）,201401-201412,2023-10-25,文部科学省,学校基本調査 都道府県 生徒数
2,0003105690,214 都道府県別　専修学校等への入学者数（設置者別）,201401-201412,2023-10-25,文部科学省,学校基本調査 中学校 都道府県
2,0003142102,73 学級編制方式別　生徒数（うち公立　都道府県別）,201501-201512,2023-10-25,文部科学省,学校基本調査 都道府県 生徒数
2,0003142103,74 学年別　特別支援学級生徒数（都道府県別）,201501-201512,2023-10-25,文部科学省,学校基本調査 都道府県 生徒数
2,0003142125,77 帰国生徒数（都道府県別）（前年度間）,201501-201512,2023-10-25,文部科学省,学校基本調査 都道府県 生徒数
2,0003142917,232 都道府県別　専修学校等への入学者数（設置者別）,201501-201512,2023-10-25,文部科学省,学校基本調査 中学校 都道府県
2,0003144513,89 都道府県別　学級編制方式別　生徒数,201501-201512,2023-10-25,文部科学省,学校基本調査 都道府県 生徒数
2,0003144514,91 都道府県別　学年別　特別支援学級生徒数,201501-201512,2023-10-25,文部科学省,学校基本調査 都道府県 生徒数
2,0003144674,93 都道府県別　種類別　特別支援学級生徒数,201501-201512,2023-10-25,文部科学省,学校基本調査 都道府県 生徒数
2,0003144637,95 都道府県別　外国人生徒数,201501-201512,2023-10-25,文部科学省,学校基本調査 都道府県 生徒数
2,0003144695,96 都道府県別　帰国生徒数,201501-201512,2023-10-25,文部科学省,学校基本調査 都道府県 生徒数
2,0003145100,213 都道府県別　高等学校等への進学者数,201501-201512,2023-10-25,文部科学省,学校基本調査 高等専門学校 都道府県
2,0003145281,217 都道府県別　高等学校等への入学志願者数,201501-201512,2023-10-25,文部科学省,学校基本調査 高等専門学校 都道府県
2,0003180600,76 学級編制方式別　生徒数（うち公立　都道府県別）,201601-201612,2023-10-25,文部科学省,学校基本調査 都道府県 生徒数
2,0003180621,77 学年別　特別支援学級生徒数（都道府県別）,201601-201612,2023-10-25,文部科学省,学校基本調査 都道府県 生徒数
2,0003180569,80 帰国生徒数（都道府県別）（前年度間）,201601-201612,2023-10-25,文部科学省,学校基本調査 都道府県 生徒数
2,0003189820,260 都道府県別　専修学校等への入学者数（設置者別）,201601-201612,2023-10-25,文部科学省,学校基本調査 中学校 都道府県
2,0003207723,88 都道府県別　学級編制方式別　生徒数,201601-201612,2023-10-25,文部科学省,学校基本調査 都道府県 生徒数
2,0003207742,90 都道府県別　学年別　特別支援学級生徒数,201601-201612,2023-10-25,文部科学省,学校基本調査 都道府県 生徒数
2,0003207724,92 都道府県別　種類別　特別支援学級生徒数,201601-201612,2023-10-25,文部科学省,学校基本調査 都道府県 生徒数
2,0003208777,94 都道府県別　外国人生徒数,201601-201612,2023-10-25,文部科学省,学校基本調査 都道府県 生徒数
2,0003208842,95 都道府県別帰国生徒数,201601-201612,2023-10-25,文部科学省,学校基本調査 都道府県 生徒数
2,0003211520,251 都道府県別　高等学校等への進学者数,201601-201612,2023-10-25,文部科学省,学校基本調査 高等専門学校 都道府県
2,0003211422,255 都道府県別　高等学校等への入学志願者数,201601-201612,2023-10-25,文部科学省,学校基本調査 高等専門学校 都道府県
2,0003059833,35 学級編制方式別　生徒数（設置者別）,200604-200703,2023-10-25,文部科学省,学校基本調査 都道府県 生徒数
2,0003059835,36 学年別　７５条の学級生徒数（設置者別）,200604-200703,2023-10-25,文部科学省,学校基本調査 都道府県 生徒数
2,0003047458,213 都道府県別　専修学校等への入学者数（設置者別）,200701-200712,2023-10-25,文部科学省,学校基本調査 中学校 都道府県
2,0003017028,47 都道府県別学級数別学校数 計 国立・公立・私立,0,2023-10-25,文部科学省,学校基本調査 都道府県 学校数
2,0003016919,211 都道府県別高等学校等への進学者数 国立・公立・私立,0,2023-10-25,文部科学省,学校基本調査 高等専門学校 都道府県
2,0003065527,学級編制方式別　生徒数（設置者別）,0,2023-10-25,文部科学省,学校基本調査 都道府県 生徒数
2,0003065529,学年別　特別支援学級生徒数（設置者別）,0,2023-10-25,文部科学省,学校基本調査 都道府県 生徒数
2,0003065533,帰国生徒数（設置者別）（前年度間）,0,2023-10-25,文部科学省,学校基本調査 都道府県 生徒数
2,0003065818,高等学校（本科）への進学者のうち併設先または連携先の高等学校へ進学した者（再掲）（設置者別）,0,2023-10-25,文部科学省,学校基本調査 中学校 都道府県
2,0003065822,高等学校等への入学志願者数（設置者別）,0,2023-10-25,文部科学省,学校基本調査 高等専門学校 都道府県
2,0003065824,高等学校（本科）への入学志願者のうち併設先または連携先の高等学校へ志願した者（再掲）（設置者別）,0,2023-10-25,文部科学省,学校基本調査 中学校 都道府県
2,0003104024,55 学級編制方式別　生徒数（設置者別）,201401-201412,2023-10-25,文部科学省,学校基本調査 都道府県 生徒数
2,0003104032,56 学年別　特別支援学級生徒数（設置者別）,201401-201412,2023-10-25,文部科学省,学校基本調査 都道府県 生徒数
2,0003104070,59 帰国生徒数（設置者別）（前年度間）,201401-201412,2023-10-25,文部科学省,学校基本調査 都道府県 生徒数
2,0003105632,213 高等学校（本科）への進学者のうち併設先または連携先の高等学校へ進学した者（再掲）（設置者別）,201401-201412,2023-10-25,文部科学省,学校基本調査 中学校 都道府県
2,0003105716,215 高等学校等への入学志願者数（設置者別）,201401-201412,2023-10-25,文部科学省,学校基本調査 高等専門学校 都道府県
2,0003105717,216 高等学校（本科）への入学志願者のうち併設先または連携先の高等学校へ志願した者（再掲）（設置者別）,201401-201412,2023-10-25,文部科学省,学校基本調査 中学校 都道府県
2,0003142101,73 学級編制方式別　生徒数（設置者別）,201501-201512,2023-10-25,文部科学省,学校基本調査 都道府県 生徒数
2,0003142139,74 学年別　特別支援学級生徒数（設置者別）,201501-201512,2023-10-25,文部科学省,学校基本調査 都道府県 生徒数
2,0003142082,77 帰国生徒数（設置者別）（前年度間）,201501-201512,2023-10-25,文部科学省,学校基本調査 都道府県 生徒数
2,0003142865,231 高等学校（本科）への進学者のうち併設先または連携先の高等学校へ進学した者（再掲）（設置者別）,201501-201512,2023-10-25,文部科学省,学校基本調査 中学校 都道府県
2,0003142933,233 高等学校等への入学志願者数（設置者別）,201501-201512,2023-10-25,文部科学省,学校基本調査 高等専門学校 都道府県
2,0003142881,234 高等学校（本科）への入学志願者のうち併設先または連携先の高等学校へ志願した者（再掲）（設置者別）,201501-201512,2023-10-25,文部科学省,学校基本調査 中学校 都道府県
2,0003180580,76 学級編制方式別　生徒数（設置者別）,201601-201612,2023-10-25,文部科学省,学校基本調査 都道府県 生徒数
2,0003180601,77 学年別　特別支援学級生徒数（設置者別）,201601-201612,2023-10-25,文部科学省,学校基本調査 都道府県 生徒数
2,0003180630,80 帰国生徒数（設置者別）（前年度間）,201601-201612,2023-10-25,文部科学省,学校基本調査 都道府県 生徒数
2,0003189782,259 高等学校（本科）への進学者のうち併設先または連携先の高等学校へ進学した者（再掲）（設置者別）,201601-201612,2023-10-25,文部科学省,学校基本調査 中学校 都道府県
2,0003189841,261 高等学校等への入学志願者数（設置者別）,201601-201612,2023-10-25,文部科学省,学校基本調査 高等専門学校 都道府県
2,0003189880,262 高等学校（本科）への入学志願者のうち併設先または連携先の高等学校へ志願した者（再掲）（設置者別）,201601-201612,2023-10-25,文部科学省,学校基本調査 中学校 都道府県
2,0003084614,3 市町村別集計　学校調査（中学校） 学校数,201204-201303,2023-10-25,文部科学省,学校基本調査 都道府県 学校数
2,0003078006,3 市町村別集計　学校調査（中学校） 学校数,201004-201103,2023-10-25,文部科学省,学校基本調査 都道府県 学校数
2,0003097545,3 市町村別集計　学校調査（中学校） 学校数,201304-201403,2023-10-25,文部科学省,学校基本調査 都道府県 学校数
2,0003045450,3 中学校　市町村別　学校数,0,2023-10-25,文部科学省,学校基本調査 都道府県 学校数
2,0003124313,3 市町村別集計　学校調査（中学校） 学校数,201404-201503,2023-10-25,文部科学省,学校基本調査 都道府県 学校数
2,0003146280,4 市町村別集計　学校調査（中学校） 学校数,201504-201603,2023-10-25,文部科学省,学校基本調査 都道府県 学校数
2,0003046678,90 都道府県別　生徒数（うち公立　都道府県別）,200704-200803,2023-10-25,文部科学省,学校基本調査 都道府県 生徒数
2,0003046679,90 都道府県別　生徒数（うち私立　都道府県別）,200704-200803,2023-10-25,文部科学省,学校基本調査 都道府県 生徒数
2,0003060199,90 都道府県別　生徒数（うち公立　都道府県別）,200604-200703,2023-10-25,文部科学省,学校基本調査 都道府県 生徒数
2,0003060200,90 都道府県別　生徒数（うち私立　都道府県別）,200604-200703,2023-10-25,文部科学省,学校基本調査 都道府県 生徒数
2,0003071507,都道府県別　生徒数（都道府県別）,0,2023-10-25,文部科学省,学校基本調査 都道府県 生徒数
2,0003104543,110 都道府県別　生徒数（都道府県別）,201401-201412,2023-10-25,文部科学省,学校基本調査 都道府県 生徒数
2,0003142527,128 都道府県別　生徒数（都道府県別）,201501-201512,2023-10-25,文部科学省,学校基本調査 都道府県 生徒数
2,0003181746,157 都道府県別　生徒数（都道府県別）,201601-201612,2023-10-25,文部科学省,学校基本調査 都道府県 生徒数
2,0003047632,259 前期課程の都道府県別高等学校等への進学者数（都道府県別）,200701-200712,2023-10-25,文部科学省,学校基本調査 高等専門学校 都道府県
2,0003047706,241 都道府県別　大学・短期大学等への進学者数（都道府県別）,200701-200712,2023-10-25,文部科学省,学校基本調査 大学 都道府県
2,0003066047,都道府県別　大学・短期大学等への進学者数（都道府県別）,0,2023-10-25,文部科学省,学校基本調査 大学 都道府県
2,0003105700,230 都道府県別　大学・短期大学等への進学者数（都道府県別）,201401-201412,2023-10-25,文部科学省,学校基本調査 大学 都道府県
2,0003142891,248 都道府県別　大学・短期大学等への進学者数（都道府県別）,201501-201512,2023-10-25,文部科学省,学校基本調査 大学 都道府県
2,0003190180,276 都道府県別　大学・短期大学等への進学者数（都道府県別）,201601-201612,2023-10-25,文部科学省,学校基本調査 大学 都道府県
2,0003046675,89 学校数・学科数（本科）（うち公立　都道府県別）,200704-200803,2023-10-25,文部科学省,学校基本調査 都道府県 学校数
2,0003046676,89 学校数・学科数（本科）（うち私立　都道府県別）,200704-200803,2023-10-25,文部科学省,学校基本調査 都道府県 学校数
2,0003060196,89 学校数・学科数（本科）（うち公立　都道府県別）,200604-200703,2023-10-25,文部科学省,学校基本調査 都道府県 学校数
2,0003060197,89 学校数・学科数（本科）（うち私立　都道府県別）,200604-200703,2023-10-25,文部科学省,学校基本調査 都道府県 学校数
2,0003044269,104 都道府県別　帰国生徒数,0,2023-10-25,文部科学省,学校基本調査 都道府県 生徒数
2,0003035893,106 都道府県別帰国生徒数（詳細）,0,2023-10-25,文部科学省,学校基本調査 都道府県 生徒数
2,0003036288,137 都道府県別後期課程の学科別学年別生徒数（全日制）,0,2023-10-25,文部科学省,学校基本調査 都道府県 生徒数
2,0003036289,137 都道府県別後期課程の学科別学年別生徒数（定時制）,0,2023-10-25,文部科学省,学校基本調査 都道府県 生徒数
2,0003043532,106 都道府県別　帰国生徒数,201004-201103,2023-10-25,文部科学省,学校基本調査 都道府県 生徒数
2,0003065598,帰国生徒数（都道府県別）（前年度間）,0,2023-10-25,文部科学省,学校基本調査 都道府県 生徒数
2,0003071518,学校数・学科数（本科）（都道府県別）,0,2023-10-25,文部科学省,学校基本調査 都道府県 学校数
2,0003083911,106 都道府県別　帰国生徒数,0,2023-10-25,文部科学省,学校基本調査 都道府県 生徒数
2,0003112541,106 都道府県別　帰国生徒数,201401-201412,2023-10-25,文部科学省,学校基本調査 都道府県 生徒数
2,0003104474,93 帰国生徒数（都道府県別）（前年度間）,201401-201412,2023-10-25,文部科学省,学校基本調査 都道府県 生徒数
2,0003104551,109 学校数・学科数（本科）（都道府県別）,201401-201412,2023-10-25,文部科学省,学校基本調査 都道府県 学校数
2,0003142314,111 帰国生徒数（都道府県別）（前年度間）,201501-201512,2023-10-25,文部科学省,学校基本調査 都道府県 生徒数
2,0003142526,127 学校数・学科数（本科）（都道府県別）,201501-201512,2023-10-25,文部科学省,学校基本調査 都道府県 学校数
2,0003144721,127 都道府県別　帰国生徒数,201501-201512,2023-10-25,文部科学省,学校基本調査 都道府県 生徒数
2,0003207932,140 帰国生徒数（都道府県別）（前年度間）,201601-201612,2023-10-25,文部科学省,学校基本調査 都道府県 生徒数
2,0003187021,156 学校数・学科数（本科）（都道府県別）,201601-201612,2023-10-25,文部科学省,学校基本調査 都道府県 学校数
2,0003209600,165 都道府県別　帰国生徒数,201601-201612,2023-10-25,文部科学省,学校基本調査 都道府県 生徒数
2,0003047634,260 前期課程の高等学校等への入学志願者数（都道府県別）,200701-200712,2023-10-25,文部科学省,学校基本調査 高等専門学校 都道府県
2,0003042871,202 都道府県別　高等学校等への進学者数,0,2023-10-25,文部科学省,学校基本調査 高等専門学校 都道府県
2,0003042879,210 都道府県別　大学・短期大学等への進学者数,0,2023-10-25,文部科学省,学校基本調査 大学 都道府県
2,0003042668,204 都道府県別　高等学校等への進学者数,0,2023-10-25,文部科学省,学校基本調査 高等専門学校 都道府県
2,0003042654,212 都道府県別　大学・短期大学等への進学者数,0,2023-10-25,文部科学省,学校基本調査 大学 都道府県
2,0003042419,204 都道府県別　高等学校等への進学者数,0,2023-10-25,文部科学省,学校基本調査 高等専門学校 都道府県
2,0003042424,212 都道府県別　大学・短期大学等への進学者数,0,2023-10-25,文部科学省,学校基本調査 大学 都道府県
2,0003066179,前期課程の高等学校等への入学志願者数（都道府県別）,0,2023-10-25,文部科学省,学校基本調査 高等専門学校 都道府県
2,0003083888,204 都道府県別　高等学校等への進学者数,0,2023-10-25,文部科学省,学校基本調査 高等専門学校 都道府県
2,0003083905,212 都道府県別　大学・短期大学等への進学者数,0,2023-10-25,文部科学省,学校基本調査 大学 都道府県
2,0003113288,204 都道府県別　高等学校等への進学者数,201401-201412,2023-10-25,文部科学省,学校基本調査 高等専門学校 都道府県
2,0003113568,212 都道府県別　大学・短期大学等への進学者数,201401-201412,2023-10-25,文部科学省,学校基本調査 大学 都道府県
2,0003107020,249 前期課程の高等学校等への入学志願者数（都道府県別）,201401-201412,2023-10-25,文部科学省,学校基本調査 高等専門学校 都道府県
2,0003143006,267 前期課程の高等学校等への入学志願者数（都道府県別）,201501-201512,2023-10-25,文部科学省,学校基本調査 高等専門学校 都道府県
2,0003145284,225 都道府県別　高等学校等への進学者数,201501-201512,2023-10-25,文部科学省,学校基本調査 高等専門学校 都道府県
2,0003145440,233 都道府県別　大学・短期大学等への進学者数,201501-201512,2023-10-25,文部科学省,学校基本調査 大学 都道府県
2,0003190723,295 前期課程の高等学校等への入学志願者数（都道府県別）,201601-201612,2023-10-25,文部科学省,学校基本調査 高等専門学校 都道府県
2,0003211488,271 都道府県別　大学・短期大学等への進学者数,201601-201612,2023-10-25,文部科学省,学校基本調査 大学 都道府県
2,0003046737,115 前期課程の学級編制方式別生徒数（うち公立　都道府県別）,200704-200803,2023-10-25,文部科学省,学校基本調査 都道府県 生徒数
2,0003061552,99 前期課程の都道府県別学級数別学校数（うち公立　都道府県別）,200704-200803,2023-10-25,文部科学省,学校基本調査 都道府県 学校数
2,0003046926,140 都道府県別　学年別　在学者数（うち公立　都道府県別）,200704-200803,2023-10-25,文部科学省,学校基本調査 高等学校 都道府県
2,0003046928,141 通学状況別　在学者数（うち公立　都道府県別）,200704-200803,2023-10-25,文部科学省,学校基本調査 高等学校 都道府県
2,0003047214,176 都道府県別　学校数,200704-200803,2023-10-25,文部科学省,学校基本調査 都道府県 学校数
2,0003047223,184 都道府県別　生徒数,200704-200803,2023-10-25,文部科学省,学校基本調査 都道府県 生徒数
2,0003047236,194 専門課程入学者のうち大学等卒業者数（再掲）（都道府県別）,200704-200803,2023-10-25,文部科学省,学校基本調査 大学 都道府県
2,0003047249,198 都道府県別　学校数,200704-200803,2023-10-25,文部科学省,学校基本調査 都道府県 学校数
2,0003047252,201 都道府県別　生徒数,200704-200803,2023-10-25,文部科学省,学校基本調査 都道府県 生徒数
2,0003047544,244 卒業年次別　大学（学部）・短期大学（本科）への入学志願者数（都道府県別）,200701-200712,2023-10-25,文部科学省,学校基本調査 大学 都道府県
2,0003061483,113 前期課程の学級編制方式別生徒数（うち公立　都道府県別）,200604-200703,2023-10-25,文部科学省,学校基本調査 都道府県 生徒数
2,0003060230,135 都道府県別　学級数（設置者別）,200604-200703,2023-10-25,文部科学省,学校基本調査 高等学校 都道府県
2,0003060233,136 都道府県別　学年別　在学者数（うち公立　都道府県別）,200604-200703,2023-10-25,文部科学省,学校基本調査 高等学校 都道府県
2,0003060235,137 通学状況別　在学者数（うち公立　都道府県別）,200604-200703,2023-10-25,文部科学省,学校基本調査 高等学校 都道府県
2,0003060755,155 都道府県別　学級数（設置者別）,200604-200703,2023-10-25,文部科学省,学校基本調査 高等学校 都道府県
2,0003060758,156 都道府県別　学年別　在学者数（うち公立　都道府県別）,200604-200703,2023-10-25,文部科学省,学校基本調査 高等学校 都道府県
2,0003060760,157 通学状況別　在学者数（うち公立　都道府県別）,200604-200703,2023-10-25,文部科学省,学校基本調査 高等学校 都道府県
2,0003060799,177 都道府県別　学級数（設置者別）,200604-200703,2023-10-25,文部科学省,学校基本調査 高等学校 都道府県
2,0003060802,178 都道府県別　学年別　在学者数（うち公立　都道府県別）,200604-200703,2023-10-25,文部科学省,学校基本調査 高等学校 都道府県
2,0003060804,179 通学状況別　在学者数（うち公立　都道府県別）,200604-200703,2023-10-25,文部科学省,学校基本調査 高等学校 都道府県
2,0003059583,212 都道府県別　学校数,200604-200703,2023-10-25,文部科学省,学校基本調査 都道府県 学校数
2,0003059592,220 都道府県別　生徒数,200604-200703,2023-10-25,文部科学省,学校基本調査 都道府県 生徒数
2,0003061022,230 専門課程入学者のうち大学等卒業者数（再掲）（都道府県別）,200604-200703,2023-10-25,文部科学省,学校基本調査 大学 都道府県
2,0003059636,234 都道府県別　学校数,200604-200703,2023-10-25,文部科学省,学校基本調査 都道府県 学校数
2,0003059639,237 都道府県別　生徒数,200604-200703,2023-10-25,文部科学省,学校基本調査 都道府県 生徒数
2,0003061045,242 都道府県別　入学者数及び卒業者数（設置者別）,200604-200703,2023-10-25,文部科学省,学校基本調査 高等学校 都道府県
2,0003013750,176 都道府県別学校数 国立・公立・私立,0,2023-10-25,文部科学省,学校基本調査 都道府県 学校数
2,0003011368,184 都道府県別生徒数,0,2023-10-25,文部科学省,学校基本調査 都道府県 生徒数
2,0003015721,194 専門課程入学者のうち大学等卒業者（再掲） 都道府県別,0,2023-10-25,文部科学省,学校基本調査 大学 都道府県
2,0003013680,198 都道府県別学校数 国立・公立・私立,0,2023-10-25,文部科学省,学校基本調査 都道府県 学校数
2,0003013387,201 都道府県別生徒数 国立・公立・私立,0,2023-10-25,文部科学省,学校基本調査 都道府県 生徒数
2,0003044378,134 都道府県別　後期課程の学年別生徒数（全日制）,0,2023-10-25,文部科学省,学校基本調査 都道府県 生徒数
2,0003044379,134 都道府県別　後期課程の学年別生徒数（定時制）,0,2023-10-25,文部科学省,学校基本調査 都道府県 生徒数
2,0003044380,135 都道府県別　後期課程の学科別学年別生徒数（全日制）,0,2023-10-25,文部科学省,学校基本調査 都道府県 生徒数
2,0003044381,135 都道府県別　後期課程の学科別学年別生徒数（定時制）,0,2023-10-25,文部科学省,学校基本調査 都道府県 生徒数
2,0003044383,139 都道府県別　定時制課程を兼任している教員数（後期課程）（設置者別）,0,2023-10-25,文部科学省,学校基本調査 高等学校 都道府県
2,0003045371,149 都道府県別　通学状況別　在学者数,0,2023-10-25,文部科学省,学校基本調査 高等学校 都道府県
2,0003042886,215 都道府県別　学科別　大学（学部）・短期大学（本科）等への入学志願者数,0,2023-10-25,文部科学省,学校基本調査 大学 都道府県
2,0003036287,136 都道府県別後期課程の学年別生徒数（定時制）,0,2023-10-25,文部科学省,学校基本調査 都道府県 生徒数
2,0003036504,151 都道府県別通学状況別在学者数,0,2023-10-25,文部科学省,学校基本調査 高等学校 都道府県
2,0003042717,217 都道府県別　学科別　大学（学部）・短期大学（本科）等への入学志願者数,0,2023-10-25,文部科学省,学校基本調査 大学 都道府県
2,0003074022,国籍別　関係学科別　外国人学生数（設置者別）（平成23年度～平成24年度）,0,2023-10-25,文部科学省,学校基本調査 都道府県 学生数
2,0003091155,国籍・地域別　関係学科別　外国人学生数（設置者別）（平成25年度～）,0,2023-10-25,文部科学省,学校基本調査 都道府県 学生数
2,0003106673,56 国籍・地域別　関係学科別　外国人学生数（設置者別）（平成26年度～）,201401-201412,2023-10-25,文部科学省,学校基本調査 都道府県 学生数
2,0003143514,54 国籍・地域別　関係学科別　外国人学生数（設置者別）（平成27年度～）,201501-201512,2023-10-25,文部科学省,学校基本調査 都道府県 学生数
2,0003196840,54 国籍・地域別　関係学科別　外国人学生数（設置者別）（平成27年度～）,201601-201612,2023-10-25,文部科学省,学校基本調査 都道府県 学生数
2,0003066096,専門課程入学者のうち大学等卒業者数（再掲）（都道府県別）,0,2023-10-25,文部科学省,学校基本調査 大学 都道府県
2,0003105490,195 専門課程入学者のうち大学等卒業者数（再掲）（都道府県別）,201401-201412,2023-10-25,文部科学省,学校基本調査 大学 都道府県
2,0003142848,213 専門課程入学者のうち大学等卒業者数（再掲）（都道府県別）,201501-201512,2023-10-25,文部科学省,学校基本調査 大学 都道府県
2,0003185684,241 専門課程入学者のうち大学等卒業者数（再掲）（都道府県別）,201601-201612,2023-10-25,文部科学省,学校基本調査 大学 都道府県
2,0003016961,247 前期課程の都道府県別高等学校等への進学者数 国立・公立・私立,0,2023-10-25,文部科学省,学校基本調査 高等専門学校 都道府県
2,0003066178,前期課程の高等学校等への入学志願者数（設置者別）,0,2023-10-25,文部科学省,学校基本調査 高等専門学校 都道府県
2,0003107069,249 前期課程の高等学校等への入学志願者数（設置者別）,201401-201412,2023-10-25,文部科学省,学校基本調査 高等専門学校 都道府県
2,0003142985,267 前期課程の高等学校等への入学志願者数（設置者別）,201501-201512,2023-10-25,文部科学省,学校基本調査 高等専門学校 都道府県
2,0003190722,295 前期課程の高等学校等への入学志願者数（設置者別）,201601-201612,2023-10-25,文部科学省,学校基本調査 高等専門学校 都道府県
2,0003047642,266 後期課程の都道府県別大学・短期大学等への進学者数（都道府県別）,200701-200712,2023-10-25,文部科学省,学校基本調査 大学 都道府県
2,0003010735,8 都道府県別　学部学生数 都道府県別,0,2023-10-25,文部科学省,学校基本調査 都道府県 学生数
2,0003066187,後期課程の都道府県別大学・短期大学等への進学者数（都道府県別）,0,2023-10-25,文部科学省,学校基本調査 大学 都道府県
2,0003066281,都道府県別　学部学生数（都道府県別）,0,2023-10-25,文部科学省,学校基本調査 都道府県 学生数
2,0003105985,255 後期課程の都道府県別大学・短期大学等への進学者数（都道府県別）,201401-201412,2023-10-25,文部科学省,学校基本調査 大学 都道府県
2,0003105964,8 都道府県別　学部学生数（都道府県別）,201401-201412,2023-10-25,文部科学省,学校基本調査 都道府県 学生数
2,0003143011,273 後期課程の都道府県別大学・短期大学等への進学者数（都道府県別）,201501-201512,2023-10-25,文部科学省,学校基本調査 大学 都道府県
2,0003143136,8 都道府県別　学部学生数（都道府県別）,201501-201512,2023-10-25,文部科学省,学校基本調査 都道府県 学生数
2,0003190781,301 後期課程の都道府県別大学・短期大学等への進学者数（都道府県別）,201601-201612,2023-10-25,文部科学省,学校基本調査 大学 都道府県
2,0003191642,8 都道府県別　学部学生数（都道府県別）,201601-201612,2023-10-25,文部科学省,学校基本調査 都道府県 学生数
2,0003047647,269 後期課程の卒業年次別大学（学部）・短期大学（本科）への入学志願者数（都道府県別）,200701-200712,2023-10-25,文部科学省,学校基本調査 大学 都道府県
2,0003042900,228 都道府県別（計国公私）　大学・短期大学等への進学者数,0,2023-10-25,文部科学省,学校基本調査 大学 都道府県
2,0003042626,230 都道府県別（計国公私）　大学・短期大学等への進学者数,0,2023-10-25,文部科学省,学校基本調査 大学 都道府県
2,0003042427,217 都道府県別　学科別　大学（学部）・短期大学（本科）等への入学志願者数,0,2023-10-25,文部科学省,学校基本調査 大学 都道府県
2,0003042429,230 都道府県別（計国公私）　大学・短期大学等への進学者数,0,2023-10-25,文部科学省,学校基本調査 大学 都道府県
2,0003083972,217 都道府県別　学科別　大学（学部）・短期大学（本科）等への入学志願者数,0,2023-10-25,文部科学省,学校基本調査 大学 都道府県
2,0003083965,230 都道府県別　（計国公私）　大学・短期大学等への進学者数,0,2023-10-25,文部科学省,学校基本調査 大学 都道府県
2,0003095560,236 都道府県別　（計国公私）　大学・短期大学等への進学者数,0,2023-10-25,文部科学省,学校基本調査 大学 都道府県
2,0003113589,217 都道府県別　学科別　大学（学部）・短期大学（本科）等への入学志願者数,201401-201412,2023-10-25,文部科学省,学校基本調査 大学 都道府県
2,0003113558,236 都道府県別　（計国公私）　大学・短期大学等への進学者数,201401-201412,2023-10-25,文部科学省,学校基本調査 大学 都道府県
2,0003145382,238 都道府県別　学科別　大学（学部）・短期大学（本科）等への入学志願者数,201501-201512,2023-10-25,文部科学省,学校基本調査 大学 都道府県
2,0003145391,257 都道府県別　（計国公私）　大学・短期大学等への進学者数,201501-201512,2023-10-25,文部科学省,学校基本調査 大学 都道府県
2,0003211466,276 都道府県別　学科別　大学（学部）・短期大学（本科）等への入学志願者数,201601-201612,2023-10-25,文部科学省,学校基本調査 大学 都道府県
2,0003050774,41 都道府県別　本科学生数（都道府県別）,200701-200712,2023-10-25,文部科学省,学校基本調査 都道府県 学生数
2,0003012013,41 都道府県別　本科学生数 都道府県別,0,2023-10-25,文部科学省,学校基本調査 都道府県 学生数
2,0003074033,都道府県別　本科学生数（都道府県別）,0,2023-10-25,文部科学省,学校基本調査 都道府県 学生数
2,0003106556,38 都道府県別　本科学生数（都道府県別）,201401-201412,2023-10-25,文部科学省,学校基本調査 都道府県 学生数
2,0003143381,37 都道府県別　本科学生数（都道府県別）,201501-201512,2023-10-25,文部科学省,学校基本調査 都道府県 学生数
2,0003194742,37 都道府県別　本科学生数（都道府県別）,201601-201612,2023-10-25,文部科学省,学校基本調査 都道府県 学生数
2,0003050775,41 都道府県別　本科学生数（政令指定都市別）,200701-200712,2023-10-25,文部科学省,学校基本調査 都道府県 学生数
2,0003015731,229 都道府県別大学・短期大学等への進学者数 国立・公立・私立,0,2023-10-25,文部科学省,学校基本調査 大学 都道府県
2,0003015733,254 後期課程の都道府県別大学・短期大学等への進学者数 国立・公立・私立,0,2023-10-25,文部科学省,学校基本調査 大学 都道府県
2,0003010736,8 都道府県別　学部学生数 政令指定都市別（再掲）,0,2023-10-25,文部科学省,学校基本調査 都道府県 学生数
2,0003012014,41 都道府県別　本科学生数 政令指定都市別（再掲）,0,2023-10-25,文部科学省,学校基本調査 都道府県 学生数
2,0003066189,後期課程の大学（学部）・短期大学（本科）への入学志願者数（設置者別）,0,2023-10-25,文部科学省,学校基本調査 大学 都道府県
2,0003066191,後期課程の卒業年次別大学（学部）・短期大学（本科）への入学志願者数（設置者別）,0,2023-10-25,文部科学省,学校基本調査 大学 都道府県
2,0003066049,大学（学部）・短期大学（本科）への入学志願者数（設置者別）,0,2023-10-25,文部科学省,学校基本調査 大学 都道府県
2,0003066051,卒業年次別　大学（学部）・短期大学（本科）への入学志願者数（設置者別）,0,2023-10-25,文部科学省,学校基本調査 大学 都道府県
2,0003066275,学生数別　学校数,0,2023-10-25,文部科学省,学校基本調査 都道府県 学生数
2,0003066282,都道府県別　学部学生数（政令指定都市別）,0,2023-10-25,文部科学省,学校基本調査 都道府県 学生数
2,0003066301,研究科別　大学院学生数（修士課程・博士課程・専門職学位課程）（平成23年度）,0,2023-10-25,文部科学省,学校基本調査 都道府県 学生数
2,0003066302,研究科別　大学院学生数（専門職学位課程法科大学院）（再掲）（平成23年度）,0,2023-10-25,文部科学省,学校基本調査 都道府県 学生数
2,0003066322,研究科別　大学院学生数（専門職学位課程教職大学院）（再掲）（平成23年度）,0,2023-10-25,文部科学省,学校基本調査 都道府県 学生数
2,0003073923,専攻分野別　出身大学の設置者別　大学院入学状況,0,2023-10-25,文部科学省,学校基本調査 大学 都道府県
2,0003073941,関係学科別　外国人学生数（大学）（平成23年度～平成24年度）,0,2023-10-25,文部科学省,学校基本調査 都道府県 学生数
2,0003078303,学部別　最低在学年限超過学生数（設置者別）（修業年限5年）,0,2023-10-25,文部科学省,学校基本調査 都道府県 学生数
2,0003078356,学部別　最低在学年限超過学生数（設置者別）（修業年限4年）,0,2023-10-25,文部科学省,学校基本調査 都道府県 学生数
2,0003078357,学部別　最低在学年限超過学生数（設置者別）（修業年限6年）,0,2023-10-25,文部科学省,学校基本調査 都道府県 学生数
2,0003091130,関係学科別　外国人学生数（大学）（平成25年度～）,0,2023-10-25,文部科学省,学校基本調査 都道府県 学生数
2,0003100875,研究科別　最低在学年限超過学生数（設置者別）（修士課程）,0,2023-10-25,文部科学省,学校基本調査 都道府県 学生数
2,0003100876,研究科別　最低在学年限超過学生数（設置者別）（博士課程-修業年限3年）,0,2023-10-25,文部科学省,学校基本調査 都道府県 学生数
2,0003100877,研究科別　最低在学年限超過学生数（設置者別）（博士課程-修業年限5年）,0,2023-10-25,文部科学省,学校基本調査 都道府県 学生数
2,0003100891,研究科別　最低在学年限超過学生数（設置者別）（博士課程-修業年限4年）,0,2023-10-25,文部科学省,学校基本調査 都道府県 学生数
2,0003100892,研究科別　最低在学年限超過学生数（設置者別）（専門職学位課程）,0,2023-10-25,文部科学省,学校基本調査 都道府県 学生数
2,0003073987,都道府県別　本科学生数（政令指定都市別）（再掲）,0,2023-10-25,文部科学省,学校基本調査 都道府県 学生数
2,0003074032,学生数別　学校数,0,2023-10-25,文部科学省,学校基本調査 都道府県 学生数
2,0003074174,大学卒業者のうち左記以外の者の数（設置者別）,0,2023-10-25,文部科学省,学校基本調査 大学 都道府県
2,0003074126,大学院博士課程修了者のうち専攻分野別　ポストドクター等の数（設置者別）,0,2023-10-25,文部科学省,学校基本調査 大学 都道府県
2,0003074218,短期大学卒業者のうち左記以外の者の数（設置者別）,0,2023-10-25,文部科学省,学校基本調査 大学 都道府県
2,0003078905,4 研究科別　大学院学生数（専門職学位課程法科大学院）（再掲）（平成24年度）,0,2023-10-25,文部科学省,学校基本調査 都道府県 学生数
2,0003078924,4 研究科別　大学院学生数（専門職学位課程教職大学院）（再掲）（平成24年度）,0,2023-10-25,文部科学省,学校基本調査 都道府県 学生数
2,0003078957,4 研究科別　大学院学生数（平成24年度）,0,2023-10-25,文部科学省,学校基本調査 都道府県 学生数
2,0003097049,4 研究科別　大学院学生数（平成24年度）,0,2023-10-25,文部科学省,学校基本調査 都道府県 学生数
2,0003097083,4 研究科別　大学院学生数（専門職学位課程法科大学院）（再掲）（平成24年度）,0,2023-10-25,文部科学省,学校基本調査 都道府県 学生数
2,0003097104,4 研究科別　大学院学生数（専門職学位課程教職大学院）（再掲）（平成24年度）,0,2023-10-25,文部科学省,学校基本調査 都道府県 学生数
2,0003105734,232 大学（学部）・短期大学（本科）への入学志願者数（設置者別）,201401-201412,2023-10-25,文部科学省,学校基本調査 大学 都道府県
2,0003105759,233 卒業年次別　大学（学部）・短期大学（本科）への入学志願者数（設置者別）,201401-201412,2023-10-25,文部科学省,学校基本調査 大学 都道府県
2,0003105935,257 後期課程の大学（学部）・短期大学（本科）への入学志願者数（設置者別）,201401-201412,2023-10-25,文部科学省,学校基本調査 大学 都道府県
2,0003105948,258 後期課程の卒業年次別大学（学部）・短期大学（本科）への入学志願者数（設置者別）,201401-201412,2023-10-25,文部科学省,学校基本調査 大学 都道府県
2,0003106049,11 学部別　最低在学年限超過学生数（設置者別）（修業年限6年）,201401-201412,2023-10-25,文部科学省,学校基本調査 都道府県 学生数
2,0003106066,11 学部別　最低在学年限超過学生数（設置者別）（修業年限4年）,201401-201412,2023-10-25,文部科学省,学校基本調査 都道府県 学生数
2,0003106067,11 学部別　最低在学年限超過学生数（設置者別）（修業年限5年）,201401-201412,2023-10-25,文部科学省,学校基本調査 都道府県 学生数
2,0003106390,20 専攻分野別　出身大学の設置者別　大学院入学状況,201404-201503,2023-10-25,文部科学省,学校基本調査 大学 都道府県
2,0003106355,22 関係学科別　外国人学生数（大学）（平成25年度～）,201401-201412,2023-10-25,文部科学省,学校基本調査 都道府県 学生数
2,0003106010,3 学生数別　学校数,201401-201412,2023-10-25,文部科学省,学校基本調査 都道府県 学生数
2,0003106011,8 都道府県別　学部学生数（政令指定都市別）,201401-201412,2023-10-25,文部科学省,学校基本調査 都道府県 学生数
2,0003106542,35 学生数別　学校数,201401-201412,2023-10-25,文部科学省,学校基本調査 都道府県 学生数
2,0003106585,38 都道府県別　本科学生数（政令指定都市別）（再掲）,201401-201412,2023-10-25,文部科学省,学校基本調査 都道府県 学生数
2,0003106836,79 大学卒業者のうち左記以外の者の数（設置者別）,201401-201412,2023-10-25,文部科学省,学校基本調査 大学 都道府県
2,0003106893,88 大学院博士課程修了者のうち専攻分野別　ポストドクター等の数（設置者別）,201401-201412,2023-10-25,文部科学省,学校基本調査 大学 都道府県
2,0003106936,101 短期大学卒業者のうち左記以外の者の数（設置者別）,201401-201412,2023-10-25,文部科学省,学校基本調査 大学 都道府県
2,0003121605,4 研究科別　大学院学生数（平成26年度）,201401-201412,2023-10-25,文部科学省,学校基本調査 都道府県 学生数
2,0003121650,4 研究科別　大学院学生数（専門職学位課程教職大学院）（再掲）（平成26年度）,201401-201412,2023-10-25,文部科学省,学校基本調査 都道府県 学生数
2,0003121690,4 研究科別　大学院学生数（専門職学位課程法科大学院）（再掲）（平成26年度）,201401-201412,2023-10-25,文部科学省,学校基本調査 都道府県 学生数
2,0003142994,250 大学（学部）・短期大学（本科）への入学志願者数（設置者別）,201501-201512,2023-10-25,文部科学省,学校基本調査 大学 都道府県
2,0003142976,251 卒業年次別　大学（学部）・短期大学（本科）への入学志願者数（設置者別）,201501-201512,2023-10-25,文部科学省,学校基本調査 大学 都道府県
2,0003142990,275 後期課程の大学（学部）・短期大学（本科）への入学志願者数（設置者別）,201501-201512,2023-10-25,文部科学省,学校基本調査 大学 都道府県
2,0003142991,276 後期課程の卒業年次別大学（学部）・短期大学（本科）への入学志願者数（設置者別）,201501-201512,2023-10-25,文部科学省,学校基本調査 大学 都道府県
2,0003143032,11 学部別　最低在学年限超過学生数（設置者別）（修業年限6年）,201501-201512,2023-10-25,文部科学省,学校基本調査 都道府県 学生数
2,0003143121,11 学部別　最低在学年限超過学生数（設置者別）（修業年限4年）,201501-201512,2023-10-25,文部科学省,学校基本調査 都道府県 学生数
2,0003143215,19 専攻分野別　出身大学の設置者別　大学院入学状況,201504-201603,2023-10-25,文部科学省,学校基本調査 大学 都道府県
2,0003143256,21 関係学科別　外国人学生数（大学）（平成25年度～）,201501-201512,2023-10-25,文部科学省,学校基本調査 都道府県 学生数
2,0003143117,3 学生数別　学校数,201501-201512,2023-10-25,文部科学省,学校基本調査 都道府県 学生数
2,0003143091,8 都道府県別　学部学生数（政令指定都市別）,201501-201512,2023-10-25,文部科学省,学校基本調査 都道府県 学生数
2,0003143424,34 学生数別　学校数,201501-201512,2023-10-25,文部科学省,学校基本調査 都道府県 学生数
2,0003143403,37 都道府県別　本科学生数（政令指定都市別）（再掲）,201501-201512,2023-10-25,文部科学省,学校基本調査 都道府県 学生数
2,0003143768,77 大学卒業者のうち左記以外の者の数（設置者別）,201501-201512,2023-10-25,文部科学省,学校基本調査 大学 都道府県
2,0003143849,86 大学院博士課程修了者のうち専攻分野別　ポストドクター等の数（設置者別）,201501-201512,2023-10-25,文部科学省,学校基本調査 大学 都道府県
2,0003143899,99 短期大学卒業者のうち左記以外の者の数（設置者別）,201501-201512,2023-10-25,文部科学省,学校基本調査 大学 都道府県
2,0003145503,4 研究科別　大学院学生数（専門職学位課程教職大学院）（再掲）（平成27年度）,201501-201512,2023-10-25,文部科学省,学校基本調査 都道府県 学生数
2,0003145541,4 研究科別　大学院学生数（専門職学位課程法科大学院）（再掲）（平成27年度）,201501-201512,2023-10-25,文部科学省,学校基本調査 都道府県 学生数
2,0003145560,4 研究科別　大学院学生数（平成27年度）,201501-201512,2023-10-25,文部科学省,学校基本調査 都道府県 学生数
2,0003190200,278 大学（学部）・短期大学（本科）への入学志願者数（設置者別）,201601-201612,2023-10-25,文部科学省,学校基本調査 大学 都道府県
2,0003190580,279 卒業年次別　大学（学部）・短期大学（本科）への入学志願者数（設置者別）,201601-201612,2023-10-25,文部科学省,学校基本調査 大学 都道府県
2,0003190801,303 後期課程の大学（学部）・短期大学（本科）への入学志願者数（設置者別）,201601-201612,2023-10-25,文部科学省,学校基本調査 大学 都道府県
2,0003190802,304 後期課程の卒業年次別大学（学部）・短期大学（本科）への入学志願者数（設置者別）,201601-201612,2023-10-25,文部科学省,学校基本調査 大学 都道府県
2,0003193040,11 学部別　最低在学年限超過学生数（設置者別）（修業年限4年）,201601-201612,2023-10-25,文部科学省,学校基本調査 都道府県 学生数
2,0003193041,11 学部別　最低在学年限超過学生数（設置者別）（修業年限6年）,201601-201612,2023-10-25,文部科学省,学校基本調査 都道府県 学生数
2,0003193060,11 学部別　最低在学年限超過学生数（設置者別）（修業年限5年）,201601-201612,2023-10-25,文部科学省,学校基本調査 都道府県 学生数
2,0003194081,19 専攻分野別　出身大学の設置者別　大学院入学状況,201601-201612,2023-10-25,文部科学省,学校基本調査 大学 都道府県
2,0003194121,21 関係学科別　外国人学生数（大学）（平成25年度～）,201601-201612,2023-10-25,文部科学省,学校基本調査 都道府県 学生数
2,0003191601,3 学生数別　学校数,201601-201612,2023-10-25,文部科学省,学校基本調査 都道府県 学生数
2,0003191562,8 都道府県別　学部学生数（政令指定都市別）,201601-201612,2023-10-25,文部科学省,学校基本調査 都道府県 学生数
2,0003194720,34 学生数別　学校数,201601-201612,2023-10-25,文部科学省,学校基本調査 都道府県 学生数
2,0003194743,37 都道府県別　本科学生数（政令指定都市別）（再掲）,201601-201612,2023-10-25,文部科学省,学校基本調査 都道府県 学生数
2,0003198481,77 大学卒業者のうち左記以外の者の数（設置者別）,201601-201612,2023-10-25,文部科学省,学校基本調査 大学 都道府県
2,0003198322,86 大学院博士課程修了者のうち専攻分野別　ポストドクター等の数（設置者別）,201601-201612,2023-10-25,文部科学省,学校基本調査 大学 都道府県
2,0003198946,99 短期大学卒業者のうち左記以外の者の数（設置者別）,201601-201612,2023-10-25,文部科学省,学校基本調査 大学 都道府県
2,0003065696,前期課程の都道府県別学級数別学校数（うち公立　都道府県別）,0,2023-10-25,文部科学省,学校基本調査 都道府県 学校数
2,0003104789,119 前期課程の都道府県別学級数別学校数（うち公立　都道府県別）,201401-201412,2023-10-25,文部科学省,学校基本調査 都道府県 学校数
2,0003142614,137 前期課程の都道府県別学級数別学校数（うち公立　都道府県別）,201501-201512,2023-10-25,文部科学省,学校基本調査 都道府県 学校数
2,0003182745,166 前期課程の都道府県別学級数別学校数（うち公立　都道府県別）,201601-201612,2023-10-25,文部科学省,学校基本調査 都道府県 学校数
2,0003066354,都道府県別　学校数,0,2023-10-25,文部科学省,学校基本調査 都道府県 学校数
2,0003066074,都道府県別　学校数,0,2023-10-25,文部科学省,学校基本調査 都道府県 学校数
2,0003105300,177 都道府県別　学校数,201401-201412,2023-10-25,文部科学省,学校基本調査 都道府県 学校数
2,0003105556,199 都道府県別　学校数,201401-201412,2023-10-25,文部科学省,学校基本調査 都道府県 学校数
2,0003142827,195 都道府県別　学校数,201501-201512,2023-10-25,文部科学省,学校基本調査 都道府県 学校数
2,0003142860,217 都道府県別　学校数,201501-201512,2023-10-25,文部科学省,学校基本調査 都道府県 学校数
2,0003185086,223 都道府県別　学校数,201601-201612,2023-10-25,文部科学省,学校基本調査 都道府県 学校数
2,0003185860,245 都道府県別　学校数,201601-201612,2023-10-25,文部科学省,学校基本調査 都道府県 学校数
2,0003046723,107 後期課程の全日制のうち単位制による課程及び定時制の修業年限別学校数及び生徒数（全日制）,200704-200803,2023-10-25,文部科学省,学校基本調査 都道府県 生徒数
2,0003046724,107 後期課程の全日制のうち単位制による課程及び定時制の修業年限別学校数及び生徒数（定時制）,200704-200803,2023-10-25,文部科学省,学校基本調査 都道府県 生徒数
2,0003060229,134 児童・生徒数別　学校数,200604-200703,2023-10-25,文部科学省,学校基本調査 都道府県 生徒数
2,0003060754,154 児童・生徒数別　学校数,200604-200703,2023-10-25,文部科学省,学校基本調査 都道府県 生徒数
2,0003060796,174 児童・生徒数別　学校数,200604-200703,2023-10-25,文部科学省,学校基本調査 都道府県 生徒数
2,0003061005,214 生徒数別　学校数,200604-200703,2023-10-25,文部科学省,学校基本調査 都道府県 生徒数
2,0003060195,89 学校数・学科数（本科）（設置者別）,200604-200703,2023-10-25,文部科学省,学校基本調査 都道府県 学校数
2,0003017021,118 前期課程の都道府県別学級数別学校数 国立・公立・私立,0,2023-10-25,文部科学省,学校基本調査 都道府県 学校数
2,0003013861,126 後期課程の全日制のうち単位制による課程及び定時制の修業年限別の学校数及び生徒数 修業年限3年 学校数,0,2023-10-25,文部科学省,学校基本調査 都道府県 生徒数
2,0003013862,126 後期課程の全日制のうち単位制による課程及び定時制の修業年限別の学校数及び生徒数 修業年限3年 生徒数,0,2023-10-25,文部科学省,学校基本調査 都道府県 生徒数
2,0003013863,126 後期課程の全日制のうち単位制による課程及び定時制の修業年限別の学校数及び生徒数 修業年限4年 学校数,0,2023-10-25,文部科学省,学校基本調査 都道府県 生徒数
2,0003013864,126 後期課程の全日制のうち単位制による課程及び定時制の修業年限別の学校数及び生徒数 修業年限4年 生徒数,0,2023-10-25,文部科学省,学校基本調査 都道府県 生徒数
2,0003071497,学校数・学科数（本科）（設置者別）,0,2023-10-25,文部科学省,学校基本調査 都道府県 学校数
2,0003065705,後期課程の全日制のうち単位制による課程及び定時制の修業年限別の学校数及び生徒数,0,2023-10-25,文部科学省,学校基本調査 都道府県 生徒数
2,0003066076,生徒数別　学校数,0,2023-10-25,文部科学省,学校基本調査 都道府県 生徒数
2,0003065758,児童・生徒数別　学校数,0,2023-10-25,文部科学省,学校基本調査 都道府県 生徒数
2,0003104464,109 学校数・学科数（本科）（設置者別）,201401-201412,2023-10-25,文部科学省,学校基本調査 都道府県 学校数
2,0003104744,127 後期課程の全日制のうち単位制による課程及び定時制の修業年限別の学校数及び生徒数,201401-201412,2023-10-25,文部科学省,学校基本調査 都道府県 生徒数
2,0003105214,156 児童・生徒数別　学校数,201401-201412,2023-10-25,文部科学省,学校基本調査 都道府県 生徒数
2,0003105335,179 生徒数別　学校数,201401-201412,2023-10-25,文部科学省,学校基本調査 都道府県 生徒数
2,0003142570,127 学校数・学科数（本科）（設置者別）,201501-201512,2023-10-25,文部科学省,学校基本調査 都道府県 学校数
2,0003142658,145 後期課程の全日制のうち単位制による課程及び定時制の修業年限別の学校数及び生徒数,201501-201512,2023-10-25,文部科学省,学校基本調査 都道府県 生徒数
2,0003142685,174 児童・生徒数別　学校数,201501-201512,2023-10-25,文部科学省,学校基本調査 都道府県 生徒数
2,0003142844,197 生徒数別　学校数,201501-201512,2023-10-25,文部科学省,学校基本調査 都道府県 生徒数
2,0003187040,156 学校数・学科数（本科）（設置者別）,201601-201612,2023-10-25,文部科学省,学校基本調査 都道府県 学校数
2,0003182840,174 後期課程の全日制のうち単位制による課程及び定時制の修業年限別の学校数及び生徒数,201601-201612,2023-10-25,文部科学省,学校基本調査 都道府県 生徒数
2,0003183780,202 児童・生徒数別　学校数,201601-201612,2023-10-25,文部科学省,学校基本調査 都道府県 生徒数
2,0003185206,225 生徒数別　学校数,201601-201612,2023-10-25,文部科学省,学校基本調査 都道府県 生徒数
2,0003045776,4 高等学校　市町村別　学校数,0,2023-10-25,文部科学省,学校基本調査 都道府県 学校数
2,0003084636,4 市町村別集計　学校調査（高等学校） 学校数,201204-201303,2023-10-25,文部科学省,学校基本調査 都道府県 学校数
2,0003078008,4 市町村別集計　学校調査（高等学校） 学校数,201004-201103,2023-10-25,文部科学省,学校基本調査 都道府県 学校数
2,0003097947,4 市町村別集計　学校調査（高等学校） 学校数,201304-201403,2023-10-25,文部科学省,学校基本調査 都道府県 学校数
2,0003124320,4 市町村別集計　学校調査（高等学校） 学校数,201404-201503,2023-10-25,文部科学省,学校基本調査 都道府県 学校数
2,0003146282,5 市町村別集計　学校調査（高等学校） 学校数,201504-201603,2023-10-25,文部科学省,学校基本調査 都道府県 学校数
2,0003175380,107 帰国児童生徒数（都道府県別）（前年度間）,201601-201612,2023-10-25,文部科学省,学校基本調査 都道府県 生徒数
2,0003175360,107 帰国児童生徒数（設置者別）（前年度間）,201601-201612,2023-10-25,文部科学省,学校基本調査 都道府県 生徒数
2,0003105429,185 都道府県別　生徒数（平成25年度～）,201401-201412,2023-10-25,文部科学省,学校基本調査 都道府県 生徒数
2,0003043275,136 都道府県別　後期課程の学年別生徒数（全日制）,201004-201103,2023-10-25,文部科学省,学校基本調査 都道府県 生徒数
2,0003043276,136 都道府県別　後期課程の学年別生徒数（定時制）,201004-201103,2023-10-25,文部科学省,学校基本調査 都道府県 生徒数
2,0003043011,137 都道府県別　後期課程の学科別学年別生徒数（全日制）,201004-201103,2023-10-25,文部科学省,学校基本調査 都道府県 生徒数
2,0003043012,137 都道府県別　後期課程の学科別学年別生徒数（定時制）,201004-201103,2023-10-25,文部科学省,学校基本調査 都道府県 生徒数
2,0003065719,前期課程の学級編制方式別生徒数（うち公立　都道府県別）,0,2023-10-25,文部科学省,学校基本調査 都道府県 生徒数
2,0003066357,都道府県別　生徒数,0,2023-10-25,文部科学省,学校基本調査 都道府県 生徒数
2,0003066083,都道府県別　生徒数（平成23年度～平成24年度）,0,2023-10-25,文部科学省,学校基本調査 都道府県 生徒数
2,0003090399,都道府県別　生徒数（平成25年度～）,0,2023-10-25,文部科学省,学校基本調査 都道府県 生徒数
2,0003083788,136 都道府県別　後期課程の学年別生徒数（定時制）,0,2023-10-25,文部科学省,学校基本調査 都道府県 生徒数
2,0003083844,136 都道府県別　後期課程の学年別生徒数（全日制）,0,2023-10-25,文部科学省,学校基本調査 都道府県 生徒数
2,0003083808,137 都道府県別　後期課程の学科別学年別生徒数（全日制）,0,2023-10-25,文部科学省,学校基本調査 都道府県 生徒数
2,0003083826,137 都道府県別　後期課程の学科別学年別生徒数（定時制）,0,2023-10-25,文部科学省,学校基本調査 都道府県 生徒数
2,0003095522,137 都道府県別　後期課程の学科別学年別生徒数（全日制）,201301-201312,2023-10-25,文部科学省,学校基本調査 都道府県 生徒数
2,0003112978,136 都道府県別　後期課程の学年別生徒数（全日制）,201401-201412,2023-10-25,文部科学省,学校基本調査 都道府県 生徒数
2,0003112993,136 都道府県別　後期課程の学年別生徒数（定時制）,201401-201412,2023-10-25,文部科学省,学校基本調査 都道府県 生徒数
2,0003113085,137 都道府県別　後期課程の学科別学年別生徒数（全日制）,201401-201412,2023-10-25,文部科学省,学校基本調査 都道府県 生徒数
2,0003105039,135 前期課程の学級編制方式別生徒数（うち公立　都道府県別）,201401-201412,2023-10-25,文部科学省,学校基本調査 都道府県 生徒数
2,0003105591,202 都道府県別　生徒数,201401-201412,2023-10-25,文部科学省,学校基本調査 都道府県 生徒数
2,0003142620,153 前期課程の学級編制方式別生徒数（うち公立　都道府県別）,201501-201512,2023-10-25,文部科学省,学校基本調査 都道府県 生徒数
2,0003142807,203 都道府県別　生徒数（平成25年度～）,201501-201512,2023-10-25,文部科学省,学校基本調査 都道府県 生徒数
2,0003142894,220 都道府県別　生徒数,201501-201512,2023-10-25,文部科学省,学校基本調査 都道府県 生徒数
2,0003144843,157 都道府県別　後期課程の学年別生徒数（全日制）,201501-201512,2023-10-25,文部科学省,学校基本調査 都道府県 生徒数
2,0003144844,157 都道府県別　後期課程の学年別生徒数（定時制）,201501-201512,2023-10-25,文部科学省,学校基本調査 都道府県 生徒数
2,0003144791,158 都道府県別　後期課程の学科別学年別生徒数（全日制）,201501-201512,2023-10-25,文部科学省,学校基本調査 都道府県 生徒数
2,0003175233,103 学級編制方式別　児童生徒数（うち公立　都道府県別）,201601-201612,2023-10-25,文部科学省,学校基本調査 都道府県 生徒数
2,0003175321,104 学年別　特別支援学級児童生徒数（都道府県別）,201601-201612,2023-10-25,文部科学省,学校基本調査 都道府県 生徒数
2,0003183262,182 前期課程の学級編制方式別生徒数（うち公立　都道府県別）,201601-201612,2023-10-25,文部科学省,学校基本調査 都道府県 生徒数
2,0003185461,231 都道府県別　生徒数（平成25年度～）,201601-201612,2023-10-25,文部科学省,学校基本調査 都道府県 生徒数
2,0003186090,248 都道府県別　生徒数,201601-201612,2023-10-25,文部科学省,学校基本調査 都道府県 生徒数
2,0003209180,128 都道府県別　学級編制方式別　児童生徒数,201601-201612,2023-10-25,文部科学省,学校基本調査 都道府県 生徒数
2,0003209181,130 都道府県別　学年別　特別支援学級児童生徒数,201601-201612,2023-10-25,文部科学省,学校基本調査 都道府県 生徒数
2,0003209240,132 都道府県別　種類別　特別支援学級児童生徒数,201601-201612,2023-10-25,文部科学省,学校基本調査 都道府県 生徒数
2,0003209241,134 都道府県別　外国人児童生徒数,201601-201612,2023-10-25,文部科学省,学校基本調査 都道府県 生徒数
2,0003209280,135 都道府県別帰国児童生徒数,201601-201612,2023-10-25,文部科学省,学校基本調査 都道府県 生徒数
2,0003210500,193 都道府県別　前期課程の学年別　特別支援学級生徒数,201601-201612,2023-10-25,文部科学省,学校基本調査 都道府県 生徒数
2,0003210461,195 都道府県別　後期課程の学年別生徒数（定時制）,201601-201612,2023-10-25,文部科学省,学校基本調査 都道府県 生徒数
2,0003210480,195 都道府県別　後期課程の学年別生徒数（全日制）,201601-201612,2023-10-25,文部科学省,学校基本調査 都道府県 生徒数
2,0003210442,196 都道府県別　後期課程の学科別学年別生徒数（定時制）,201601-201612,2023-10-25,文部科学省,学校基本調査 都道府県 生徒数
2,0003210462,196 都道府県別　後期課程の学科別学年別生徒数（全日制）,201601-201612,2023-10-25,文部科学省,学校基本調査 都道府県 生徒数
2,0003060060,67 学年別　生徒数（設置者別）,200604-200703,2023-10-25,文部科学省,学校基本調査 都道府県 生徒数
2,0003060062,68 学科別　学年別　生徒数（本科）（設置者別）,200604-200703,2023-10-25,文部科学省,学校基本調査 都道府県 生徒数
2,0003061482,113 前期課程の学級編制方式別生徒数（設置者別）,200604-200703,2023-10-25,文部科学省,学校基本調査 都道府県 生徒数
2,0003061487,117 後期課程の学年別生徒数（設置者別）,200604-200703,2023-10-25,文部科学省,学校基本調査 都道府県 生徒数
2,0003061489,118 後期課程の学科別学年別生徒数（設置者別）,200604-200703,2023-10-25,文部科学省,学校基本調査 都道府県 生徒数
2,0003061011,221 設置者別　学科別　生徒数,200604-200703,2023-10-25,文部科学省,学校基本調査 都道府県 生徒数
2,0003061453,222 修業年限別　学科別　生徒数（設置者別）,200604-200703,2023-10-25,文部科学省,学校基本調査 都道府県 生徒数
2,0003061018,227 私立の設置者別課程別生徒数,200604-200703,2023-10-25,文部科学省,学校基本調査 都道府県 生徒数
2,0003061039,238 課程別　修業年限別　生徒数（設置者別）,200604-200703,2023-10-25,文部科学省,学校基本調査 都道府県 生徒数
2,0003044370,122 政令指定都市別　都道府県別　生徒数,0,2023-10-25,文部科学省,学校基本調査 都道府県 生徒数
2,0003043274,124 政令指定都市別　都道府県別　生徒数,201004-201103,2023-10-25,文部科学省,学校基本調査 都道府県 生徒数
2,0003065589,学年別　生徒数（設置者別）,0,2023-10-25,文部科学省,学校基本調査 都道府県 生徒数
2,0003065597,帰国生徒数（設置者別）（前年度間）,0,2023-10-25,文部科学省,学校基本調査 都道府県 生徒数
2,0003065681,学科別　学年別　生徒数（本科）（設置者別）,0,2023-10-25,文部科学省,学校基本調査 都道府県 生徒数
2,0003065718,前期課程の学級編制方式別生徒数（設置者別）,0,2023-10-25,文部科学省,学校基本調査 都道府県 生徒数
2,0003065723,後期課程の学年別生徒数（設置者別）,0,2023-10-25,文部科学省,学校基本調査 都道府県 生徒数
2,0003065725,後期課程の学科別学年別生徒数（設置者別）,0,2023-10-25,文部科学省,学校基本調査 都道府県 生徒数
2,0003066358,課程別　修業年限別　生徒数（設置者別）,0,2023-10-25,文部科学省,学校基本調査 都道府県 生徒数
2,0003066084,設置者別　学科別　生徒数（平成23年度～平成24年度）,0,2023-10-25,文部科学省,学校基本調査 都道府県 生徒数
2,0003066085,修業年限別　学科別　生徒数（設置者別）,0,2023-10-25,文部科学省,学校基本調査 都道府県 生徒数
2,0003066092,私立の設置者別課程別生徒数,0,2023-10-25,文部科学省,学校基本調査 都道府県 生徒数
2,0003083786,124 （通信制）政令指定都市別　都道府県別　生徒数,0,2023-10-25,文部科学省,学校基本調査 都道府県 生徒数
2,0003113049,124 （通信制）政令指定都市別　都道府県別　生徒数,201401-201412,2023-10-25,文部科学省,学校基本調査 都道府県 生徒数
2,0003104486,87 学年別　生徒数（設置者別）,201401-201412,2023-10-25,文部科学省,学校基本調査 都道府県 生徒数
2,0003104492,88 学科別　学年別　生徒数（本科）（設置者別）,201401-201412,2023-10-25,文部科学省,学校基本調査 都道府県 生徒数
2,0003104499,93 帰国生徒数（設置者別）（前年度間）,201401-201412,2023-10-25,文部科学省,学校基本調査 都道府県 生徒数
2,0003105023,135 前期課程の学級編制方式別生徒数（設置者別）,201401-201412,2023-10-25,文部科学省,学校基本調査 都道府県 生徒数
2,0003105065,139 後期課程の学年別生徒数（設置者別）,201401-201412,2023-10-25,文部科学省,学校基本調査 都道府県 生徒数
2,0003104983,140 後期課程の学科別学年別生徒数（設置者別）,201401-201412,2023-10-25,文部科学省,学校基本調査 都道府県 生徒数
2,0003105450,187 修業年限別　学科別　生徒数（設置者別）,201401-201412,2023-10-25,文部科学省,学校基本調査 都道府県 生徒数
2,0003105526,192 私立の設置者別課程別生徒数,201401-201412,2023-10-25,文部科学省,学校基本調査 都道府県 生徒数
2,0003105636,203 課程別　修業年限別　生徒数（設置者別）,201401-201412,2023-10-25,文部科学省,学校基本調査 都道府県 生徒数
2,0003142237,105 学年別　生徒数（設置者別）,201501-201512,2023-10-25,文部科学省,学校基本調査 都道府県 生徒数
2,0003142238,106 学科別　学年別　生徒数（本科）（設置者別）,201501-201512,2023-10-25,文部科学省,学校基本調査 都道府県 生徒数
2,0003142354,111 帰国生徒数（設置者別）（前年度間）,201501-201512,2023-10-25,文部科学省,学校基本調査 都道府県 生徒数
2,0003142639,153 前期課程の学級編制方式別生徒数（設置者別）,201501-201512,2023-10-25,文部科学省,学校基本調査 都道府県 生徒数
2,0003142677,157 後期課程の学年別生徒数（設置者別）,201501-201512,2023-10-25,文部科学省,学校基本調査 都道府県 生徒数
2,0003142622,158 後期課程の学科別学年別生徒数（設置者別）,201501-201512,2023-10-25,文部科学省,学校基本調査 都道府県 生徒数
2,0003142853,205 修業年限別　学科別　生徒数（設置者別）,201501-201512,2023-10-25,文部科学省,学校基本調査 都道府県 生徒数
2,0003142810,210 私立の設置者別課程別生徒数,201501-201512,2023-10-25,文部科学省,学校基本調査 都道府県 生徒数
2,0003142895,221 課程別　修業年限別　生徒数（設置者別）,201501-201512,2023-10-25,文部科学省,学校基本調査 都道府県 生徒数
2,0003144840,145 （通信制）政令指定都市別　都道府県別　生徒数,201501-201512,2023-10-25,文部科学省,学校基本調査 都道府県 生徒数
2,0003175232,103 学級編制方式別　児童生徒数（設置者別）,201601-201612,2023-10-25,文部科学省,学校基本調査 都道府県 生徒数
2,0003175320,104 学年別　特別支援学級児童生徒数（設置者別）,201601-201612,2023-10-25,文部科学省,学校基本調査 都道府県 生徒数
2,0003180965,135 学年別　生徒数（設置者別）,201601-201612,2023-10-25,文部科学省,学校基本調査 都道府県 生徒数
2,0003207960,140 帰国生徒数（設置者別）（前年度間）,201601-201612,2023-10-25,文部科学省,学校基本調査 都道府県 生徒数
2,0003183261,182 前期課程の学級編制方式別生徒数（設置者別）,201601-201612,2023-10-25,文部科学省,学校基本調査 都道府県 生徒数
2,0003183300,185 後期課程の学年別生徒数（設置者別）,201601-201612,2023-10-25,文部科学省,学校基本調査 都道府県 生徒数
2,0003183301,186 後期課程の学科別学年別生徒数（設置者別）,201601-201612,2023-10-25,文部科学省,学校基本調査 都道府県 生徒数
2,0003185560,233 修業年限別　学科別　生徒数（設置者別）,201601-201612,2023-10-25,文部科学省,学校基本調査 都道府県 生徒数
2,0003185741,238 私立の設置者別課程別生徒数,201601-201612,2023-10-25,文部科学省,学校基本調査 都道府県 生徒数
2,0003185938,249 課程別　修業年限別　生徒数（設置者別）,201601-201612,2023-10-25,文部科学省,学校基本調査 都道府県 生徒数
2,0003210340,183 （通信制）政令指定都市別　都道府県別　生徒数,201601-201612,2023-10-25,文部科学省,学校基本調査 都道府県 生徒数
1,0003035252,10 都道府県別本務教職員のうち産休代替等教職員の数（再掲）,0,2023-10-25,文部科学省,学校基本調査 高等学校 都道府県
1,0003035196,6 都道府県別職名別教員数（兼務者）,0,2023-10-25,文部科学省,学校基本調査 高等学校 都道府県
1,0003040969,10 都道府県別　本務教職員のうち産休代替等教職員の数（再掲）,201004-201103,2023-10-25,文部科学省,学校基本調査 幼稚園 都道府県
1,0003047081,163 都道府県別　学級数,200704-200803,2023-10-25,文部科学省,学校基本調査 高等学校 都道府県
1,0003047084,166 都道府県別　在園者数及び入園者数,200704-200803,2023-10-25,文部科学省,学校基本調査 高等学校 都道府県
1,0003047085,167 都道府県別　収容定員数,200704-200803,2023-10-25,文部科学省,学校基本調査 高等学校 都道府県
1,0003047086,168 都道府県別　修了者数,200704-200803,2023-10-25,文部科学省,学校基本調査 高等学校 都道府県
1,0003047089,170 職名別　教員数（兼務者）（うち公立　都道府県別）,200704-200803,2023-10-25,文部科学省,学校基本調査 高等学校 都道府県
1,0003047091,171 本務教員のうち理由別休職等教員数（再掲）（うち公立　都道府県別）,200704-200803,2023-10-25,文部科学省,学校基本調査 高等学校 都道府県
1,0003047093,172 本務教職員のうち産休代替等教職員の数（再掲）（うち公立　都道府県別）,200704-200803,2023-10-25,文部科学省,学校基本調査 高等学校 都道府県
1,0003059424,199 都道府県別　学級数,200604-200703,2023-10-25,文部科学省,学校基本調査 高等学校 都道府県
1,0003059427,202 都道府県別　在園者数及び入園者数,200604-200703,2023-10-25,文部科学省,学校基本調査 高等学校 都道府県
1,0003059428,203 都道府県別　収容定員数,200604-200703,2023-10-25,文部科学省,学校基本調査 高等学校 都道府県
1,0003059429,204 都道府県別　修了者数,200604-200703,2023-10-25,文部科学省,学校基本調査 高等学校 都道府県
1,0003060997,206 職名別　教員数（兼務者）（うち公立　都道府県別）,200604-200703,2023-10-25,文部科学省,学校基本調査 高等学校 都道府県
1,0003060999,207 本務教員のうち理由別休職等教員数（再掲）（うち公立　都道府県別）,200604-200703,2023-10-25,文部科学省,学校基本調査 高等学校 都道府県
1,0003061001,208 本務教職員のうち産休代替等教職員の数（再掲）（うち公立　都道府県別）,200604-200703,2023-10-25,文部科学省,学校基本調査 高等学校 都道府県
1,0003061003,209 職員数（本務者）（うち公立　都道府県別）,200604-200703,2023-10-25,文部科学省,学校基本調査 高等学校 都道府県
1,0003017253,10 都道府県別在園者数及び入園者数,0,2023-10-25,文部科学省,学校基本調査 高等学校 都道府県
1,0003010591,11 都道府県別収容定員数,0,2023-10-25,文部科学省,学校基本調査 高等学校 都道府県
1,0003010592,12 都道府県別修了者数,0,2023-10-25,文部科学省,学校基本調査 高等学校 都道府県
1,0003045377,10 都道府県別　本務教職員のうち産休代替等教職員の数（再掲）,200804-200903,2023-10-25,文部科学省,学校基本調査 高等学校 都道府県
1,0003044629,12 都道府県別　職員数（本務者）,0,2023-10-25,文部科学省,学校基本調査 高等学校 都道府県
1,0003043970,6 都道府県別　職名別　教員数（兼務者）,0,2023-10-25,文部科学省,学校基本調査 高等学校 都道府県
1,0003043972,8 都道府県別  本務教員のうち理由別休職等教員数（再掲）,0,2023-10-25,文部科学省,学校基本調査 高等学校 都道府県
1,0003035254,12 都道府県別職員数（本務者）,0,2023-10-25,文部科学省,学校基本調査 高等学校 都道府県
1,0003035213,8 都道府県別本務教員のうち理由別休職等教員数（再掲）,0,2023-10-25,文部科学省,学校基本調査 高等学校 都道府県
1,0003043113,12 都道府県別　職員数（本務者）,201004-201103,2023-10-25,文部科学省,学校基本調査 幼稚園 都道府県
1,0003043192,6 都道府県別　職名別　教員数（兼務者）,201004-201103,2023-10-25,文部科学省,学校基本調査 幼稚園 都道府県
1,0003043194,8 都道府県別  本務教員のうち理由別休職等教員数（再掲）,201004-201103,2023-10-25,文部科学省,学校基本調査 幼稚園 都道府県
1,0003065442,都道府県別　学級数,0,2023-10-25,文部科学省,学校基本調査 幼稚園 都道府県
1,0003065445,都道府県別　在園者数及び入園者数,0,2023-10-25,文部科学省,学校基本調査 幼稚園 都道府県
1,0003065446,都道府県別　収容定員数,0,2023-10-25,文部科学省,学校基本調査 幼稚園 都道府県
1,0003065447,都道府県別　修了者数,0,2023-10-25,文部科学省,学校基本調査 幼稚園 都道府県
1,0003065450,職名別　教員数（兼務者）（うち公立　都道府県別）,0,2023-10-25,文部科学省,学校基本調査 幼稚園 都道府県
1,0003065452,本務教員のうち理由別休職等教員数（再掲）（うち公立　都道府県別）,0,2023-10-25,文部科学省,学校基本調査 幼稚園 都道府県
1,0003065454,本務教職員のうち産休代替等教職員の数（再掲）（うち公立　都道府県別）,0,2023-10-25,文部科学省,学校基本調査 幼稚園 都道府県
1,0003065456,職員数（本務者）（うち公立　都道府県別）,0,2023-10-25,文部科学省,学校基本調査 幼稚園 都道府県
1,0003083402,10 都道府県別　本務教職員のうち産休代替等教職員の数　（再掲）,0,2023-10-25,文部科学省,学校基本調査 幼稚園 都道府県
1,0003077730,12 都道府県別　職員数　（本務者）,0,2023-10-25,文部科学省,学校基本調査 幼稚園 都道府県
1,0003077744,6 都道府県別　職名別　教員数（兼務者）,0,2023-10-25,文部科学省,学校基本調査 幼稚園 都道府県
1,0003077729,8 都道府県別　本務教員のうち理由別休職等教員数（再掲）,0,2023-10-25,文部科学省,学校基本調査 幼稚園 都道府県
1,0003109422,10 都道府県別　本務教職員のうち産休代替等教職員の数　（再掲）,0,2023-10-25,文部科学省,学校基本調査 幼稚園 都道府県
1,0003109465,12 都道府県別　職員数　（本務者）,0,2023-10-25,文部科学省,学校基本調査 幼稚園 都道府県
1,0003109439,6 都道府県別　職名別　教員数（兼務者）,0,2023-10-25,文部科学省,学校基本調査 幼稚園 都道府県
1,0003109364,8 都道府県別　本務教員のうち理由別休職等教員数（再掲）,0,2023-10-25,文部科学省,学校基本調査 幼稚園 都道府県
1,0003103426,11 都道府県別　在園者数及び入園者数,201401-201412,2023-10-25,文部科学省,学校基本調査 幼稚園 都道府県
1,0003103379,12 都道府県別　収容定員数,201401-201412,2023-10-25,文部科学省,学校基本調査 幼稚園 都道府県
1,0003103402,13 都道府県別　修了者数,201401-201412,2023-10-25,文部科学省,学校基本調査 幼稚園 都道府県
1,0003103429,15 職名別　教員数（兼務者）（うち公立　都道府県別）,201401-201412,2023-10-25,文部科学省,学校基本調査 幼稚園 都道府県
1,0003103430,16 本務教員のうち理由別休職等教員数（再掲）（うち公立　都道府県別）,201401-201412,2023-10-25,文部科学省,学校基本調査 幼稚園 都道府県
1,0003103416,17 本務教職員のうち産休代替等教職員の数（再掲）（うち公立　都道府県別）,201401-201412,2023-10-25,文部科学省,学校基本調査 幼稚園 都道府県
1,0003103446,18 職員数（本務者）（うち公立　都道府県別）,201401-201412,2023-10-25,文部科学省,学校基本調査 幼稚園 都道府県
1,0003103398,8 都道府県別　学級数,201401-201412,2023-10-25,文部科学省,学校基本調査 幼稚園 都道府県
1,0003141235,11 都道府県別　在園者数及び入園者数,201501-201512,2023-10-25,文部科学省,学校基本調査 幼稚園 都道府県
1,0003141273,12 都道府県別　収容定員数,201501-201512,2023-10-25,文部科学省,学校基本調査 幼稚園 都道府県
1,0003141236,13 都道府県別　修了者数,201501-201512,2023-10-25,文部科学省,学校基本調査 幼稚園 都道府県
1,0003141313,15 職名別　教員数（兼務者）（うち公立　都道府県別）,201501-201512,2023-10-25,文部科学省,学校基本調査 幼稚園 都道府県
1,0003141314,16 本務教員のうち理由別休職等教員数（再掲）（うち公立　都道府県別）,201501-201512,2023-10-25,文部科学省,学校基本調査 幼稚園 都道府県
1,0003141354,17 本務教職員のうち産休代替等教職員の数（再掲）（うち公立　都道府県別）,201501-201512,2023-10-25,文部科学省,学校基本調査 幼稚園 都道府県
1,0003141334,18 職員数（本務者）（うち公立　都道府県別）,201501-201512,2023-10-25,文部科学省,学校基本調査 幼稚園 都道府県
1,0003141214,8 都道府県別　学級数,201501-201512,2023-10-25,文部科学省,学校基本調査 幼稚園 都道府県
1,0003143958,10 都道府県別　本務教職員のうち産休代替等教職員の数　（再掲）,0,2023-10-25,文部科学省,学校基本調査 幼稚園 都道府県
1,0003144035,12 都道府県別　職員数　（本務者）,0,2023-10-25,文部科学省,学校基本調査 幼稚園 都道府県
1,0003143995,6 都道府県別　職名別　教員数（兼務者）,0,2023-10-25,文部科学省,学校基本調査 幼稚園 都道府県
1,0003144014,8 都道府県別　本務教員のうち理由別休職等教員数（再掲）,0,2023-10-25,文部科学省,学校基本調査 幼稚園 都道府県
1,0003177180,11 都道府県別　在園者数及び入園者数,201601-201612,2023-10-25,文部科学省,学校基本調査 幼稚園 都道府県
1,0003177200,12 都道府県別　収容定員数,201601-201612,2023-10-25,文部科学省,学校基本調査 幼稚園 都道府県
1,0003177360,13 都道府県別　修了者数,201601-201612,2023-10-25,文部科学省,学校基本調査 幼稚園 都道府県
1,0003177380,15 職名別　教員数（兼務者）（うち公立　都道府県別）,201601-201612,2023-10-25,文部科学省,学校基本調査 幼稚園 都道府県
1,0003179390,16 本務教員のうち理由別休職等教員数（再掲）（うち公立　都道府県別）,201601-201612,2023-10-25,文部科学省,学校基本調査 幼稚園 都道府県
1,0003179440,17 本務教職員のうち産休代替等教職員の数（再掲）（うち公立　都道府県別）,201601-201612,2023-10-25,文部科学省,学校基本調査 幼稚園 都道府県
1,0003179443,18 職員数（本務者）（うち公立　都道府県別）,201601-201612,2023-10-25,文部科学省,学校基本調査 幼稚園 都道府県
1,0003177140,8 都道府県別　学級数,201601-201612,2023-10-25,文部科学省,学校基本調査 幼稚園 都道府県
1,0003203163,10 都道府県別　本務教職員のうち産休代替等教職員の数（再掲）,201601-201612,2023-10-25,文部科学省,学校基本調査 幼稚園 都道府県
1,0003203202,12 都道府県別　職員数　（本務者）,201601-201612,2023-10-25,文部科学省,学校基本調査 幼稚園 都道府県
1,0003203140,6 都道府県別　職名別教員数（兼務者）,201601-201612,2023-10-25,文部科学省,学校基本調査 幼稚園 都道府県
1,0003203160,8 都道府県別本務教員のうち理由別休職等教員数（再掲）,201601-201612,2023-10-25,文部科学省,学校基本調査 幼稚園 都道府県
1,0003258641,11 都道府県別　在園者数及び入園者数,201701-201712,2023-10-25,文部科学省,学校基本調査 幼稚園 都道府県
1,0003258661,12 都道府県別　収容定員数,201701-201712,2023-10-25,文部科学省,学校基本調査 幼稚園 都道府県
1,0003258662,13 都道府県別　修了者数,201701-201712,2023-10-25,文部科学省,学校基本調査 幼稚園 都道府県
1,0003260487,15 職名別　教員数（兼務者）（うち公立　都道府県別）,201701-201712,2023-10-25,文部科学省,学校基本調査 幼稚園 都道府県
1,0003260633,16 本務教員のうち理由別休職等教員数（再掲）（うち公立　都道府県別）,201701-201712,2023-10-25,文部科学省,学校基本調査 幼稚園 都道府県
1,0003262626,17 本務教職員のうち産休代替等教職員の数（再掲）（うち公立　都道府県別）,201701-201712,2023-10-25,文部科学省,学校基本調査 幼稚園 都道府県
1,0003258669,18 職員数（本務者）（うち公立　都道府県別）,201701-201712,2023-10-25,文部科学省,学校基本調査 幼稚園 都道府県
1,0003258640,8 都道府県別　学級数,201701-201712,2023-10-25,文部科学省,学校基本調査 幼稚園 都道府県
1,0003060994,200 設置者別　在園者数,200604-200703,2023-10-25,文部科学省,学校基本調査 幼稚園 都道府県
1,0003060995,201 設置者別　入園者数,200604-200703,2023-10-25,文部科学省,学校基本調査 幼稚園 都道府県
1,0003065443,設置者別　在園者数,0,2023-10-25,文部科学省,学校基本調査 幼稚園 都道府県
1,0003065444,設置者別　入園者数,0,2023-10-25,文部科学省,学校基本調査 幼稚園 都道府県
1,0003103413,10 設置者別　入園者数,201401-201412,2023-10-25,文部科学省,学校基本調査 幼稚園 都道府県
1,0003103363,9 設置者別　在園者数,201401-201412,2023-10-25,文部科学省,学校基本調査 幼稚園 都道府県
1,0003141215,10 設置者別　入園者数,201501-201512,2023-10-25,文部科学省,学校基本調査 幼稚園 都道府県
1,0003141254,9 設置者別　在園者数,201501-201512,2023-10-25,文部科学省,学校基本調査 幼稚園 都道府県
1,0003177160,10 設置者別　入園者数,201601-201612,2023-10-25,文部科学省,学校基本調査 幼稚園 都道府県
1,0003177122,9 設置者別　在園者数,201601-201612,2023-10-25,文部科学省,学校基本調査 幼稚園 都道府県
1,0003258432,10 設置者別　入園者数,201701-201712,2023-10-25,文部科学省,学校基本調査 幼稚園 都道府県
1,0003258437,9 設置者別　在園者数,201701-201712,2023-10-25,文部科学省,学校基本調査 幼稚園 都道府県
1,0003047099,173 職員数（本務者）（うち公立　都道府県別）,200704-200803,2023-10-25,文部科学省,学校基本調査 幼稚園 都道府県
1,0003060991,196 編制方式別　学校数,200604-200703,2023-10-25,文部科学省,学校基本調査 都道府県 学校数
1,0003060996,206 職名別　教員数（兼務者）（設置者別）,200604-200703,2023-10-25,文部科学省,学校基本調査 幼稚園 都道府県
1,0003060998,207 本務教員のうち理由別休職等教員数（再掲）（設置者別）,200604-200703,2023-10-25,文部科学省,学校基本調査 幼稚園 都道府県
1,0003061000,208 本務教職員のうち産休代替等教職員の数（再掲）（設置者別）,200604-200703,2023-10-25,文部科学省,学校基本調査 幼稚園 都道府県
1,0003061002,209 職員数（本務者）（設置者別）,200604-200703,2023-10-25,文部科学省,学校基本調査 幼稚園 都道府県
1,0003065439,編制方式別　学校数,0,2023-10-25,文部科学省,学校基本調査 都道府県 学校数
1,0003065449,職名別　教員数（兼務者）（設置者別）,0,2023-10-25,文部科学省,学校基本調査 幼稚園 都道府県
1,0003065451,本務教員のうち理由別休職等教員数（再掲）（設置者別）,0,2023-10-25,文部科学省,学校基本調査 幼稚園 都道府県
1,0003065453,本務教職員のうち産休代替等教職員の数（再掲）（設置者別）,0,2023-10-25,文部科学省,学校基本調査 幼稚園 都道府県
1,0003065455,職員数（本務者）（設置者別）,0,2023-10-25,文部科学省,学校基本調査 幼稚園 都道府県
1,0003103428,15 職名別　教員数（兼務者）（設置者別）,201401-201412,2023-10-25,文部科学省,学校基本調査 幼稚園 都道府県
1,0003103404,16 本務教員のうち理由別休職等教員数（再掲）（設置者別）,201401-201412,2023-10-25,文部科学省,学校基本調査 幼稚園 都道府県
1,0003103431,17 本務教職員のうち産休代替等教職員の数（再掲）（設置者別）,201401-201412,2023-10-25,文部科学省,学校基本調査 幼稚園 都道府県
1,0003103380,18 職員数（本務者）（設置者別）,201401-201412,2023-10-25,文部科学省,学校基本調査 幼稚園 都道府県
1,0003103397,5 編制方式別　学校数,201401-201412,2023-10-25,文部科学省,学校基本調査 都道府県 学校数
1,0003141294,15 職名別　教員数（兼務者）（設置者別）,201501-201512,2023-10-25,文部科学省,学校基本調査 幼稚園 都道府県
1,0003141333,16 本務教員のうち理由別休職等教員数（再掲）（設置者別）,201501-201512,2023-10-25,文部科学省,学校基本調査 幼稚園 都道府県
1,0003141353,17 本務教職員のうち産休代替等教職員の数（再掲）（設置者別）,201501-201512,2023-10-25,文部科学省,学校基本調査 幼稚園 都道府県
1,0003141295,18 職員数（本務者）（設置者別）,201501-201512,2023-10-25,文部科学省,学校基本調査 幼稚園 都道府県
1,0003141233,5 編制方式別　学校数,201501-201512,2023-10-25,文部科学省,学校基本調査 都道府県 学校数
1,0003177342,15 職名別　教員数（兼務者）（設置者別）,201601-201612,2023-10-25,文部科学省,学校基本調査 幼稚園 都道府県
1,0003179370,16 本務教員のうち理由別休職等教員数（再掲）（設置者別）,201601-201612,2023-10-25,文部科学省,学校基本調査 幼稚園 都道府県
1,0003179420,17 本務教職員のうち産休代替等教職員の数（再掲）（設置者別）,201601-201612,2023-10-25,文部科学省,学校基本調査 幼稚園 都道府県
1,0003179460,18 職員数（本務者）（設置者別）,201601-201612,2023-10-25,文部科学省,学校基本調査 幼稚園 都道府県
1,0003177120,5 編制方式別　学校数,201601-201612,2023-10-25,文部科学省,学校基本調査 都道府県 学校数
1,0003258664,15 職名別　教員数（兼務者）（設置者別）,201701-201712,2023-10-25,文部科学省,学校基本調査 幼稚園 都道府県
1,0003258666,16 本務教員のうち理由別休職等教員数（再掲）（設置者別）,201701-201712,2023-10-25,文部科学省,学校基本調査 幼稚園 都道府県
1,0003258667,17 本務教職員のうち産休代替等教職員の数（再掲）（設置者別）,201701-201712,2023-10-25,文部科学省,学校基本調査 幼稚園 都道府県
1,0003258668,18 職員数（本務者）（設置者別）,201701-201712,2023-10-25,文部科学省,学校基本調査 幼稚園 都道府県
1,0003258451,5 編制方式別　学校数,201701-201712,2023-10-25,文部科学省,学校基本調査 都道府県 学校数
1,0003274923,5 編制方式別　学校数,201801-201812,2023-10-25,文部科学省,学校基本調査 都道府県 学校数
1,0003047922,300 都道府県別　用途別　構造別　学校建物面積（単位：平方メートル）,0,2023-10-25,文部科学省,学校基本調査 幼稚園 都道府県
1,0003047924,302 都道府県別　用途別　学校土地面積（単位：平方メートル）,0,2023-10-25,文部科学省,学校基本調査 幼稚園 都道府県
1,0003066216,都道府県別　用途別　構造別　学校建物面積（単位：平方メートル）,0,2023-10-25,文部科学省,学校基本調査 幼稚園 都道府県
1,0003066218,都道府県別　用途別　学校土地面積（単位：平方メートル）,0,2023-10-25,文部科学省,学校基本調査 幼稚園 都道府県
1,0003106001,275 都道府県別　用途別　構造別　学校建物面積（単位：平方メートル）,201401-201412,2023-10-25,文部科学省,学校基本調査 幼稚園 都道府県
1,0003106002,277 都道府県別　用途別　学校土地面積（単位：平方メートル）,201401-201412,2023-10-25,文部科学省,学校基本調査 幼稚園 都道府県
1,0003143024,293 都道府県別　用途別　構造別　学校建物面積（単位：平方メートル）,201501-201512,2023-10-25,文部科学省,学校基本調査 幼稚園 都道府県
1,0003143056,295 都道府県別　用途別　学校土地面積（単位：平方メートル）,201501-201512,2023-10-25,文部科学省,学校基本調査 幼稚園 都道府県
1,0003191560,321 都道府県別　用途別　構造別　学校建物面積（単位：平方メートル）,201601-201612,2023-10-25,文部科学省,学校基本調査 幼稚園 都道府県
1,0003192020,323 都道府県別　用途別　学校土地面積（単位：平方メートル）,201601-201612,2023-10-25,文部科学省,学校基本調査 幼稚園 都道府県
1,0003047082,164 設置者別　在園者数,200704-200803,2023-10-25,文部科学省,学校基本調査 幼稚園 都道府県
1,0003047083,165 設置者別　入園者数,200704-200803,2023-10-25,文部科学省,学校基本調査 幼稚園 都道府県
1,0003043573,2 政令指定都市別　設置者別　学級数,201004-201103,2023-10-25,文部科学省,学校基本調査 幼稚園 都道府県
1,0003083421,2 政令指定都市別　設置者別学級数,0,2023-10-25,文部科学省,学校基本調査 幼稚園 都道府県
1,0003109420,2 政令指定都市別　設置者別学級数,0,2023-10-25,文部科学省,学校基本調査 幼稚園 都道府県
1,0003143335,15 関係学科別　大学入学状況,201501-201512,2023-10-25,文部科学省,学校基本調査 大学 都道府県
1,0003143994,2 政令指定都市別　設置者別学級数,0,2023-10-25,文部科学省,学校基本調査 幼稚園 都道府県
1,0003192920,15 関係学科別　大学入学状況,201601-201612,2023-10-25,文部科学省,学校基本調査 大学 都道府県
1,0003199600,2 政令指定都市別　設置者別学級数,201601-201612,2023-10-25,文部科学省,学校基本調査 幼稚園 都道府県
1,0003061526,13 帰国子女数（都道府県別）,200604-200703,2023-10-25,文部科学省,学校基本調査 都道府県 児童数
1,0003061529,15 職名別　教員数（兼務者）（うち公立　都道府県別）,200604-200703,2023-10-25,文部科学省,学校基本調査 高等学校 都道府県
1,0003061531,16 本務教員のうち理由別休職等教員数（再掲）（うち公立　都道府県別）,200604-200703,2023-10-25,文部科学省,学校基本調査 高等学校 都道府県
1,0003061533,18 本務教職員のうち教務主任等の数（再掲）（うち公立　都道府県別）,200604-200703,2023-10-25,文部科学省,学校基本調査 高等学校 都道府県
1,0003061535,19 職員数（本務者）（うち公立　都道府県別）,200604-200703,2023-10-25,文部科学省,学校基本調査 高等学校 都道府県
1,0003061537,20 私費負担の職員数（国・公立の本務者）（うち公立　都道府県別）,200604-200703,2023-10-25,文部科学省,学校基本調査 高等学校 都道府県
1,0003061539,21 学校医等の数（うち公立　都道府県別）,200604-200703,2023-10-25,文部科学省,学校基本調査 高等学校 都道府県
1,0003061514,5 編制方式別　学級数（うち公立　都道府県別）,200604-200703,2023-10-25,文部科学省,学校基本調査 高等学校 都道府県
1,0003061516,6 収容人員別　学級数（うち公立　都道府県別）,200604-200703,2023-10-25,文部科学省,学校基本調査 高等学校 都道府県
1,0003061517,6 収容人員別　学級数（再掲）（うち国立私立　都道府県別）,200604-200703,2023-10-25,文部科学省,学校基本調査 高等学校 都道府県
1,0003046178,13 帰国子女数（都道府県別）,200704-200803,2023-10-25,文部科学省,学校基本調査 都道府県 児童数
1,0003045981,15 職名別　教員数（兼務者）（うち公立　都道府県別）,200704-200803,2023-10-25,文部科学省,学校基本調査 高等学校 都道府県
1,0003045983,16 本務教員のうち理由別休職等教員数（再掲）（うち公立　都道府県別）,200704-200803,2023-10-25,文部科学省,学校基本調査 高等学校 都道府県
1,0003061548,18 本務教職員のうち教務主任等の数（再掲）（うち公立　都道府県別）,200704-200803,2023-10-25,文部科学省,学校基本調査 高等学校 都道府県
1,0003045988,19 職員数（本務者）（うち公立　都道府県別）,200704-200803,2023-10-25,文部科学省,学校基本調査 高等学校 都道府県
1,0003046053,20 私費負担の職員数（国・公立の本務者）（うち公立　都道府県別）,200704-200803,2023-10-25,文部科学省,学校基本調査 高等学校 都道府県
1,0003046055,21 学校医等の数（うち公立　都道府県別）,200704-200803,2023-10-25,文部科学省,学校基本調査 高等学校 都道府県
1,0003046041,5 編制方式別　学級数（うち公立　都道府県別）,200704-200803,2023-10-25,文部科学省,学校基本調査 高等学校 都道府県
1,0003061545,6 収容人員別　学級数（うち公立　都道府県別）,200704-200803,2023-10-25,文部科学省,学校基本調査 高等学校 都道府県
1,0003061546,6 収容人員別　学級数（うち国立私立　都道府県別）（再掲）,200704-200803,2023-10-25,文部科学省,学校基本調査 高等学校 都道府県
1,0003044315,24 都道府県別　編制方式別　学級数,0,2023-10-25,文部科学省,学校基本調査 高等学校 都道府県
1,0003044061,39 都道府県別　職名別　教員数（兼務者）,0,2023-10-25,文部科学省,学校基本調査 高等学校 都道府県
1,0003044063,41 都道府県別　本務教員のうち理由別休職等教員数（再掲）,0,2023-10-25,文部科学省,学校基本調査 高等学校 都道府県
1,0003044066,44 都道府県別　本務教職員のうち教務主任等の数（再掲）,0,2023-10-25,文部科学省,学校基本調査 高等学校 都道府県
1,0003044068,46 都道府県別　職員数（本務者）,0,2023-10-25,文部科学省,学校基本調査 高等学校 都道府県
1,0003044070,48 都道府県別　私費負担の職員数（国・公立の本務者）,0,2023-10-25,文部科学省,学校基本調査 高等学校 都道府県
1,0003044072,50 都道府県別　学校医等の数,0,2023-10-25,文部科学省,学校基本調査 高等学校 都道府県
1,0003035557,40 都道府県別職名別教員数（兼務者）,0,2023-10-25,文部科学省,学校基本調査 高等学校 都道府県
1,0003035574,42 都道府県別本務教員のうち理由別休職等教員数（再掲）,0,2023-10-25,文部科学省,学校基本調査 高等学校 都道府県
1,0003035631,45 都道府県別本務教職員のうち教務主任等の数（再掲）,0,2023-10-25,文部科学省,学校基本調査 高等学校 都道府県
1,0003035648,47 都道府県別職員数（本務者）,0,2023-10-25,文部科学省,学校基本調査 高等学校 都道府県
1,0003035650,49 都道府県別私費負担の職員数（国・公立の本務者）,0,2023-10-25,文部科学省,学校基本調査 高等学校 都道府県
1,0003035652,51 都道府県別学校医等の数,0,2023-10-25,文部科学省,学校基本調査 高等学校 都道府県
1,0003041410,24 都道府県別　編制方式別　学級数,201004-201103,2023-10-25,文部科学省,学校基本調査 小学校 都道府県
1,0003043196,40 都道府県別　職名別　教員数（兼務者）,201004-201103,2023-10-25,文部科学省,学校基本調査 小学校 都道府県
1,0003043198,42 都道府県別　本務教員のうち理由別休職等教員数（再掲）,201004-201103,2023-10-25,文部科学省,学校基本調査 小学校 都道府県
1,0003040981,45 都道府県別　本務教職員のうち教務主任等の数（再掲）,201004-201103,2023-10-25,文部科学省,学校基本調査 小学校 都道府県
1,0003043115,47 都道府県別　職員数（本務者）,201004-201103,2023-10-25,文部科学省,学校基本調査 小学校 都道府県
1,0003043102,49 都道府県別　私費負担の職員数（国・公立の本務者）,201004-201103,2023-10-25,文部科学省,学校基本調査 小学校 都道府県
1,0003043077,51 都道府県別　学校医等の数,201004-201103,2023-10-25,文部科学省,学校基本調査 小学校 都道府県
1,0003065481,編制方式別　学級数（うち公立　都道府県別）,0,2023-10-25,文部科学省,学校基本調査 小学校 都道府県
1,0003065483,収容人員別　学級数（うち公立　都道府県別）,0,2023-10-25,文部科学省,学校基本調査 小学校 都道府県
1,0003065484,収容人員別　学級数（うち国立私立　都道府県別）（再掲）,0,2023-10-25,文部科学省,学校基本調査 小学校 都道府県
1,0003065497,職名別　教員数（兼務者）（うち公立　都道府県別）,0,2023-10-25,文部科学省,学校基本調査 小学校 都道府県
1,0003065499,本務教員のうち理由別休職等教員数（再掲）（うち公立　都道府県別）,0,2023-10-25,文部科学省,学校基本調査 小学校 都道府県
1,0003065502,本務教職員のうち教務主任等の数（再掲）（うち公立　都道府県別）,0,2023-10-25,文部科学省,学校基本調査 小学校 都道府県
1,0003065504,職員数（本務者）（うち公立　都道府県別）,0,2023-10-25,文部科学省,学校基本調査 小学校 都道府県
1,0003065506,私費負担の職員数（国・公立の本務者）（うち公立　都道府県別）,0,2023-10-25,文部科学省,学校基本調査 小学校 都道府県
1,0003065508,学校医等の数（うち公立　都道府県別）,0,2023-10-25,文部科学省,学校基本調査 小学校 都道府県
1,0003077793,24 都道府県別　編制方式別　学級数,0,2023-10-25,文部科学省,学校基本調査 小学校 都道府県
1,0003077782,40 都道府県別　職名別　教員数（兼務者）,0,2023-10-25,文部科学省,学校基本調査 小学校 都道府県
1,0003077771,42 都道府県別　本務教員のうち理由別休職等教員数（再掲）,0,2023-10-25,文部科学省,学校基本調査 小学校 都道府県
1,0003083453,45 都道府県別　本務教職員のうち教務主任等の数（再掲）,0,2023-10-25,文部科学省,学校基本調査 小学校 都道府県
1,0003077798,47 都道府県別　職員数（本務者）,0,2023-10-25,文部科学省,学校基本調査 小学校 都道府県
1,0003077815,49 都道府県別　私費負担の職員数（国・公立の本務者）,0,2023-10-25,文部科学省,学校基本調査 小学校 都道府県
1,0003077799,51 都道府県別　学校医等の数,0,2023-10-25,文部科学省,学校基本調査 小学校 都道府県
1,0003096834,47 都道府県別　職員数（本務者）,0,2023-10-25,文部科学省,学校基本調査 小学校 都道府県
1,0003110527,24 都道府県別　編制方式別　学級数,201401-201412,2023-10-25,文部科学省,学校基本調査 小学校 都道府県
1,0003110960,40 都道府県別　職名別　教員数（兼務者）,201401-201412,2023-10-25,文部科学省,学校基本調査 小学校 都道府県
1,0003110985,42 都道府県別　本務教員のうち理由別休職等教員数（再掲）,201401-201412,2023-10-25,文部科学省,学校基本調査 小学校 都道府県
1,0003111006,45 都道府県別　本務教職員のうち教務主任等の数（再掲）,201401-201412,2023-10-25,文部科学省,学校基本調査 小学校 都道府県
1,0003110970,47 都道府県別　職員数（本務者）,201401-201412,2023-10-25,文部科学省,学校基本調査 小学校 都道府県
1,0003110973,49 都道府県別　私費負担の職員数（国・公立の本務者）,201401-201412,2023-10-25,文部科学省,学校基本調査 小学校 都道府県
1,0003111026,51 都道府県別　学校医等の数,201401-201412,2023-10-25,文部科学省,学校基本調査 小学校 都道府県
1,0003103453,25 編制方式別　学級数（うち公立　都道府県別）,201401-201412,2023-10-25,文部科学省,学校基本調査 小学校 都道府県
1,0003103438,26 収容人員別　学級数（うち公立　都道府県別）,201401-201412,2023-10-25,文部科学省,学校基本調査 小学校 都道府県
1,0003103454,26 収容人員別　学級数（うち国立私立　都道府県別）（再掲）,201401-201412,2023-10-25,文部科学省,学校基本調査 小学校 都道府県
1,0003103505,35 職名別　教員数（兼務者）（うち公立　都道府県別）,201401-201412,2023-10-25,文部科学省,学校基本調査 小学校 都道府県
1,0003103473,36 本務教員のうち理由別休職等教員数（再掲）（うち公立　都道府県別）,201401-201412,2023-10-25,文部科学省,学校基本調査 小学校 都道府県
1,0003103508,38 本務教職員のうち教務主任等の数（再掲）（うち公立　都道府県別）,201401-201412,2023-10-25,文部科学省,学校基本調査 小学校 都道府県
1,0003103459,39 職員数（本務者）（うち公立　都道府県別）,201401-201412,2023-10-25,文部科学省,学校基本調査 小学校 都道府県
1,0003103568,40 私費負担の職員数（国・公立の本務者）（うち公立　都道府県別）,201401-201412,2023-10-25,文部科学省,学校基本調査 小学校 都道府県
1,0003103574,41 学校医等の数（うち公立　都道府県別）,201401-201412,2023-10-25,文部科学省,学校基本調査 小学校 都道府県
1,0003141557,43 編制方式別　学級数（うち公立　都道府県別）,201501-201512,2023-10-25,文部科学省,学校基本調査 小学校 都道府県
1,0003141654,44 収容人員別　学級数（うち公立　都道府県別）,201501-201512,2023-10-25,文部科学省,学校基本調査 小学校 都道府県
1,0003141673,44 収容人員別　学級数（うち国立私立　都道府県別）（再掲）,201501-201512,2023-10-25,文部科学省,学校基本調査 小学校 都道府県
1,0003141793,53 職名別　教員数（兼務者）（うち公立　都道府県別）,201501-201512,2023-10-25,文部科学省,学校基本調査 小学校 都道府県
1,0003141754,54 本務教員のうち理由別休職等教員数（再掲）（うち公立　都道府県別）,201501-201512,2023-10-25,文部科学省,学校基本調査 小学校 都道府県
1,0003141795,56 本務教職員のうち教務主任等の数（再掲）（うち公立　都道府県別）,201501-201512,2023-10-25,文部科学省,学校基本調査 小学校 都道府県
1,0003141755,57 職員数（本務者）（うち公立　都道府県別）,201501-201512,2023-10-25,文部科学省,学校基本調査 小学校 都道府県
1,0003141738,58 私費負担の職員数（国・公立の本務者）（うち公立　都道府県別）,201501-201512,2023-10-25,文部科学省,学校基本調査 小学校 都道府県
1,0003141756,59 学校医等の数（うち公立　都道府県別）,201501-201512,2023-10-25,文部科学省,学校基本調査 小学校 都道府県
1,0003144156,45 都道府県別　編制方式別　学級数,201501-201512,2023-10-25,文部科学省,学校基本調査 小学校 都道府県
1,0003144315,61 都道府県別　職名別　教員数（兼務者）,201501-201512,2023-10-25,文部科学省,学校基本調査 小学校 都道府県
1,0003144316,63 都道府県別　本務教員のうち理由別休職等教員数（再掲）,201501-201512,2023-10-25,文部科学省,学校基本調査 小学校 都道府県
1,0003144317,66 都道府県別　本務教職員のうち教務主任等の数（再掲）,201501-201512,2023-10-25,文部科学省,学校基本調査 小学校 都道府県
1,0003144363,68 都道府県別　職員数（本務者）,201501-201512,2023-10-25,文部科学省,学校基本調査 小学校 都道府県
1,0003144364,70 都道府県別　私費負担の職員数（国・公立の本務者）,201501-201512,2023-10-25,文部科学省,学校基本調査 小学校 都道府県
1,0003144373,72 都道府県別　学校医等の数,201501-201512,2023-10-25,文部科学省,学校基本調査 小学校 都道府県
1,0003179861,46 編制方式別　学級数（うち公立　都道府県別）,201601-201612,2023-10-25,文部科学省,学校基本調査 小学校 都道府県
1,0003179902,47 収容人員別　学級数（うち公立　都道府県別）,201601-201612,2023-10-25,文部科学省,学校基本調査 小学校 都道府県
1,0003179940,47 収容人員別　学級数（うち国立私立　都道府県別）（再掲）,201601-201612,2023-10-25,文部科学省,学校基本調査 小学校 都道府県
1,0003180082,55 職名別　教員数（兼務者）（うち公立　都道府県別）,201601-201612,2023-10-25,文部科学省,学校基本調査 小学校 都道府県
1,0003180121,56 本務教員のうち理由別休職等教員数（再掲）（うち公立　都道府県別）,201601-201612,2023-10-25,文部科学省,学校基本調査 小学校 都道府県
1,0003180160,58 本務教職員のうち教務主任等の数（再掲）（うち公立　都道府県別）,201601-201612,2023-10-25,文部科学省,学校基本調査 小学校 都道府県
1,0003180180,59 職員数（本務者）（うち公立　都道府県別）,201601-201612,2023-10-25,文部科学省,学校基本調査 小学校 都道府県
1,0003180181,60 私費負担の職員数（国・公立の本務者）（うち公立　都道府県別）,201601-201612,2023-10-25,文部科学省,学校基本調査 小学校 都道府県
1,0003180261,61 学校医等の数（うち公立　都道府県別）,201601-201612,2023-10-25,文部科学省,学校基本調査 小学校 都道府県
1,0003206381,45 都道府県別　編制方式別　学級数,201601-201612,2023-10-25,文部科学省,学校基本調査 小学校 都道府県
1,0003206860,60 都道府県別　職名別教員数　（兼務者）,201601-201612,2023-10-25,文部科学省,学校基本調査 小学校 都道府県
1,0003206920,62 都道府県別　本務職員のうち理由別休職等教員数（再掲）,201601-201612,2023-10-25,文部科学省,学校基本調査 小学校 都道府県
1,0003207080,65 都道府県別　本務教職員のうち教務主任等の数（再掲）,201601-201612,2023-10-25,文部科学省,学校基本調査 小学校 都道府県
1,0003206943,67 都道府県別　職員数（本務者）,201601-201612,2023-10-25,文部科学省,学校基本調査 小学校 都道府県
1,0003207001,69 都道府県別　私費負担の職員数（国・公立の本務者）,201601-201612,2023-10-25,文部科学省,学校基本調査 小学校 都道府県
1,0003207002,71 都道府県別　学校医等の数,201601-201612,2023-10-25,文部科学省,学校基本調査 小学校 都道府県
1,0003268530,46 編制方式別　学級数（うち公立　都道府県別）,201701-201712,2023-10-25,文部科学省,学校基本調査 小学校 都道府県
1,0003268532,47 収容人員別　学級数（うち公立　都道府県別）,201701-201712,2023-10-25,文部科学省,学校基本調査 小学校 都道府県
1,0003268533,47 収容人員別　学級数（うち国立私立　都道府県別）（再掲）,201701-201712,2023-10-25,文部科学省,学校基本調査 小学校 都道府県
1,0003269084,55 職名別　教員数（兼務者）（うち公立　都道府県別）,201701-201712,2023-10-25,文部科学省,学校基本調査 小学校 都道府県
1,0003269087,56 本務教員のうち理由別休職等教員数（再掲）（うち公立　都道府県別）,201701-201712,2023-10-25,文部科学省,学校基本調査 小学校 都道府県
1,0003269090,58 本務教職員のうち教務主任等の数（再掲）（うち公立　都道府県別）,201701-201712,2023-10-25,文部科学省,学校基本調査 小学校 都道府県
1,0003269181,59 職員数（本務者）（うち公立　都道府県別）,201701-201712,2023-10-25,文部科学省,学校基本調査 小学校 都道府県
1,0003273842,60 私費負担の職員数（国・公立の本務者）（うち公立　都道府県別）,201701-201712,2023-10-25,文部科学省,学校基本調査 小学校 都道府県
1,0003273844,61 学校医等の数（うち公立　都道府県別）,201701-201712,2023-10-25,文部科学省,学校基本調査 小学校 都道府県
1,0003061522,10 種類別　７５条の学級児童数,200604-200703,2023-10-25,文部科学省,学校基本調査 都道府県 児童数
1,0003061523,11 外国人児童数,200604-200703,2023-10-25,文部科学省,学校基本調査 都道府県 児童数
1,0003061524,12 理由別　長期欠席児童数,200604-200703,2023-10-25,文部科学省,学校基本調査 都道府県 児童数
1,0003061525,13 帰国子女数（設置者別）,200604-200703,2023-10-25,文部科学省,学校基本調査 都道府県 児童数
1,0003061528,15 職名別　教員数（兼務者）（設置者別）,200604-200703,2023-10-25,文部科学省,学校基本調査 小学校 都道府県
1,0003061530,16 本務教員のうち理由別休職等教員数（再掲）（設置者別）,200604-200703,2023-10-25,文部科学省,学校基本調査 小学校 都道府県
1,0003061532,18 本務教職員のうち教務主任等の数（再掲）（設置者別）,200604-200703,2023-10-25,文部科学省,学校基本調査 小学校 都道府県
1,0003061534,19 職員数（本務者）（設置者別）,200604-200703,2023-10-25,文部科学省,学校基本調査 小学校 都道府県
1,0003061536,20 私費負担の職員数（国・公立の本務者）（設置者別）,200604-200703,2023-10-25,文部科学省,学校基本調査 小学校 都道府県
1,0003061538,21 学校医等の数（設置者別）,200604-200703,2023-10-25,文部科学省,学校基本調査 小学校 都道府県
1,0003059478,22 へき地等指定学校数（公立）,200604-200703,2023-10-25,文部科学省,学校基本調査 都道府県 学校数
1,0003059479,23 へき地等指定学校の児童数（公立）,200604-200703,2023-10-25,文部科学省,学校基本調査 都道府県 児童数
1,0003061513,5 編制方式別　学級数（設置者別）,200604-200703,2023-10-25,文部科学省,学校基本調査 小学校 都道府県
1,0003009751,7 学年別　児童数,0,2023-10-25,文部科学省,学校基本調査 都道府県 児童数
1,0003046048,12 理由別　長期欠席児童数,200704-200803,2023-10-25,文部科学省,学校基本調査 都道府県 児童数
1,0003046056,22 へき地等指定学校数（公立）,200704-200803,2023-10-25,文部科学省,学校基本調査 都道府県 学校数
1,0003046057,23 へき地等指定学校の児童数（公立）,200704-200803,2023-10-25,文部科学省,学校基本調査 都道府県 児童数
1,0003045832,7 学年別　児童数,200704-200803,2023-10-25,文部科学省,学校基本調査 都道府県 児童数
1,0003014649,26 学年別児童数,0,2023-10-25,文部科学省,学校基本調査 都道府県 児童数
1,0003013259,31 理由別長期欠席児童数（平成19年度間）,0,2023-10-25,文部科学省,学校基本調査 都道府県 児童数
1,0003014168,32 帰国児童数（平成19年度間） 計の内訳 計,0,2023-10-25,文部科学省,学校基本調査 都道府県 生徒数
1,0003044058,36 帰国児童数,0,2023-10-25,文部科学省,学校基本調査 都道府県 生徒数
1,0003065480,編制方式別　学級数（設置者別）,0,2023-10-25,文部科学省,学校基本調査 小学校 都道府県
1,0003065485,学年別　児童数,0,2023-10-25,文部科学省,学校基本調査 都道府県 児童数
1,0003065490,種類別　特別支援学級児童数,0,2023-10-25,文部科学省,学校基本調査 都道府県 児童数
1,0003065491,外国人児童数,0,2023-10-25,文部科学省,学校基本調査 都道府県 児童数
1,0003065492,理由別　長期欠席児童数（前年度間）,0,2023-10-25,文部科学省,学校基本調査 都道府県 児童数
1,0003065496,職名別　教員数（兼務者）（設置者別）,0,2023-10-25,文部科学省,学校基本調査 小学校 都道府県
1,0003065498,本務教員のうち理由別休職等教員数（再掲）（設置者別）,0,2023-10-25,文部科学省,学校基本調査 小学校 都道府県
1,0003065501,本務教職員のうち教務主任等の数（再掲）（設置者別）,0,2023-10-25,文部科学省,学校基本調査 小学校 都道府県
1,0003065503,職員数（本務者）（設置者別）,0,2023-10-25,文部科学省,学校基本調査 小学校 都道府県
1,0003065505,私費負担の職員数（国・公立の本務者）（設置者別）,0,2023-10-25,文部科学省,学校基本調査 小学校 都道府県
1,0003065507,学校医等の数（設置者別）,0,2023-10-25,文部科学省,学校基本調査 小学校 都道府県
1,0003065509,へき地等指定学校数（公立）,0,2023-10-25,文部科学省,学校基本調査 都道府県 学校数
1,0003065510,へき地等指定学校の児童数（公立）,0,2023-10-25,文部科学省,学校基本調査 都道府県 児童数
1,0003103424,25 編制方式別　学級数（設置者別）,201401-201412,2023-10-25,文部科学省,学校基本調査 小学校 都道府県
1,0003103551,27 学年別　児童数,201401-201412,2023-10-25,文部科学省,学校基本調査 都道府県 児童数
1,0003103456,30 種類別　特別支援学級児童数,201401-201412,2023-10-25,文部科学省,学校基本調査 都道府県 児童数
1,0003103443,31 外国人児童数,201401-201412,2023-10-25,文部科学省,学校基本調査 都道府県 児童数
1,0003103488,33 理由別　長期欠席児童数（前年度間）,201401-201412,2023-10-25,文部科学省,学校基本調査 都道府県 児童数
1,0003103471,35 職名別　教員数（兼務者）（設置者別）,201401-201412,2023-10-25,文部科学省,学校基本調査 小学校 都道府県
1,0003103492,36 本務教員のうち理由別休職等教員数（再掲）（設置者別）,201401-201412,2023-10-25,文部科学省,学校基本調査 小学校 都道府県
1,0003103477,38 本務教職員のうち教務主任等の数（再掲）（設置者別）,201401-201412,2023-10-25,文部科学省,学校基本調査 小学校 都道府県
1,0003103478,39 職員数（本務者）（設置者別）,201401-201412,2023-10-25,文部科学省,学校基本調査 小学校 都道府県
1,0003103523,40 私費負担の職員数（国・公立の本務者）（設置者別）,201401-201412,2023-10-25,文部科学省,学校基本調査 小学校 都道府県
1,0003103573,41 学校医等の数（設置者別）,201401-201412,2023-10-25,文部科学省,学校基本調査 小学校 都道府県
1,0003103613,42 へき地等指定学校数（公立）,201401-201412,2023-10-25,文部科学省,学校基本調査 都道府県 学校数
1,0003103711,43 へき地等指定学校の児童数（公立）,201401-201412,2023-10-25,文部科学省,学校基本調査 都道府県 児童数
1,0003141599,43 編制方式別　学級数（設置者別）,201501-201512,2023-10-25,文部科学省,学校基本調査 小学校 都道府県
1,0003141655,45 学年別　児童数,201501-201512,2023-10-25,文部科学省,学校基本調査 都道府県 児童数
1,0003141674,48 種類別　特別支援学級児童数,201501-201512,2023-10-25,文部科学省,学校基本調査 都道府県 児童数
1,0003141733,49 外国人児童数,201501-201512,2023-10-25,文部科学省,学校基本調査 都道府県 児童数
1,0003141736,51 理由別　長期欠席児童数（前年度間）,201501-201512,2023-10-25,文部科学省,学校基本調査 都道府県 児童数
1,0003141773,53 職名別　教員数（兼務者）（設置者別）,201501-201512,2023-10-25,文部科学省,学校基本調査 小学校 都道府県
1,0003141774,54 本務教員のうち理由別休職等教員数（再掲）（設置者別）,201501-201512,2023-10-25,文部科学省,学校基本調査 小学校 都道府県
1,0003141775,56 本務教職員のうち教務主任等の数（再掲）（設置者別）,201501-201512,2023-10-25,文部科学省,学校基本調査 小学校 都道府県
1,0003141776,57 職員数（本務者）（設置者別）,201501-201512,2023-10-25,文部科学省,学校基本調査 小学校 都道府県
1,0003141796,58 私費負担の職員数（国・公立の本務者）（設置者別）,201501-201512,2023-10-25,文部科学省,学校基本調査 小学校 都道府県
1,0003141797,59 学校医等の数（設置者別）,201501-201512,2023-10-25,文部科学省,学校基本調査 小学校 都道府県
1,0003141757,60 へき地等指定学校数（公立）,201501-201512,2023-10-25,文部科学省,学校基本調査 都道府県 学校数
1,0003141798,61 へき地等指定学校の児童数（公立）,201501-201512,2023-10-25,文部科学省,学校基本調査 都道府県 児童数
1,0003179881,46 編制方式別　学級数（設置者別）,201601-201612,2023-10-25,文部科学省,学校基本調査 小学校 都道府県
1,0003180020,48 学年別　児童数,201601-201612,2023-10-25,文部科学省,学校基本調査 都道府県 児童数
1,0003180042,51 種類別　特別支援学級児童数,201601-201612,2023-10-25,文部科学省,学校基本調査 都道府県 児童数
1,0003180043,52 外国人児童数,201601-201612,2023-10-25,文部科学省,学校基本調査 都道府県 児童数
1,0003180100,55 職名別　教員数（兼務者）（設置者別）,201601-201612,2023-10-25,文部科学省,学校基本調査 小学校 都道府県
1,0003180120,56 本務教員のうち理由別休職等教員数（再掲）（設置者別）,201601-201612,2023-10-25,文部科学省,学校基本調査 小学校 都道府県
1,0003180140,58 本務教職員のうち教務主任等の数（再掲）（設置者別）,201601-201612,2023-10-25,文部科学省,学校基本調査 小学校 都道府県
1,0003180141,59 職員数（本務者）（設置者別）,201601-201612,2023-10-25,文部科学省,学校基本調査 小学校 都道府県
1,0003180142,60 私費負担の職員数（国・公立の本務者）（設置者別）,201601-201612,2023-10-25,文部科学省,学校基本調査 小学校 都道府県
1,0003180280,61 学校医等の数（設置者別）,201601-201612,2023-10-25,文部科学省,学校基本調査 小学校 都道府県
1,0003180300,62 へき地等指定学校数（公立）,201601-201612,2023-10-25,文部科学省,学校基本調査 都道府県 学校数
1,0003180361,63 へき地等指定学校の児童数（公立）,201601-201612,2023-10-25,文部科学省,学校基本調査 都道府県 児童数
1,0003268529,46 編制方式別　学級数（設置者別）,201701-201712,2023-10-25,文部科学省,学校基本調査 小学校 都道府県
1,0003268534,48 学年別　児童数,201701-201712,2023-10-25,文部科学省,学校基本調査 都道府県 児童数
1,0003268539,51 種類別　特別支援学級児童数,201701-201712,2023-10-25,文部科学省,学校基本調査 都道府県 児童数
1,0003269045,52 外国人児童数,201701-201712,2023-10-25,文部科学省,学校基本調査 都道府県 児童数
1,0003269085,55 職名別　教員数（兼務者）（設置者別）,201701-201712,2023-10-25,文部科学省,学校基本調査 小学校 都道府県
1,0003269083,56 本務教員のうち理由別休職等教員数（再掲）（設置者別）,201701-201712,2023-10-25,文部科学省,学校基本調査 小学校 都道府県
1,0003269089,58 本務教職員のうち教務主任等の数（再掲）（設置者別）,201701-201712,2023-10-25,文部科学省,学校基本調査 小学校 都道府県
1,0003269180,59 職員数（本務者）（設置者別）,201701-201712,2023-10-25,文部科学省,学校基本調査 小学校 都道府県
1,0003273841,60 私費負担の職員数（国・公立の本務者）（設置者別）,201701-201712,2023-10-25,文部科学省,学校基本調査 小学校 都道府県
1,0003273860,61 学校医等の数（設置者別）,201701-201712,2023-10-25,文部科学省,学校基本調査 小学校 都道府県
1,0003269186,62 へき地等指定学校数（公立）,201701-201712,2023-10-25,文部科学省,学校基本調査 都道府県 学校数
1,0003269187,63 へき地等指定学校の児童数（公立）,201701-201712,2023-10-25,文部科学省,学校基本調査 都道府県 児童数
1,0003047459,213 都道府県別　専修学校等への入学者数（都道府県別）,200701-200712,2023-10-25,文部科学省,学校基本調査 中学校 都道府県
1,0003065821,都道府県別　専修学校等への入学者数（都道府県別）,0,2023-10-25,文部科学省,学校基本調査 中学校 都道府県
1,0003105746,214 都道府県別　専修学校等への入学者数（都道府県別）,201401-201412,2023-10-25,文部科学省,学校基本調査 中学校 都道府県
1,0003142918,232 都道府県別　専修学校等への入学者数（都道府県別）,201501-201512,2023-10-25,文部科学省,学校基本調査 中学校 都道府県
1,0003189840,260 都道府県別　専修学校等への入学者数（都道府県別）,201601-201612,2023-10-25,文部科学省,学校基本調査 中学校 都道府県
1,0003059829,32 編制方式別　学級数（うち公立　都道府県別）,200604-200703,2023-10-25,文部科学省,学校基本調査 高等学校 都道府県
1,0003059831,33 収容人員別　学級数（うち公立　都道府県別）,200604-200703,2023-10-25,文部科学省,学校基本調査 高等学校 都道府県
1,0003059832,33 収容人員別　学級数（再掲）（うち国立私立　都道府県別）,200604-200703,2023-10-25,文部科学省,学校基本調査 高等学校 都道府県
1,0003059856,39 帰国子女数（都道府県別）,200604-200703,2023-10-25,文部科学省,学校基本調査 都道府県 児童数
1,0003059858,42 職名別　教員数（兼務者）（うち公立　都道府県別）,200604-200703,2023-10-25,文部科学省,学校基本調査 高等学校 都道府県
1,0003059860,43 本務教員のうち理由別休職等教員数（再掲）（うち公立　都道府県別）,200604-200703,2023-10-25,文部科学省,学校基本調査 高等学校 都道府県
1,0003059862,45 本務教職員のうち教務主任等の数（再掲）（うち公立　都道府県別）,200604-200703,2023-10-25,文部科学省,学校基本調査 高等学校 都道府県
1,0003059864,46 職員数（本務者）（うち公立　都道府県別）,200604-200703,2023-10-25,文部科学省,学校基本調査 高等学校 都道府県
1,0003059866,47 私費負担の職員数（国・公立の本務者）（うち公立　都道府県別）,200604-200703,2023-10-25,文部科学省,学校基本調査 高等学校 都道府県
1,0003059868,48 学校医等の数（うち公立　都道府県別）,200604-200703,2023-10-25,文部科学省,学校基本調査 高等学校 都道府県
1,0003046099,32 編制方式別　学級数（うち公立　都道府県別）,200704-200803,2023-10-25,文部科学省,学校基本調査 高等学校 都道府県
1,0003046101,33 収容人員別　学級数（うち公立　都道府県別）,200704-200803,2023-10-25,文部科学省,学校基本調査 高等学校 都道府県
1,0003048016,33 収容人員別　学級数（再掲）（うち国立私立　都道府県別）,200704-200803,2023-10-25,文部科学省,学校基本調査 高等学校 都道府県
1,0003046110,39 帰国子女数（都道府県別）,200704-200803,2023-10-25,文部科学省,学校基本調査 都道府県 児童数
1,0003046114,42 職名別　教員数（兼務者）（うち公立　都道府県別）,200704-200803,2023-10-25,文部科学省,学校基本調査 高等学校 都道府県
1,0003046296,43 本務教員のうち理由別休職等教員数（再掲）（うち公立　都道府県別）,200704-200803,2023-10-25,文部科学省,学校基本調査 高等学校 都道府県
1,0003046119,45 本務教職員のうち教務主任等の数（再掲）（うち公立　都道府県別）,200704-200803,2023-10-25,文部科学省,学校基本調査 高等学校 都道府県
1,0003046121,46 職員数（本務者）（うち公立　都道府県別）,200704-200803,2023-10-25,文部科学省,学校基本調査 高等学校 都道府県
1,0003046123,47 私費負担の職員数（国・公立の本務者）（うち公立　都道府県別）,200704-200803,2023-10-25,文部科学省,学校基本調査 高等学校 都道府県
1,0003046125,48 学校医等の数（うち公立　都道府県別）,200704-200803,2023-10-25,文部科学省,学校基本調査 高等学校 都道府県
1,0003047466,217 産業別　都道府県別　就職者数,200701-200712,2023-10-25,文部科学省,学校基本調査 中学校 都道府県
1,0003044154,62 都道府県別　編制方式別　学級数,0,2023-10-25,文部科学省,学校基本調査 高等学校 都道府県
1,0003044169,77 都道府県別　職名別　教員数（兼務者）,0,2023-10-25,文部科学省,学校基本調査 高等学校 都道府県
1,0003044171,79 都道府県別　本務教員のうち理由別休職等教員数（再掲）,0,2023-10-25,文部科学省,学校基本調査 高等学校 都道府県
1,0003044174,82 都道府県別　本務教職員のうち教務主任等の数（再掲）,0,2023-10-25,文部科学省,学校基本調査 高等学校 都道府県
1,0003044176,84 都道府県別　職員数（本務者）,0,2023-10-25,文部科学省,学校基本調査 高等学校 都道府県
1,0003044178,86 都道府県別　私費負担の職員数（国・公立の本務者）,0,2023-10-25,文部科学省,学校基本調査 高等学校 都道府県
1,0003044180,88 都道府県別　学校医等の数,0,2023-10-25,文部科学省,学校基本調査 高等学校 都道府県
1,0003042861,192 都道府県別　専修学校等入学者数,0,2023-10-25,文部科学省,学校基本調査 中学校 都道府県
1,0003042865,196 都道府県別　特別支援学級卒業者の進路状況,0,2023-10-25,文部科学省,学校基本調査 高等専門学校 都道府県
1,0003042867,198 都道府県別　産業別　就業者数,0,2023-10-25,文部科学省,学校基本調査 中学校 都道府県
1,0003035393,63 都道府県別編制方式別学級数,0,2023-10-25,文部科学省,学校基本調査 高等学校 都道府県
1,0003035673,63 都道府県別編制方式別学級数,0,2023-10-25,文部科学省,学校基本調査 高等学校 都道府県
1,0003035756,79 都道府県別職名別教員数（兼務者）,0,2023-10-25,文部科学省,学校基本調査 高等学校 都道府県
1,0003035770,81 都道府県別本務教員のうち理由別休職等教員数（再掲）,0,2023-10-25,文部科学省,学校基本調査 高等学校 都道府県
1,0003035773,84 都道府県別本務教員のうち教務主任等の数（再掲）,0,2023-10-25,文部科学省,学校基本調査 高等学校 都道府県
1,0003035775,86 都道府県別職員数（本務者）,0,2023-10-25,文部科学省,学校基本調査 高等学校 都道府県
1,0003035777,88 都道府県別私費負担の職員数（国・公立の本務者）,0,2023-10-25,文部科学省,学校基本調査 高等学校 都道府県
1,0003035779,90 都道府県別学校医等の数,0,2023-10-25,文部科学省,学校基本調査 高等学校 都道府県
1,0003042680,194 都道府県別　専修学校等入学者数,0,2023-10-25,文部科学省,学校基本調査 中学校 都道府県
1,0003042684,198 都道府県別　特別支援学級卒業者の進路状況,0,2023-10-25,文部科学省,学校基本調査 高等専門学校 都道府県
1,0003042686,200 都道府県別　産業別　就業者数,0,2023-10-25,文部科学省,学校基本調査 中学校 都道府県
1,0003041041,63 都道府県別　編制方式別　学級数,201004-201103,2023-10-25,文部科学省,学校基本調査 中学校 都道府県
1,0003043201,79 都道府県別　職名別　教員数（兼務者）,201004-201103,2023-10-25,文部科学省,学校基本調査 中学校 都道府県
1,0003043203,81 都道府県別　本務教員のうち理由別休職等教員数（再掲）,201004-201103,2023-10-25,文部科学省,学校基本調査 中学校 都道府県
1,0003041051,84 都道府県別　本務教員のうち教務主任等の数（再掲）,201004-201103,2023-10-25,文部科学省,学校基本調査 中学校 都道府県
1,0003043117,86 都道府県別　職員数（本務者）,201004-201103,2023-10-25,文部科学省,学校基本調査 中学校 都道府県
1,0003043104,88 都道府県別　私費負担の職員数（国・公立の本務者）,201004-201103,2023-10-25,文部科学省,学校基本調査 中学校 都道府県
1,0003043575,90 都道府県別　学校医等の数,201004-201103,2023-10-25,文部科学省,学校基本調査 中学校 都道府県
1,0003042415,194 都道府県別　専修学校等入学者数,0,2023-10-25,文部科学省,学校基本調査 中学校 都道府県
1,0003042458,198 都道府県別　特別支援学級卒業者の状況,0,2023-10-25,文部科学省,学校基本調査 高等専門学校 都道府県
1,0003042506,200 都道府県別　産業別　就業者数,0,2023-10-25,文部科学省,学校基本調査 中学校 都道府県
1,0003065522,編制方式別　学級数（うち公立　都道府県別）,0,2023-10-25,文部科学省,学校基本調査 中学校 都道府県
1,0003065524,収容人員別　学級数（うち公立　都道府県別）,0,2023-10-25,文部科学省,学校基本調査 中学校 都道府県
1,0003065525,収容人員別　学級数（うち国立私立　都道府県別）（再掲）,0,2023-10-25,文部科学省,学校基本調査 中学校 都道府県
1,0003065538,職名別　教員数（兼務者）（うち公立　都道府県別）,0,2023-10-25,文部科学省,学校基本調査 中学校 都道府県
1,0003065540,本務教員のうち理由別休職等教員数（再掲）（うち公立　都道府県別）,0,2023-10-25,文部科学省,学校基本調査 中学校 都道府県
1,0003065543,本務教職員のうち教務主任等の数（再掲）（うち公立　都道府県別）,0,2023-10-25,文部科学省,学校基本調査 中学校 都道府県
1,0003065545,職員数（本務者）（うち公立　都道府県別）,0,2023-10-25,文部科学省,学校基本調査 中学校 都道府県
1,0003065547,私費負担の職員数（国・公立の本務者）（うち公立　都道府県別）,0,2023-10-25,文部科学省,学校基本調査 中学校 都道府県
1,0003065549,学校医等の数（うち公立　都道府県別）,0,2023-10-25,文部科学省,学校基本調査 中学校 都道府県
1,0003083954,194 都道府県別　専修学校等入学者数,0,2023-10-25,文部科学省,学校基本調査 中学校 都道府県
1,0003083955,198 都道府県別　特別支援学級卒業者の状況,0,2023-10-25,文部科学省,学校基本調査 高等専門学校 都道府県
1,0003083903,200 都道府県別　産業別　就職者数,0,2023-10-25,文部科学省,学校基本調査 中学校 都道府県
1,0003077802,63 都道府県別　編制方式別　学級数,0,2023-10-25,文部科学省,学校基本調査 中学校 都道府県
1,0003077806,79 都道府県別　職名別　教員数　（兼務者）,0,2023-10-25,文部科学省,学校基本調査 中学校 都道府県
1,0003077841,81 都道府県別　本務教員のうち理由別休職等教員数　（再掲）,0,2023-10-25,文部科学省,学校基本調査 中学校 都道府県
1,0003083778,84 都道府県別　本務教職員のうち教務主任等の数　（再掲）,0,2023-10-25,文部科学省,学校基本調査 中学校 都道府県
1,0003077808,86 都道府県別　職員数（本務者）,0,2023-10-25,文部科学省,学校基本調査 中学校 都道府県
1,0003077825,88 都道府県別　私費負担の職員数　（国・公立の本務者）,0,2023-10-25,文部科学省,学校基本調査 中学校 都道府県
1,0003077809,90 都道府県別　学校医等の数,0,2023-10-25,文部科学省,学校基本調査 中学校 都道府県
1,0003111278,63 都道府県別　編制方式別　学級数,201401-201412,2023-10-25,文部科学省,学校基本調査 中学校 都道府県
1,0003111443,79 都道府県別　職名別　教員数　（兼務者）,201401-201412,2023-10-25,文部科学省,学校基本調査 中学校 都道府県
1,0003111450,81 都道府県別　本務教員のうち理由別休職等教員数　（再掲）,201401-201412,2023-10-25,文部科学省,学校基本調査 中学校 都道府県
1,0003111454,84 都道府県別　本務教職員のうち教務主任等の数　（再掲）,201404-201503,2023-10-25,文部科学省,学校基本調査 中学校 都道府県
1,0003111461,86 都道府県別　職員数（本務者）,201401-201412,2023-10-25,文部科学省,学校基本調査 中学校 都道府県
1,0003111493,88 都道府県別　私費負担の職員数　（国・公立の本務者）,201401-201412,2023-10-25,文部科学省,学校基本調査 中学校 都道府県
1,0003111516,90 都道府県別　学校医等の数,201401-201412,2023-10-25,文部科学省,学校基本調査 中学校 都道府県
1,0003113239,194 都道府県別　専修学校等入学者数,201401-201412,2023-10-25,文部科学省,学校基本調査 中学校 都道府県
1,0003113286,198 都道府県別　特別支援学級卒業者の状況,201401-201412,2023-10-25,文部科学省,学校基本調査 高等専門学校 都道府県
1,0003113261,200 都道府県別　産業別　就職者数,201404-201503,2023-10-25,文部科学省,学校基本調査 中学校 都道府県
1,0003103895,52 編制方式別　学級数（うち公立　都道府県別）,201401-201412,2023-10-25,文部科学省,学校基本調査 中学校 都道府県
1,0003103986,53 収容人員別　学級数（うち公立　都道府県別）,201401-201412,2023-10-25,文部科学省,学校基本調査 中学校 都道府県
1,0003103987,53 収容人員別　学級数（うち国立私立　都道府県別）（再掲）,201401-201412,2023-10-25,文部科学省,学校基本調査 中学校 都道府県
1,0003104107,62 職名別　教員数（兼務者）（うち公立　都道府県別）,201401-201412,2023-10-25,文部科学省,学校基本調査 中学校 都道府県
1,0003104036,63 本務教員のうち理由別休職等教員数（再掲）（うち公立　都道府県別）,201401-201412,2023-10-25,文部科学省,学校基本調査 中学校 都道府県
1,0003104037,65 本務教職員のうち教務主任等の数（再掲）（うち公立　都道府県別）,201401-201412,2023-10-25,文部科学省,学校基本調査 中学校 都道府県
1,0003104038,66 職員数（本務者）（うち公立　都道府県別）,201401-201412,2023-10-25,文部科学省,学校基本調査 中学校 都道府県
1,0003104041,67 私費負担の職員数（国・公立の本務者）（うち公立　都道府県別）,201401-201412,2023-10-25,文部科学省,学校基本調査 中学校 都道府県
1,0003104110,68 学校医等の数（うち公立　都道府県別）,201401-201412,2023-10-25,文部科学省,学校基本調査 中学校 都道府県
1,0003142120,70 編制方式別　学級数（うち公立　都道府県別）,201501-201512,2023-10-25,文部科学省,学校基本調査 中学校 都道府県
1,0003142121,71 収容人員別　学級数（うち公立　都道府県別）,201501-201512,2023-10-25,文部科学省,学校基本調査 中学校 都道府県
1,0003142122,71 収容人員別　学級数（うち国立私立　都道府県別）（再掲）,201501-201512,2023-10-25,文部科学省,学校基本調査 中学校 都道府県
1,0003142084,80 職名別　教員数（兼務者）（うち公立　都道府県別）,201501-201512,2023-10-25,文部科学省,学校基本調査 中学校 都道府県
1,0003142141,81 本務教員のうち理由別休職等教員数（再掲）（うち公立　都道府県別）,201501-201512,2023-10-25,文部科学省,学校基本調査 中学校 都道府県
1,0003142142,83 本務教職員のうち教務主任等の数（再掲）（うち公立　都道府県別）,201501-201512,2023-10-25,文部科学省,学校基本調査 中学校 都道府県
1,0003142143,84 職員数（本務者）（うち公立　都道府県別）,201501-201512,2023-10-25,文部科学省,学校基本調査 中学校 都道府県
1,0003142144,85 私費負担の職員数（国・公立の本務者）（うち公立　都道府県別）,201501-201512,2023-10-25,文部科学省,学校基本調査 中学校 都道府県
1,0003142128,86 学校医等の数（うち公立　都道府県別）,201501-201512,2023-10-25,文部科学省,学校基本調査 中学校 都道府県
1,0003144697,100 都道府県別　職名別　教員数　（兼務者）,201501-201512,2023-10-25,文部科学省,学校基本調査 中学校 都道府県
1,0003144677,102 都道府県別　本務教員のうち理由別休職等教員数　（再掲）,201501-201512,2023-10-25,文部科学省,学校基本調査 中学校 都道府県
1,0003144715,105 都道府県別　本務教職員のうち教務主任等の数　（再掲）,201504-201603,2023-10-25,文部科学省,学校基本調査 中学校 都道府県
1,0003144733,107 都道府県別　職員数（本務者）,201501-201512,2023-10-25,文部科学省,学校基本調査 中学校 都道府県
1,0003144734,109 都道府県別　私費負担の職員数　（国・公立の本務者）,201501-201512,2023-10-25,文部科学省,学校基本調査 中学校 都道府県
1,0003144735,111 都道府県別　学校医等の数,201501-201512,2023-10-25,文部科学省,学校基本調査 中学校 都道府県
1,0003144453,84 都道府県別　編制方式別　学級数,201501-201512,2023-10-25,文部科学省,学校基本調査 都道府県 学校数
1,0003145081,215 都道府県別　専修学校等入学者数,201501-201512,2023-10-25,文部科学省,学校基本調査 中学校 都道府県
1,0003145340,219 都道府県別　特別支援学級卒業者の状況,201501-201512,2023-10-25,文部科学省,学校基本調査 高等専門学校 都道府県
1,0003145283,221 都道府県別　産業別　就職者数,201504-201603,2023-10-25,文部科学省,学校基本調査 中学校 都道府県
1,0003180443,73 編制方式別　学級数（うち公立　都道府県別）,201601-201612,2023-10-25,文部科学省,学校基本調査 中学校 都道府県
1,0003180540,74 収容人員別　学級数（うち公立　都道府県別）,201601-201612,2023-10-25,文部科学省,学校基本調査 中学校 都道府県
1,0003180541,74 収容人員別　学級数（うち国立私立　都道府県別）（再掲）,201601-201612,2023-10-25,文部科学省,学校基本調査 中学校 都道府県
1,0003180640,83 職名別　教員数（兼務者）（うち公立　都道府県別）,201601-201612,2023-10-25,文部科学省,学校基本調査 中学校 都道府県
1,0003180680,84 本務教員のうち理由別休職等教員数（再掲）（うち公立　都道府県別）,201601-201612,2023-10-25,文部科学省,学校基本調査 中学校 都道府県
1,0003180573,86 本務教職員のうち教務主任等の数（再掲）（うち公立　都道府県別）,201601-201612,2023-10-25,文部科学省,学校基本調査 中学校 都道府県
1,0003180701,87 職員数（本務者）（うち公立　都道府県別）,201601-201612,2023-10-25,文部科学省,学校基本調査 中学校 都道府県
1,0003180740,88 私費負担の職員数（国・公立の本務者）（うち公立　都道府県別）,201601-201612,2023-10-25,文部科学省,学校基本調査 中学校 都道府県
1,0003180721,89 学校医等の数（うち公立　都道府県別）,201601-201612,2023-10-25,文部科学省,学校基本調査 中学校 都道府県
1,0003208900,100 都道府県別本務教員のうち理由別休職等教員数（再掲）,201601-201612,2023-10-25,文部科学省,学校基本調査 中学校 都道府県
1,0003208941,103 都道府県別　本務教職員のうち教務主任等の数　（再掲）,201601-201612,2023-10-25,文部科学省,学校基本調査 中学校 都道府県
1,0003208942,105 都道府県別職員数（本務者）,201601-201612,2023-10-25,文部科学省,学校基本調査 中学校 都道府県
1,0003208943,107 都道府県別　私費負担の職員数　（国・公立の本務者）,201601-201612,2023-10-25,文部科学省,学校基本調査 中学校 都道府県
1,0003208962,109 都道府県別　学校医等の数,201601-201612,2023-10-25,文部科学省,学校基本調査 中学校 都道府県
1,0003207640,83 都道府県別　編制方式別　学級数,201601-201612,2023-10-25,文部科学省,学校基本調査 都道府県 学校数
1,0003208880,98 都道府県別職名別教員数（兼務者）,201601-201612,2023-10-25,文部科学省,学校基本調査 中学校 都道府県
1,0003211443,253 都道府県別　専修学校等入学者数,201601-201612,2023-10-25,文部科学省,学校基本調査 中学校 都道府県
1,0003211445,257 都道府県別　特別支援学級卒業者の状況,201601-201612,2023-10-25,文部科学省,学校基本調査 高等専門学校 都道府県
1,0003211481,259 都道府県別　産業別　就職者数,201601-201612,2023-10-25,文部科学省,学校基本調査 中学校 都道府県
1,0003059828,32 編制方式別　学級数（設置者別）,200604-200703,2023-10-25,文部科学省,学校基本調査 中学校 都道府県
1,0003058592,34 学年別　生徒数,200604-200703,2023-10-25,文部科学省,学校基本調査 都道府県 生徒数
1,0003059853,37 種類別　７５条の学級生徒数,200604-200703,2023-10-25,文部科学省,学校基本調査 都道府県 生徒数
1,0003059854,38 外国人生徒数,200604-200703,2023-10-25,文部科学省,学校基本調査 都道府県 生徒数
1,0003059855,39 帰国子女数（設置者別）,200604-200703,2023-10-25,文部科学省,学校基本調査 都道府県 児童数
1,0003058601,40 理由別　長期欠席生徒数,200604-200703,2023-10-25,文部科学省,学校基本調査 都道府県 生徒数
1,0003059857,42 職名別　教員数（兼務者）（設置者別）,200604-200703,2023-10-25,文部科学省,学校基本調査 中学校 都道府県
1,0003059859,43 本務教員のうち理由別休職等教員数（再掲）（設置者別）,200604-200703,2023-10-25,文部科学省,学校基本調査 中学校 都道府県
1,0003059861,45 本務教職員のうち教務主任等の数（再掲）（設置者別）,200604-200703,2023-10-25,文部科学省,学校基本調査 中学校 都道府県
1,0003059863,46 職員数（本務者）（設置者別）,200604-200703,2023-10-25,文部科学省,学校基本調査 中学校 都道府県
1,0003059865,47 私費負担の職員数（国・公立の本務者）（設置者別）,200604-200703,2023-10-25,文部科学省,学校基本調査 中学校 都道府県
1,0003059867,48 学校医等の数（設置者別）,200604-200703,2023-10-25,文部科学省,学校基本調査 中学校 都道府県
1,0003058616,49 へき地等指定学校数（公立）,200604-200703,2023-10-25,文部科学省,学校基本調査 都道府県 学校数
1,0003058617,50 へき地等指定学校の生徒数（公立）,200604-200703,2023-10-25,文部科学省,学校基本調査 都道府県 生徒数
1,0003046102,34 学年別　生徒数,200704-200803,2023-10-25,文部科学省,学校基本調査 都道府県 生徒数
1,0003046109,40 理由別　長期欠席生徒数,200704-200803,2023-10-25,文部科学省,学校基本調査 都道府県 生徒数
1,0003046126,49 へき地等指定学校数（公立）,200704-200803,2023-10-25,文部科学省,学校基本調査 都道府県 学校数
1,0003046127,50 へき地等指定学校の生徒数（公立）,200704-200803,2023-10-25,文部科学省,学校基本調査 都道府県 生徒数
1,0003013757,53 学年別生徒数,0,2023-10-25,文部科学省,学校基本調査 都道府県 生徒数
1,0003013260,59 理由別長期欠席生徒数（平成19年度間）,0,2023-10-25,文部科学省,学校基本調査 都道府県 生徒数
1,0003010653,213 都道府県専修学校等への入学者数 国立・公立・私立【計】,0,2023-10-25,文部科学省,学校基本調査 中学校 都道府県
1,0003065521,編制方式別　学級数（設置者別）,0,2023-10-25,文部科学省,学校基本調査 中学校 都道府県
1,0003065526,学年別　生徒数,0,2023-10-25,文部科学省,学校基本調査 都道府県 生徒数
1,0003065531,種類別　特別支援学級生徒数,0,2023-10-25,文部科学省,学校基本調査 都道府県 生徒数
1,0003065532,外国人生徒数,0,2023-10-25,文部科学省,学校基本調査 都道府県 生徒数
1,0003065535,理由別　長期欠席生徒数（前年度間）,0,2023-10-25,文部科学省,学校基本調査 都道府県 生徒数
1,0003065537,職名別　教員数（兼務者）（設置者別）,0,2023-10-25,文部科学省,学校基本調査 中学校 都道府県
1,0003065539,本務教員のうち理由別休職等教員数（再掲）（設置者別）,0,2023-10-25,文部科学省,学校基本調査 中学校 都道府県
1,0003065542,本務教職員のうち教務主任等の数（再掲）（設置者別）,0,2023-10-25,文部科学省,学校基本調査 中学校 都道府県
1,0003065544,職員数（本務者）（設置者別）,0,2023-10-25,文部科学省,学校基本調査 中学校 都道府県
1,0003065546,私費負担の職員数（国・公立の本務者）（設置者別）,0,2023-10-25,文部科学省,学校基本調査 中学校 都道府県
1,0003065548,学校医等の数（設置者別）,0,2023-10-25,文部科学省,学校基本調査 中学校 都道府県
1,0003065550,へき地等指定学校数（公立）,0,2023-10-25,文部科学省,学校基本調査 都道府県 学校数
1,0003065551,へき地等指定学校の生徒数（公立）,0,2023-10-25,文部科学省,学校基本調査 都道府県 生徒数
1,0003065814,状況別　卒業者数（設置者別）,0,2023-10-25,文部科学省,学校基本調査 中学校 都道府県
1,0003065826,特別支援学級卒業者の状況（設置者別）,0,2023-10-25,文部科学省,学校基本調査 高等専門学校 都道府県
1,0003103894,52 編制方式別　学級数（設置者別）,201401-201412,2023-10-25,文部科学省,学校基本調査 中学校 都道府県
1,0003104068,54 学年別　生徒数,201401-201412,2023-10-25,文部科学省,学校基本調査 都道府県 生徒数
1,0003104086,57 種類別　特別支援学級生徒数,201401-201412,2023-10-25,文部科学省,学校基本調査 都道府県 生徒数
1,0003104087,58 外国人生徒数,201401-201412,2023-10-25,文部科学省,学校基本調査 都道府県 生徒数
1,0003104033,60 理由別　長期欠席生徒数（前年度間）,201401-201412,2023-10-25,文部科学省,学校基本調査 都道府県 生徒数
1,0003104072,62 職名別　教員数（兼務者）（設置者別）,201401-201412,2023-10-25,文部科学省,学校基本調査 中学校 都道府県
1,0003104073,63 本務教員のうち理由別休職等教員数（再掲）（設置者別）,201401-201412,2023-10-25,文部科学省,学校基本調査 中学校 都道府県
1,0003104089,65 本務教職員のうち教務主任等の数（再掲）（設置者別）,201401-201412,2023-10-25,文部科学省,学校基本調査 中学校 都道府県
1,0003104090,66 職員数（本務者）（設置者別）,201401-201412,2023-10-25,文部科学省,学校基本調査 中学校 都道府県
1,0003104040,67 私費負担の職員数（国・公立の本務者）（設置者別）,201401-201412,2023-10-25,文部科学省,学校基本調査 中学校 都道府県
1,0003104092,68 学校医等の数（設置者別）,201401-201412,2023-10-25,文部科学省,学校基本調査 中学校 都道府県
1,0003104044,69 へき地等指定学校数（公立）,201401-201412,2023-10-25,文部科学省,学校基本調査 都道府県 学校数
1,0003104074,70 へき地等指定学校の生徒数（公立）,201401-201412,2023-10-25,文部科学省,学校基本調査 都道府県 生徒数
1,0003105595,211 状況別　卒業者数（設置者別）,201401-201412,2023-10-25,文部科学省,学校基本調査 中学校 都道府県
1,0003105718,217 特別支援学級卒業者の状況（設置者別）,201401-201412,2023-10-25,文部科学省,学校基本調査 高等専門学校 都道府県
1,0003142100,70 編制方式別　学級数（設置者別）,201501-201512,2023-10-25,文部科学省,学校基本調査 中学校 都道府県
1,0003142080,72 学年別　生徒数,201501-201512,2023-10-25,文部科学省,学校基本調査 都道府県 生徒数
1,0003142081,75 種類別　特別支援学級生徒数,201501-201512,2023-10-25,文部科学省,学校基本調査 都道府県 生徒数
1,0003142124,76 外国人生徒数,201501-201512,2023-10-25,文部科学省,学校基本調査 都道府県 生徒数
1,0003142083,78 理由別　長期欠席生徒数（前年度間）,201501-201512,2023-10-25,文部科学省,学校基本調査 都道府県 生徒数
1,0003142153,80 職名別　教員数（兼務者）（設置者別）,201501-201512,2023-10-25,文部科学省,学校基本調査 中学校 都道府県
1,0003142126,81 本務教員のうち理由別休職等教員数（再掲）（設置者別）,201501-201512,2023-10-25,文部科学省,学校基本調査 中学校 都道府県
1,0003142085,83 本務教職員のうち教務主任等の数（再掲）（設置者別）,201501-201512,2023-10-25,文部科学省,学校基本調査 中学校 都道府県
1,0003142154,84 職員数（本務者）（設置者別）,201501-201512,2023-10-25,文部科学省,学校基本調査 中学校 都道府県
1,0003142155,85 私費負担の職員数（国・公立の本務者）（設置者別）,201501-201512,2023-10-25,文部科学省,学校基本調査 中学校 都道府県
1,0003142174,86 学校医等の数（設置者別）,201501-201512,2023-10-25,文部科学省,学校基本調査 中学校 都道府県
1,0003142175,87 へき地等指定学校数（公立）,201501-201512,2023-10-25,文部科学省,学校基本調査 都道府県 学校数
1,0003142193,88 へき地等指定学校の生徒数（公立）,201501-201512,2023-10-25,文部科学省,学校基本調査 都道府県 生徒数
1,0003142879,229 状況別　卒業者数（設置者別）,201501-201512,2023-10-25,文部科学省,学校基本調査 中学校 都道府県
1,0003142935,235 特別支援学級卒業者の状況（設置者別）,201501-201512,2023-10-25,文部科学省,学校基本調査 高等専門学校 都道府県
1,0003180482,73 編制方式別　学級数（設置者別）,201601-201612,2023-10-25,文部科学省,学校基本調査 中学校 都道府県
1,0003180562,75 学年別　生徒数,201601-201612,2023-10-25,文部科学省,学校基本調査 都道府県 生徒数
1,0003180622,78 種類別　特別支援学級生徒数,201601-201612,2023-10-25,文部科学省,学校基本調査 都道府県 生徒数
1,0003180588,79 外国人生徒数,201601-201612,2023-10-25,文部科学省,学校基本調査 都道府県 生徒数
1,0003180572,83 職名別　教員数（兼務者）（設置者別）,201601-201612,2023-10-25,文部科学省,学校基本調査 中学校 都道府県
1,0003180660,84 本務教員のうち理由別休職等教員数（再掲）（設置者別）,201601-201612,2023-10-25,文部科学省,学校基本調査 中学校 都道府県
1,0003180661,86 本務教職員のうち教務主任等の数（再掲）（設置者別）,201601-201612,2023-10-25,文部科学省,学校基本調査 中学校 都道府県
1,0003180700,87 職員数（本務者）（設置者別）,201601-201612,2023-10-25,文部科学省,学校基本調査 中学校 都道府県
1,0003180720,88 私費負担の職員数（国・公立の本務者）（設置者別）,201601-201612,2023-10-25,文部科学省,学校基本調査 中学校 都道府県
1,0003180741,89 学校医等の数（設置者別）,201601-201612,2023-10-25,文部科学省,学校基本調査 中学校 都道府県
1,0003180760,90 へき地等指定学校数（公立）,201601-201612,2023-10-25,文部科学省,学校基本調査 都道府県 学校数
1,0003180780,91 へき地等指定学校の生徒数（公立）,201601-201612,2023-10-25,文部科学省,学校基本調査 都道府県 生徒数
1,0003189679,257 状況別　卒業者数（設置者別）,201601-201612,2023-10-25,文部科学省,学校基本調査 中学校 都道府県
1,0003189902,263 特別支援学級卒業者の状況（設置者別）,201601-201612,2023-10-25,文部科学省,学校基本調査 高等専門学校 都道府県
1,0003046574,74 都道府県別　入学状況（本科）,200704-200803,2023-10-25,文部科学省,学校基本調査 高等学校 都道府県
1,0003060070,74 都道府県別　入学状況（本科）,200604-200703,2023-10-25,文部科学省,学校基本調査 高等学校 都道府県
1,0003065599,都道府県別　入学状況（本科）,0,2023-10-25,文部科学省,学校基本調査 高等学校 都道府県
1,0003104571,94 都道府県別　入学状況（本科）,201401-201412,2023-10-25,文部科学省,学校基本調査 高等学校 都道府県
1,0003142334,112 都道府県別　入学状況（本科）,201501-201512,2023-10-25,文部科学省,学校基本調査 高等学校 都道府県
1,0003208480,141 都道府県別　入学状況（本科）,201601-201612,2023-10-25,文部科学省,学校基本調査 高等学校 都道府県
1,0003046368,65 都道府県別　学科数（本科）（都道府県別）,200704-200803,2023-10-25,文部科学省,学校基本調査 高等学校 都道府県
1,0003060058,65 都道府県別　学科数（本科）（うち公立　都道府県別）,200604-200703,2023-10-25,文部科学省,学校基本調査 高等学校 都道府県
1,0003065587,都道府県別　学科数（本科）（うち公立　都道府県別）,0,2023-10-25,文部科学省,学校基本調査 高等学校 都道府県
1,0003104465,85 都道府県別　学科数（本科）（うち公立　都道府県別）,201401-201412,2023-10-25,文部科学省,学校基本調査 高等学校 都道府県
1,0003142273,103 都道府県別　学科数（本科）（うち公立　都道府県別）,201501-201512,2023-10-25,文部科学省,学校基本調査 高等学校 都道府県
1,0003180816,133 都道府県別　学科数（本科）（うち公立　都道府県別）,201601-201612,2023-10-25,文部科学省,学校基本調査 高等学校 都道府県
1,0003046366,64 都道府県別　学級数（公立の本科）,200704-200803,2023-10-25,文部科学省,学校基本調査 高等学校 都道府県
1,0003046573,73 帰国子女数（都道府県別）,200704-200803,2023-10-25,文部科学省,学校基本調査 都道府県 児童数
1,0003046577,76 学校医等の数（うち公立　都道府県別）,200704-200803,2023-10-25,文部科学省,学校基本調査 高等学校 都道府県
1,0003046583,79 本務教員のうち理由別休職等教員数（再掲）（都道府県別）,200704-200803,2023-10-25,文部科学省,学校基本調査 高等学校 都道府県
1,0003046585,80 本務教職員のうち教務主任等の数（再掲）（うち公立　都道府県別）,200704-200803,2023-10-25,文部科学省,学校基本調査 高等学校 都道府県
1,0003046587,81 定時制課程を兼任している教員数（うち公立　都道府県別）,200704-200803,2023-10-25,文部科学省,学校基本調査 高等学校 都道府県
1,0003046686,94 入学者数・退学者数（本科）及び単位修得者数（うち公立　都道府県別）,200704-200803,2023-10-25,文部科学省,学校基本調査 高等学校 都道府県
1,0003046687,94 入学者数・退学者数（本科）及び単位修得者数（うち私立　都道府県別）,200704-200803,2023-10-25,文部科学省,学校基本調査 高等学校 都道府県
1,0003046690,95 職名別　教員数（うち公立の本務者　都道府県別）,200704-200803,2023-10-25,文部科学省,学校基本調査 高等学校 都道府県
1,0003046691,95 職名別　教員数（うち私立の本務者　都道府県別）,200704-200803,2023-10-25,文部科学省,学校基本調査 高等学校 都道府県
1,0003046692,95 職名別　教員数（うち公立の兼務者　都道府県別）,200704-200803,2023-10-25,文部科学省,学校基本調査 高等学校 都道府県
1,0003046693,95 職名別　教員数（うち私立の兼務者　都道府県別）,200704-200803,2023-10-25,文部科学省,学校基本調査 高等学校 都道府県
1,0003046695,96 本務教員のうち教務主任等の数（再掲）（うち公立　都道府県別）,200704-200803,2023-10-25,文部科学省,学校基本調査 高等学校 都道府県
1,0003046696,96 本務教員のうち教務主任等の数（再掲）（うち私立　都道府県別）,200704-200803,2023-10-25,文部科学省,学校基本調査 高等学校 都道府県
1,0003046698,97 職員数（本務者）（うち公立　都道府県別）,200704-200803,2023-10-25,文部科学省,学校基本調査 高等学校 都道府県
1,0003046699,97 職員数（本務者）（うち私立　都道府県別）,200704-200803,2023-10-25,文部科学省,学校基本調査 高等学校 都道府県
1,0003058812,64 都道府県別　学級数（公立の本科）,200604-200703,2023-10-25,文部科学省,学校基本調査 高等学校 都道府県
1,0003060069,73 帰国子女数（都道府県別）,200604-200703,2023-10-25,文部科学省,学校基本調査 都道府県 児童数
1,0003060073,76 学校医等の数（うち公立　都道府県別）,200604-200703,2023-10-25,文部科学省,学校基本調査 高等学校 都道府県
1,0003060079,79 本務教員のうち理由別休職等教員数（再掲）（都道府県別）,200604-200703,2023-10-25,文部科学省,学校基本調査 高等学校 都道府県
1,0003060081,80 本務教職員のうち教務主任等の数（再掲）（うち公立　都道府県別）,200604-200703,2023-10-25,文部科学省,学校基本調査 高等学校 都道府県
1,0003060132,81 定時制課程を兼任している教員数（うち公立　都道府県別）,200604-200703,2023-10-25,文部科学省,学校基本調査 高等学校 都道府県
1,0003060207,94 入学者数・退学者数（本科）及び単位修得者数（うち公立　都道府県別）,200604-200703,2023-10-25,文部科学省,学校基本調査 高等学校 都道府県
1,0003060208,94 入学者数・退学者数（本科）及び単位修得者数（うち私立　都道府県別）,200604-200703,2023-10-25,文部科学省,学校基本調査 高等学校 都道府県
1,0003060211,95 職名別　教員数（うち公立の本務者　都道府県別）,200604-200703,2023-10-25,文部科学省,学校基本調査 高等学校 都道府県
1,0003060212,95 職名別　教員数（うち私立の本務者　都道府県別）,200604-200703,2023-10-25,文部科学省,学校基本調査 高等学校 都道府県
1,0003060213,95 職名別　教員数（うち公立の兼務者　都道府県別）,200604-200703,2023-10-25,文部科学省,学校基本調査 高等学校 都道府県
1,0003060214,95 職名別　教員数（うち私立の兼務者　都道府県別）,200604-200703,2023-10-25,文部科学省,学校基本調査 高等学校 都道府県
1,0003060216,96 本務教員のうち教務主任等の数（再掲）（うち公立　都道府県別）,200604-200703,2023-10-25,文部科学省,学校基本調査 高等学校 都道府県
1,0003060217,96 本務教員のうち教務主任等の数（再掲）（うち私立　都道府県別）,200604-200703,2023-10-25,文部科学省,学校基本調査 高等学校 都道府県
1,0003060219,97 職員数（本務者）（うち公立　都道府県別）,200604-200703,2023-10-25,文部科学省,学校基本調査 高等学校 都道府県
1,0003060220,97 職員数（本務者）（うち私立　都道府県別）,200604-200703,2023-10-25,文部科学省,学校基本調査 高等学校 都道府県
1,0003044272,106 都道府県別  学校医等の数,0,2023-10-25,文部科学省,学校基本調査 高等学校 都道府県
1,0003044278,112 都道府県別　本務教員のうち理由別休職等教員数（再掲）,0,2023-10-25,文部科学省,学校基本調査 高等学校 都道府県
1,0003044280,114 都道府県別　本務教職員のうち教務主任等の数（再掲）,0,2023-10-25,文部科学省,学校基本調査 高等学校 都道府県
1,0003044282,116 都道府県別　定時制課程を兼任している教員数,0,2023-10-25,文部科学省,学校基本調査 高等学校 都道府県
1,0003035911,108 都道府県別学校医等の数,0,2023-10-25,文部科学省,学校基本調査 高等学校 都道府県
1,0003035930,114 都道府県別本務教員のうち理由別休職等教員数（再掲）,0,2023-10-25,文部科学省,学校基本調査 高等学校 都道府県
1,0003035932,116 都道府県別本務教職員のうち教務主任等の数（再掲）,0,2023-10-25,文部科学省,学校基本調査 高等学校 都道府県
1,0003035970,118 都道府県別定時制課程を兼任している教員数,0,2023-10-25,文部科学省,学校基本調査 高等学校 都道府県
1,0003043080,108 都道府県別  学校医等の数,201004-201103,2023-10-25,文部科学省,学校基本調査 高等学校 都道府県
1,0003043209,114 都道府県別　本務教員のうち理由別休職等教員数（再掲）,201004-201103,2023-10-25,文部科学省,学校基本調査 高等学校 都道府県
1,0003041097,116 都道府県別　本務教職員のうち教務主任等の数（再掲）,201004-201103,2023-10-25,文部科学省,学校基本調査 高等学校 都道府県
1,0003043273,118 都道府県別　定時制課程を兼任している教員数,201004-201103,2023-10-25,文部科学省,学校基本調査 高等学校 都道府県
1,0003065585,都道府県別　学級数（公立の本科）,0,2023-10-25,文部科学省,学校基本調査 高等学校 都道府県
1,0003065602,学校医等の数（うち公立　都道府県別）,0,2023-10-25,文部科学省,学校基本調査 高等学校 都道府県
1,0003065608,本務教員のうち理由別休職等教員数（再掲）（都道府県別）,0,2023-10-25,文部科学省,学校基本調査 高等学校 都道府県
1,0003065610,本務教職員のうち教務主任等の数（再掲）（うち公立　都道府県別）,0,2023-10-25,文部科学省,学校基本調査 高等学校 都道府県
1,0003065612,定時制課程を兼任している教員数（うち公立　都道府県別）,0,2023-10-25,文部科学省,学校基本調査 高等学校 都道府県
1,0003071509,職名別　教員数（都道府県別）,0,2023-10-25,文部科学省,学校基本調査 高等学校 都道府県
1,0003071510,職員数（本務者）（都道府県別）,0,2023-10-25,文部科学省,学校基本調査 高等学校 都道府県
1,0003071520,入学者数・退学者数（本科）及び単位修得者数（都道府県別）,0,2023-10-25,文部科学省,学校基本調査 高等学校 都道府県
1,0003071521,本務教員のうち教務主任等の数（再掲）（都道府県別）,0,2023-10-25,文部科学省,学校基本調査 高等学校 都道府県
1,0003077849,108 都道府県別　学校医等の数,0,2023-10-25,文部科学省,学校基本調査 高等学校 都道府県
1,0003077861,114 都道府県別　本務職員のうち理由別休職等教員数　（再掲）,0,2023-10-25,文部科学省,学校基本調査 高等学校 都道府県
1,0003083784,116 都道府県別　本務教職員のうち教務主任等の数　（再掲）,0,2023-10-25,文部科学省,学校基本調査 高等学校 都道府県
1,0003077862,118 都道府県別　定時制課程を兼任している教員数,0,2023-10-25,文部科学省,学校基本調査 高等学校 都道府県
1,0003095450,118 都道府県別　定時制課程を兼任している教員数,201301-201312,2023-10-25,文部科学省,学校基本調査 高等学校 都道府県
1,0003112601,108 都道府県別　学校医等の数,201401-201412,2023-10-25,文部科学省,学校基本調査 高等学校 都道府県
1,0003112971,114 都道府県別　本務職員のうち理由別休職等教員数　（再掲）,201401-201412,2023-10-25,文部科学省,学校基本調査 高等学校 都道府県
1,0003112988,116 都道府県別　本務教職員のうち教務主任等の数　（再掲）,201401-201412,2023-10-25,文部科学省,学校基本調査 高等学校 都道府県
1,0003112974,118 都道府県別　定時制課程を兼任している教員数,201301-201312,2023-10-25,文部科学省,学校基本調査 高等学校 都道府県
1,0003104546,100 本務教職員のうち教務主任等の数（再掲）（うち公立　都道府県別）,201401-201412,2023-10-25,文部科学省,学校基本調査 高等学校 都道府県
1,0003104463,101 定時制課程を兼任している教員数（うち公立　都道府県別）,201401-201412,2023-10-25,文部科学省,学校基本調査 高等学校 都道府県
1,0003104443,84 都道府県別　学級数（公立の本科）,201401-201412,2023-10-25,文部科学省,学校基本調査 高等学校 都道府県
1,0003104479,96 学校医等の数（うち公立　都道府県別）,201401-201412,2023-10-25,文部科学省,学校基本調査 高等学校 都道府県
1,0003104605,99 本務教員のうち理由別休職等教員数（再掲）（都道府県別）,201401-201412,2023-10-25,文部科学省,学校基本調査 高等学校 都道府県
1,0003104751,114 入学者数・退学者数（本科）及び単位修得者数（都道府県別）,201401-201412,2023-10-25,文部科学省,学校基本調査 高等学校 都道府県
1,0003104785,115 職名別　教員数（都道府県別）,201401-201412,2023-10-25,文部科学省,学校基本調査 高等学校 都道府県
1,0003104753,116 本務教員のうち教務主任等の数（再掲）（都道府県別）,201401-201412,2023-10-25,文部科学省,学校基本調査 高等学校 都道府県
1,0003104740,117 職員数（本務者）（都道府県別）,201401-201412,2023-10-25,文部科学省,学校基本調査 高等学校 都道府県
1,0003142236,102 都道府県別　学級数（公立の本科）,201501-201512,2023-10-25,文部科学省,学校基本調査 高等学校 都道府県
1,0003142520,114 学校医等の数（うち公立　都道府県別）,201501-201512,2023-10-25,文部科学省,学校基本調査 高等学校 都道府県
1,0003142539,117 本務教員のうち理由別休職等教員数（再掲）（都道府県別）,201501-201512,2023-10-25,文部科学省,学校基本調査 高等学校 都道府県
1,0003142564,118 本務教職員のうち教務主任等の数（再掲）（うち公立　都道府県別）,201501-201512,2023-10-25,文部科学省,学校基本調査 高等学校 都道府県
1,0003142504,119 定時制課程を兼任している教員数（うち公立　都道府県別）,201501-201512,2023-10-25,文部科学省,学校基本調査 高等学校 都道府県
1,0003142593,132 入学者数・退学者数（本科）及び単位修得者数（都道府県別）,201501-201512,2023-10-25,文部科学省,学校基本調査 高等学校 都道府県
1,0003142594,133 職名別　教員数（都道府県別）,201501-201512,2023-10-25,文部科学省,学校基本調査 高等学校 都道府県
1,0003142595,134 本務教員のうち教務主任等の数（再掲）（都道府県別）,201501-201512,2023-10-25,文部科学省,学校基本調査 高等学校 都道府県
1,0003142596,135 職員数（本務者）（都道府県別）,201501-201512,2023-10-25,文部科学省,学校基本調査 高等学校 都道府県
1,0003144780,129 都道府県別　学校医等の数,201501-201512,2023-10-25,文部科学省,学校基本調査 高等学校 都道府県
1,0003144761,135 都道府県別　本務職員のうち理由別休職等教員数　（再掲）,201501-201512,2023-10-25,文部科学省,学校基本調査 高等学校 都道府県
1,0003144822,137 都道府県別　本務教職員のうち教務主任等の数　（再掲）,201501-201512,2023-10-25,文部科学省,学校基本調査 高等学校 都道府県
1,0003144784,139 都道府県別　定時制課程を兼任している教員数,201501-201512,2023-10-25,文部科学省,学校基本調査 高等学校 都道府県
1,0003180964,132 都道府県別　学級数（公立の本科）,201601-201612,2023-10-25,文部科学省,学校基本調査 高等学校 都道府県
1,0003181201,143 学校医等の数（うち公立　都道府県別）,201601-201612,2023-10-25,文部科学省,学校基本調査 高等学校 都道府県
1,0003181281,146 本務教員のうち理由別休職等教員数（再掲）（都道府県別）,201601-201612,2023-10-25,文部科学省,学校基本調査 高等学校 都道府県
1,0003181300,147 本務教職員のうち教務主任等の数（再掲）（うち公立　都道府県別）,201601-201612,2023-10-25,文部科学省,学校基本調査 高等学校 都道府県
1,0003181263,148 定時制課程を兼任している教員数（うち公立　都道府県別）,201601-201612,2023-10-25,文部科学省,学校基本調査 高等学校 都道府県
1,0003182642,161 入学者数・退学者数（本科）及び単位修得者数（都道府県別）,201601-201612,2023-10-25,文部科学省,学校基本調査 高等学校 都道府県
1,0003182644,162 職名別　教員数（都道府県別）,201601-201612,2023-10-25,文部科学省,学校基本調査 高等学校 都道府県
1,0003182661,163 本務教員のうち教務主任等の数（再掲）（都道府県別）,201601-201612,2023-10-25,文部科学省,学校基本調査 高等学校 都道府県
1,0003182681,164 職員数（本務者）（都道府県別）,201601-201612,2023-10-25,文部科学省,学校基本調査 高等学校 都道府県
1,0003209640,167 都道府県別　学校医等の数,201601-201612,2023-10-25,文部科学省,学校基本調査 高等学校 都道府県
1,0003209605,173 都道府県別　本務教員のうち理由別休職等教員数,201601-201612,2023-10-25,文部科学省,学校基本調査 高等学校 都道府県
1,0003209681,175 都道府県別　本務教職員のうち教務主任等の数　（再掲）,201601-201612,2023-10-25,文部科学省,学校基本調査 高等学校 都道府県
1,0003209643,177 都道府県別　定時制課程を兼任している教員数,201601-201612,2023-10-25,文部科学省,学校基本調査 高等学校 都道府県
1,0003046725,108 後期課程の都道府県別１年次への編入学者数,200704-200803,2023-10-25,文部科学省,学校基本調査 高等学校 都道府県
1,0003046727,109 前期課程の編制方式別学級数（うち公立　都道府県別）,200704-200803,2023-10-25,文部科学省,学校基本調査 高等学校 都道府県
1,0003048009,110 前期課程の収容人員別学級数（うち公立　都道府県別）,200704-200803,2023-10-25,文部科学省,学校基本調査 高等学校 都道府県
1,0003048010,110 前期課程の収容人員別学級数（うち国立私立　都道府県別）,200704-200803,2023-10-25,文部科学省,学校基本調査 高等学校 都道府県
1,0003046731,111 後期課程の都道府県別学級数（公立の本科）,200704-200803,2023-10-25,文部科学省,学校基本調査 高等学校 都道府県
1,0003046733,112 後期課程の都道府県別学科数（本科）（うち公立　都道府県別）,200704-200803,2023-10-25,文部科学省,学校基本調査 高等学校 都道府県
1,0003046747,122 職名別教員数（本務者）（都道府県別）,200704-200803,2023-10-25,文部科学省,学校基本調査 高等学校 都道府県
1,0003046749,123 職名別教員数（兼務者）（都道府県別）,200704-200803,2023-10-25,文部科学省,学校基本調査 高等学校 都道府県
1,0003046751,124 本務教員のうち理由別休職等教員数（再掲）（都道府県別）,200704-200803,2023-10-25,文部科学省,学校基本調査 高等学校 都道府県
1,0003046753,125 学校医等の数（うち公立　都道府県別）,200704-200803,2023-10-25,文部科学省,学校基本調査 高等学校 都道府県
1,0003046755,126 本務教職員のうち教務主任等の数（再掲）（うち公立　都道府県別）,200704-200803,2023-10-25,文部科学省,学校基本調査 高等学校 都道府県
1,0003046757,127 職員数（本務者）（うち公立　都道府県別）,200704-200803,2023-10-25,文部科学省,学校基本調査 高等学校 都道府県
1,0003046924,139 都道府県別　学級数（うち公立　都道府県別）,200704-200803,2023-10-25,文部科学省,学校基本調査 高等学校 都道府県
1,0003046936,148 職名別　教員数（都道府県別）,200704-200803,2023-10-25,文部科学省,学校基本調査 高等学校 都道府県
1,0003046938,149 担当障害種別　職名別　教員数（本務者）（都道府県別）,200704-200803,2023-10-25,文部科学省,学校基本調査 高等学校 都道府県
1,0003046940,150 担当障害種別　職名別　教員数（兼務者）（都道府県別）,200704-200803,2023-10-25,文部科学省,学校基本調査 高等学校 都道府県
1,0003046942,151 本務教員のうち理由別休職等教員数（再掲）（うち公立　都道府県別）,200704-200803,2023-10-25,文部科学省,学校基本調査 高等学校 都道府県
1,0003046945,153 本務教職員のうち教務主任等の数（再掲）（うち公立　都道府県別）,200704-200803,2023-10-25,文部科学省,学校基本調査 高等学校 都道府県
1,0003046947,154 職員別（本務者）（うち公立　都道府県別）,200704-200803,2023-10-25,文部科学省,学校基本調査 高等学校 都道府県
1,0003046949,155 寄宿舎専任職員数（再掲）（うち公立　都道府県別）,200704-200803,2023-10-25,文部科学省,学校基本調査 高等学校 都道府県
1,0003046951,156 学校医等の数（うち公立　都道府県別）,200704-200803,2023-10-25,文部科学省,学校基本調査 高等学校 都道府県
1,0003047222,183 都道府県別　学科数,200704-200803,2023-10-25,文部科学省,学校基本調査 高等学校 都道府県
1,0003047227,187 都道府県別　入学状況,200704-200803,2023-10-25,文部科学省,学校基本調査 高等学校 都道府県
1,0003047230,189 都道府県別　卒業者数（都道府県別）,200704-200803,2023-10-25,文部科学省,学校基本調査 高等学校 都道府県
1,0003047238,196 都道府県別　教員数（本務者）,200704-200803,2023-10-25,文部科学省,学校基本調査 高等学校 都道府県
1,0003047241,197 都道府県別　教員数（兼務者）,200704-200803,2023-10-25,文部科学省,学校基本調査 高等学校 都道府県
1,0003047261,206 都道府県別　入学者数及び卒業者数（都道府県別）,200704-200803,2023-10-25,文部科学省,学校基本調査 高等学校 都道府県
1,0003022055,207 都道府県別　教員数(本務者),200704-200803,2023-10-25,文部科学省,学校基本調査 高等学校 都道府県
1,0003022761,208 都道府県別　教員数(兼務者),200704-200803,2023-10-25,文部科学省,学校基本調査 高等学校 都道府県
1,0003047540,242 都道府県別　専修学校等への入学者数,200701-200712,2023-10-25,文部科学省,学校基本調査 高等学校 都道府県
1,0003061473,107 前期課程の編制方式別学級数（うち公立　都道府県別）,200604-200703,2023-10-25,文部科学省,学校基本調査 高等学校 都道府県
1,0003061475,108 前期課程の収容人員別学級数（うち公立　都道府県別）,200604-200703,2023-10-25,文部科学省,学校基本調査 高等学校 都道府県
1,0003061476,108 前期課程の収容人員別学級数（うち国立私立　都道府県別）,200604-200703,2023-10-25,文部科学省,学校基本調査 高等学校 都道府県
1,0003061477,109 後期課程の都道府県別学級数（公立の本科）,200604-200703,2023-10-25,文部科学省,学校基本調査 高等学校 都道府県
1,0003061479,110 後期課程の都道府県別学科数（本科）（うち公立　都道府県別）,200604-200703,2023-10-25,文部科学省,学校基本調査 高等学校 都道府県
1,0003061493,120 職名別　教員数（本務者）（都道府県別）,200604-200703,2023-10-25,文部科学省,学校基本調査 高等学校 都道府県
1,0003061495,121 職名別　教員数（兼務者）（都道府県別）,200604-200703,2023-10-25,文部科学省,学校基本調査 高等学校 都道府県
1,0003061497,122 本務教員のうち理由別休職等教員数（再掲）（都道府県別）,200604-200703,2023-10-25,文部科学省,学校基本調査 高等学校 都道府県
1,0003059734,123 学校医等の数（うち公立　都道府県別）,200604-200703,2023-10-25,文部科学省,学校基本調査 高等学校 都道府県
1,0003059736,124 本務教職員のうち教務主任等の数（再掲）（うち公立　都道府県別）,200604-200703,2023-10-25,文部科学省,学校基本調査 高等学校 都道府県
1,0003059738,125 職員数（本務者）（うち公立　都道府県別）,200604-200703,2023-10-25,文部科学省,学校基本調査 高等学校 都道府県
1,0003060231,135 都道府県別　学級数（うち公立　都道府県別）,200604-200703,2023-10-25,文部科学省,学校基本調査 高等学校 都道府県
1,0003060243,144 職名別　教員数（うち公立　都道府県別）,200604-200703,2023-10-25,文部科学省,学校基本調査 高等学校 都道府県
1,0003060245,145 本務教員のうち理由別休職等教員数（再掲）（うち公立　都道府県別）,200604-200703,2023-10-25,文部科学省,学校基本調査 高等学校 都道府県
1,0003060247,147 本務教職員のうち教務主任等の数（再掲）（うち公立　都道府県別）,200604-200703,2023-10-25,文部科学省,学校基本調査 高等学校 都道府県
1,0003060249,148 職員別（本務者）（うち公立　都道府県別）,200604-200703,2023-10-25,文部科学省,学校基本調査 高等学校 都道府県
1,0003060251,149 寄宿舎専任職員数（再掲）（うち公立　都道府県別）,200604-200703,2023-10-25,文部科学省,学校基本調査 高等学校 都道府県
1,0003060253,150 学校医等の数（うち公立　都道府県別）,200604-200703,2023-10-25,文部科学省,学校基本調査 高等学校 都道府県
1,0003060756,155 都道府県別　学級数（うち公立　都道府県別）,200604-200703,2023-10-25,文部科学省,学校基本調査 高等学校 都道府県
1,0003060768,164 職名別　教員数（うち公立　都道府県別）,200604-200703,2023-10-25,文部科学省,学校基本調査 高等学校 都道府県
1,0003060770,165 本務教員のうち理由別休職等教員数（再掲）（うち公立　都道府県別）,200604-200703,2023-10-25,文部科学省,学校基本調査 高等学校 都道府県
1,0003060772,167 本務教職員のうち教務主任等の数（再掲）（うち公立　都道府県別）,200604-200703,2023-10-25,文部科学省,学校基本調査 高等学校 都道府県
1,0003060774,168 職員別（本務者）（うち公立　都道府県別）,200604-200703,2023-10-25,文部科学省,学校基本調査 高等学校 都道府県
1,0003060776,169 寄宿舎専任職員数（再掲）（うち公立　都道府県別）,200604-200703,2023-10-25,文部科学省,学校基本調査 高等学校 都道府県
1,0003060778,170 学校医等の数（うち公立　都道府県別）,200604-200703,2023-10-25,文部科学省,学校基本調査 高等学校 都道府県
1,0003060800,177 都道府県別　学級数（うち公立　都道府県別）,200604-200703,2023-10-25,文部科学省,学校基本調査 高等学校 都道府県
1,0003060812,186 職名別　教員数（都道府県別）,200604-200703,2023-10-25,文部科学省,学校基本調査 高等学校 都道府県
1,0003060814,187 本務教員のうち理由別休職等教員数（再掲）（うち公立　都道府県別）,200604-200703,2023-10-25,文部科学省,学校基本調査 高等学校 都道府県
1,0003060817,189 本務教職員のうち教務主任等の数（再掲）（うち公立　都道府県別）,200604-200703,2023-10-25,文部科学省,学校基本調査 高等学校 都道府県
1,0003060819,190 職員別（本務者）（うち公立　都道府県別）,200604-200703,2023-10-25,文部科学省,学校基本調査 高等学校 都道府県
1,0003060821,191 寄宿舎専任職員数（再掲）（うち公立　都道府県別）,200604-200703,2023-10-25,文部科学省,学校基本調査 高等学校 都道府県
1,0003060823,192 学校医等の数（うち公立　都道府県別）,200604-200703,2023-10-25,文部科学省,学校基本調査 高等学校 都道府県
1,0003059591,219 都道府県別　学科数,200604-200703,2023-10-25,文部科学省,学校基本調査 高等学校 都道府県
1,0003059596,223 都道府県別　入学状況,200604-200703,2023-10-25,文部科学省,学校基本調査 高等学校 都道府県
1,0003061015,225 都道府県別　卒業者数（課程別）,200604-200703,2023-10-25,文部科学省,学校基本調査 高等学校 都道府県
1,0003061016,225 都道府県別　卒業者数（都道府県別）,200604-200703,2023-10-25,文部科学省,学校基本調査 高等学校 都道府県
1,0003059607,232 都道府県別　教員数（本務者）,200604-200703,2023-10-25,文部科学省,学校基本調査 高等学校 都道府県
1,0003059608,233 都道府県別　教員数（兼務者）,200604-200703,2023-10-25,文部科学省,学校基本調査 高等学校 都道府県
1,0003061046,242 都道府県別　入学者数及び卒業者数（都道府県別）,200604-200703,2023-10-25,文部科学省,学校基本調査 高等学校 都道府県
1,0003059649,243 都道府県別　教員数(本務者),200604-200703,2023-10-25,文部科学省,学校基本調査 高等学校 都道府県
1,0003059650,244 都道府県別　教員数(兼務者),200604-200703,2023-10-25,文部科学省,学校基本調査 高等学校 都道府県
1,0003012130,127 後期課程の都道府県別１年次への編入学者数,0,2023-10-25,文部科学省,学校基本調査 高等学校 都道府県
1,0003015723,141 職名別教員数（本務者） 都道府県別,0,2023-10-25,文部科学省,学校基本調査 高等学校 都道府県
1,0003011366,183 都道府県別学科数,0,2023-10-25,文部科学省,学校基本調査 高等学校 都道府県
1,0003017869,187 都道府県別入学状況,0,2023-10-25,文部科学省,学校基本調査 高等学校 都道府県
1,0003012354,189 都道府県別卒業者数（平成19年度間） 計の内訳,0,2023-10-25,文部科学省,学校基本調査 高等学校 都道府県
1,0003011841,196 都道府県別教員数（本務者）,0,2023-10-25,文部科学省,学校基本調査 高等学校 都道府県
1,0003011370,197 都道府県別教員数（兼務者）,0,2023-10-25,文部科学省,学校基本調査 高等学校 都道府県
1,0003010593,207 都道府県別教員数（本務者）,0,2023-10-25,文部科学省,学校基本調査 高等学校 都道府県
1,0003010594,208 都道府県別教員数（兼務者）,0,2023-10-25,文部科学省,学校基本調査 高等学校 都道府県
1,0003045373,138 都道府県別　本務教員のうち指導主事等の数（公立）,200804-200903,2023-10-25,文部科学省,学校基本調査 高等学校 都道府県
1,0003044384,139 都道府県別　定時制課程を兼任している教員数（後期課程）（都道府県別）,0,2023-10-25,文部科学省,学校基本調査 高等学校 都道府県
1,0003044390,145 都道府県別  学級数,0,2023-10-25,文部科学省,学校基本調査 高等学校 都道府県
1,0003044396,151 都道府県別　職名別　教員数,0,2023-10-25,文部科学省,学校基本調査 高等学校 都道府県
1,0003044398,153 都道府県別　担当障害種別　職名別　教員数（本務者）,0,2023-10-25,文部科学省,学校基本調査 高等学校 都道府県
1,0003044400,155 都道府県別　担当障害種別　職名別　教員数（兼務者）,0,2023-10-25,文部科学省,学校基本調査 高等学校 都道府県
1,0003044402,157 都道府県別　本務教員のうち理由別休職等教員数（再掲）,0,2023-10-25,文部科学省,学校基本調査 高等学校 都道府県
1,0003044405,160 都道府県別　本務教職員のうち教務主任等の数（再掲）,0,2023-10-25,文部科学省,学校基本調査 高等学校 都道府県
1,0003044520,162 都道府県別　職員数（本務者）,0,2023-10-25,文部科学省,学校基本調査 高等学校 都道府県
1,0003044522,164 都道府県別　寄宿舎専任職員数（再掲）,0,2023-10-25,文部科学省,学校基本調査 高等学校 都道府県
1,0003044524,166 都道府県別　学校医等の数,0,2023-10-25,文部科学省,学校基本調査 高等学校 都道府県
1,0003044533,175 都道府県別　卒業者数（前年度間）,0,2023-10-25,文部科学省,学校基本調査 高等学校 都道府県
1,0003036460,147 都道府県別学級数,0,2023-10-25,文部科学省,学校基本調査 高等学校 都道府県
1,0003036574,157 都道府県別担当障害種別職名別教員数（兼務者）,0,2023-10-25,文部科学省,学校基本調査 高等学校 都道府県
1,0003036576,159 都道府県別本務教員のうち理由別休職等教員数（再掲）,0,2023-10-25,文部科学省,学校基本調査 高等学校 都道府県
1,0003036791,162 都道府県別本務教職員のうち教務主任等の数（再掲）,0,2023-10-25,文部科学省,学校基本調査 高等学校 都道府県
1,0003036830,164 都道府県別職員数（本務者）,0,2023-10-25,文部科学省,学校基本調査 高等学校 都道府県
1,0003036869,166 都道府県別寄宿舎専任職員数（再掲）,0,2023-10-25,文部科学省,学校基本調査 高等学校 都道府県
1,0003036871,168 都道府県別学校医等の数,0,2023-10-25,文部科学省,学校基本調査 高等学校 都道府県
1,0003037028,177 卒業者数（前年度間）（都道府県別）,0,2023-10-25,文部科学省,学校基本調査 高等学校 都道府県
1,0003050829,61 都道府県別　教員数（本務者）,200701-200712,2023-10-25,文部科学省,学校基本調査 高等専門学校 都道府県
1,0003056855,94 都道府県別　卒業者数,0,2023-10-25,文部科学省,学校基本調査 大学 都道府県
1,0003010631,61 都道府県別　教員数（本務者）,0,2023-10-25,文部科学省,学校基本調査 高等専門学校 都道府県
1,0003074093,都道府県別　教員数（本務者）,0,2023-10-25,文部科学省,学校基本調査 高等専門学校 都道府県
1,0003074197,都道府県別　卒業者数,0,2023-10-25,文部科学省,学校基本調査 大学 都道府県
1,0003106613,58 都道府県別　教員数（本務者）,201401-201412,2023-10-25,文部科学省,学校基本調査 高等専門学校 都道府県
1,0003106951,94 都道府県別　卒業者数,201401-201412,2023-10-25,文部科学省,学校基本調査 大学 都道府県
1,0003143515,56 都道府県別　教員数（本務者）,201501-201512,2023-10-25,文部科学省,学校基本調査 高等専門学校 都道府県
1,0003143852,92 都道府県別　卒業者数,201501-201512,2023-10-25,文部科学省,学校基本調査 大学 都道府県
1,0003196880,56 都道府県別　教員数（本務者）,201601-201612,2023-10-25,文部科学省,学校基本調査 高等専門学校 都道府県
1,0003198564,92 都道府県別　卒業者数,201601-201612,2023-10-25,文部科学省,学校基本調査 大学 都道府県
1,0003074039,学科別　学生数,0,2023-10-25,文部科学省,学校基本調査 都道府県 学生数
1,0003074253,高等専門学校卒業者のうち左記以外の者の数,0,2023-10-25,文部科学省,学校基本調査 高等専門学校 都道府県
1,0003074028,休学者数（短期大学）,0,2023-10-25,文部科学省,学校基本調査 大学 都道府県
1,0003074047,休学者数（高等専門学校）,0,2023-10-25,文部科学省,学校基本調査 大学 都道府県
1,0003074079,休学者数（大学院）,0,2023-10-25,文部科学省,学校基本調査 大学 都道府県
1,0003074115,休学者数（大学）,0,2023-10-25,文部科学省,学校基本調査 大学 都道府県
1,0003106607,54 学科別　学生数,201401-201412,2023-10-25,文部科学省,学校基本調査 都道府県 学生数
1,0003106682,71 休学者数（大学）,201401-201412,2023-10-25,文部科学省,学校基本調査 大学 都道府県
1,0003106683,71 休学者数（短期大学）,201401-201412,2023-10-25,文部科学省,学校基本調査 大学 都道府県
1,0003106685,71 休学者数（大学院）,201401-201412,2023-10-25,文部科学省,学校基本調査 大学 都道府県
1,0003106686,71 休学者数（高等専門学校）,201401-201412,2023-10-25,文部科学省,学校基本調査 大学 都道府県
1,0003107005,103 高等専門学校卒業者のうち左記以外の者の数,201401-201412,2023-10-25,文部科学省,学校基本調査 高等専門学校 都道府県
1,0003143533,52 学科別　学生数,201401-201412,2023-10-25,文部科学省,学校基本調査 都道府県 学生数
1,0003143762,69 休学者数（大学）,201501-201512,2023-10-25,文部科学省,学校基本調査 大学 都道府県
1,0003143763,69 休学者数（高等専門学校）,201501-201512,2023-10-25,文部科学省,学校基本調査 大学 都道府県
1,0003143778,69 休学者数（大学院）,201501-201512,2023-10-25,文部科学省,学校基本調査 大学 都道府県
1,0003143779,69 休学者数（短期大学）,201501-201512,2023-10-25,文部科学省,学校基本調査 大学 都道府県
1,0003143887,101 高等専門学校卒業者のうち左記以外の者の数,201501-201512,2023-10-25,文部科学省,学校基本調査 高等専門学校 都道府県
1,0003196822,52 学科別　学生数,201601-201612,2023-10-25,文部科学省,学校基本調査 都道府県 学生数
1,0003197901,69 休学者数（高等専門学校）,201601-201612,2023-10-25,文部科学省,学校基本調査 大学 都道府県
1,0003197920,69 休学者数（大学）,201601-201612,2023-10-25,文部科学省,学校基本調査 大学 都道府県
1,0003197921,69 休学者数（大学院）,201601-201612,2023-10-25,文部科学省,学校基本調査 大学 都道府県
1,0003197940,69 休学者数（短期大学）,201601-201612,2023-10-25,文部科学省,学校基本調査 大学 都道府県
1,0003199120,101 高等専門学校卒業者のうち左記以外の者の数,201601-201612,2023-10-25,文部科学省,学校基本調査 高等専門学校 都道府県
1,0003042893,221 全国計　特別支援学級卒業者の進路状況（都道府県別）,0,2023-10-25,文部科学省,学校基本調査 高等専門学校 都道府県
1,0003042640,223 全国計　特別支援学級卒業者の進路状況（都道府県別）,0,2023-10-25,文部科学省,学校基本調査 高等専門学校 都道府県
1,0003042466,223 全国計　特別支援学級卒業者の状況（都道府県別）,0,2023-10-25,文部科学省,学校基本調査 高等専門学校 都道府県
1,0003083974,223 全国計　特別支援学級卒業者の状況（都道府県別）,0,2023-10-25,文部科学省,学校基本調査 高等専門学校 都道府県
1,0003096938,229 全国計　特別支援学級卒業者の状況（都道府県別）,0,2023-10-25,文部科学省,学校基本調査 高等専門学校 都道府県
1,0003113606,229 全国計　特別支援学級卒業者の状況（都道府県別）,201401-201412,2023-10-25,文部科学省,学校基本調査 高等専門学校 都道府県
1,0003145460,250 全国計　特別支援学級卒業者の状況（都道府県別）,201501-201512,2023-10-25,文部科学省,学校基本調査 高等専門学校 都道府県
1,0003061021,230 専門課程入学者のうち大学等卒業者数（再掲）（卒業学校種別）,200604-200703,2023-10-25,文部科学省,学校基本調査 大学 都道府県
1,0003042892,221 全国計　特別支援学級卒業者の進路状況（設置者別）,0,2023-10-25,文部科学省,学校基本調査 高等専門学校 都道府県
1,0003042639,223 全国計　特別支援学級卒業者の進路状況（設置者別）,0,2023-10-25,文部科学省,学校基本調査 高等専門学校 都道府県
1,0003042465,223 全国計　特別支援学級卒業者の状況（設置者別）,0,2023-10-25,文部科学省,学校基本調査 高等専門学校 都道府県
1,0003066095,専門課程入学者のうち大学等卒業者数（再掲）（卒業学校種別）,0,2023-10-25,文部科学省,学校基本調査 大学 都道府県
1,0003083963,223 全国計　特別支援学級卒業者の状況（設置者別）,0,2023-10-25,文部科学省,学校基本調査 高等専門学校 都道府県
1,0003096944,229 全国計　特別支援学級卒業者の状況（設置者別）,0,2023-10-25,文部科学省,学校基本調査 高等専門学校 都道府県
1,0003113555,229 全国計　特別支援学級卒業者の状況（設置者別）,201401-201412,2023-10-25,文部科学省,学校基本調査 高等専門学校 都道府県
1,0003105528,195 専門課程入学者のうち大学等卒業者数（再掲）（卒業学校種別）,201401-201412,2023-10-25,文部科学省,学校基本調査 大学 都道府県
1,0003142858,213 専門課程入学者のうち大学等卒業者数（再掲）（卒業学校種別）,201501-201512,2023-10-25,文部科学省,学校基本調査 大学 都道府県
1,0003145404,250 全国計　特別支援学級卒業者の状況（設置者別）,201501-201512,2023-10-25,文部科学省,学校基本調査 高等専門学校 都道府県
1,0003185780,241 専門課程入学者のうち大学等卒業者数（再掲）（卒業学校種別）,201601-201612,2023-10-25,文部科学省,学校基本調査 大学 都道府県
1,0003023843,32 都道府県別　教員数（本務者）（都道府県別）,200701-200712,2023-10-25,文部科学省,学校基本調査 大学 都道府県
1,0003048455,34 都道府県別　職員数（本務者）（都道府県別）,200701-200712,2023-10-25,文部科学省,学校基本調査 大学 都道府県
1,0003010731,32 都道府県別　教員数（本務者） 都道府県別,0,2023-10-25,文部科学省,学校基本調査 大学 都道府県
1,0003010733,34 都道府県別　職員数（本務者） 都道府県別,0,2023-10-25,文部科学省,学校基本調査 大学 都道府県
1,0003066453,都道府県別　教員数（本務者）（都道府県別）,0,2023-10-25,文部科学省,学校基本調査 大学 都道府県
1,0003066456,都道府県別　職員数（本務者）（都道府県別）,0,2023-10-25,文部科学省,学校基本調査 大学 都道府県
1,0003106514,29 都道府県別　教員数（本務者）（都道府県別）,201401-201412,2023-10-25,文部科学省,学校基本調査 大学 都道府県
1,0003106539,31 都道府県別　職員数（本務者）（都道府県別）,201401-201412,2023-10-25,文部科学省,学校基本調査 大学 都道府県
1,0003143399,28 都道府県別　教員数（本務者）（都道府県別）,201501-201512,2023-10-25,文部科学省,学校基本調査 大学 都道府県
1,0003143421,30 都道府県別　職員数（本務者）（都道府県別）,201501-201512,2023-10-25,文部科学省,学校基本調査 大学 都道府県
1,0003194561,28 都道府県別　教員数（本務者）（都道府県別）,201601-201612,2023-10-25,文部科学省,学校基本調査 大学 都道府県
1,0003194660,30 都道府県別　職員数（本務者）（都道府県別）,201601-201612,2023-10-25,文部科学省,学校基本調査 大学 都道府県
1,0003050789,53 都道府県別　教員数（本務者）（都道府県別）,200701-200712,2023-10-25,文部科学省,学校基本調査 大学 都道府県
1,0003050792,55 都道府県別　職員数（都道府県別）,200701-200712,2023-10-25,文部科学省,学校基本調査 大学 都道府県
1,0003010766,53 都道府県別　教員数（本務者） 都道府県別,0,2023-10-25,文部科学省,学校基本調査 大学 都道府県
1,0003010711,55 都道府県別　職員数（本務者） 都道府県別,0,2023-10-25,文部科学省,学校基本調査 大学 都道府県
1,0003074020,都道府県別　教員数（本務者）（都道府県別）,0,2023-10-25,文部科学省,学校基本調査 大学 都道府県
1,0003074052,都道府県別　職員数（本務者）（都道府県別）,0,2023-10-25,文部科学省,学校基本調査 大学 都道府県
1,0003106564,50 都道府県別　教員数（本務者）（都道府県別）,201401-201412,2023-10-25,文部科学省,学校基本調査 大学 都道府県
1,0003106606,52 都道府県別　職員数（本務者）（都道府県別）,201401-201412,2023-10-25,文部科学省,学校基本調査 大学 都道府県
1,0003143442,48 都道府県別　教員数（本務者）（都道府県別）,201501-201512,2023-10-25,文部科学省,学校基本調査 大学 都道府県
1,0003143444,50 都道府県別　職員数（本務者）（都道府県別）,201501-201512,2023-10-25,文部科学省,学校基本調査 大学 都道府県
1,0003195560,48 都道府県別　教員数（本務者）（都道府県別）,201601-201612,2023-10-25,文部科学省,学校基本調査 大学 都道府県
1,0003195561,50 都道府県別　職員数（本務者）（都道府県別）,201601-201612,2023-10-25,文部科学省,学校基本調査 大学 都道府県
1,0003074234,授業料等及び補助金収入（国・公立大学）（単位：千円）,0,2023-10-25,文部科学省,学校基本調査 大学 都道府県
1,0003107036,113 授業料等及び補助金収入（国・公立大学）（単位：千円）,201401-201412,2023-10-25,文部科学省,学校基本調査 大学 都道府県
1,0003143973,111 授業料等及び補助金収入（国・公立大学）（単位：千円）,201501-201512,2023-10-25,文部科学省,学校基本調査 大学 都道府県
1,0003199480,111 授業料等及び補助金収入（国・公立大学）（単位：千円）,201601-201612,2023-10-25,文部科学省,学校基本調査 大学 都道府県
1,0003023844,32 都道府県別　教員数（本務者）（政令指定都市別）,200701-200712,2023-10-25,文部科学省,学校基本調査 大学 都道府県
1,0003048458,34 都道府県別　職員数（本務者）（政令指定都市別）,200701-200712,2023-10-25,文部科学省,学校基本調査 大学 都道府県
1,0003050790,53 都道府県別　教員数（本務者）（政令指定都市別）,200701-200712,2023-10-25,文部科学省,学校基本調査 大学 都道府県
1,0003050793,55 都道府県別　職員数（政令指定都市別）,200701-200712,2023-10-25,文部科学省,学校基本調査 大学 都道府県
1,0003010732,32 都道府県別　教員数（本務者） 政令指定都市別（再掲）,0,2023-10-25,文部科学省,学校基本調査 大学 都道府県
1,0003010734,34 都道府県別　職員数（本務者） 政令指定都市別（再掲）,0,2023-10-25,文部科学省,学校基本調査 大学 都道府県
1,0003010691,53 都道府県別　教員数（本務者） 政令指定都市別（再掲）,0,2023-10-25,文部科学省,学校基本調査 大学 都道府県
1,0003010712,55 都道府県別　職員数（本務者） 政令指定都市別（再掲）,0,2023-10-25,文部科学省,学校基本調査 大学 都道府県
1,0003042905,233 学科別　大学・短期大学等への進学者数,0,2023-10-25,文部科学省,学校基本調査 大学 都道府県
1,0003042907,236 学科別　大学（学部）・短期大学（本科）への入学志願者数,0,2023-10-25,文部科学省,学校基本調査 大学 都道府県
1,0003042646,236 学科別　大学・短期大学等への進学者数,0,2023-10-25,文部科学省,学校基本調査 大学 都道府県
1,0003042648,238 学科別　大学（学部）・短期大学（本科）への入学志願者数,0,2023-10-25,文部科学省,学校基本調査 大学 都道府県
1,0003042545,236 学科別　大学・短期大学等への進学者数,0,2023-10-25,文部科学省,学校基本調査 大学 都道府県
1,0003042435,238 学科別　大学（学部）・短期大学（本科）への入学志願者数,0,2023-10-25,文部科学省,学校基本調査 大学 都道府県
1,0003066276,昼夜別　学生数,0,2023-10-25,文部科学省,学校基本調査 都道府県 学生数
1,0003066277,大学の学部数（平成23年度）,0,2023-10-25,文部科学省,学校基本調査 大学 都道府県
1,0003066278,大学院の研究科数（平成23年度）,0,2023-10-25,文部科学省,学校基本調査 大学 都道府県
1,0003066285,学部別　学生数（平成23年度）,0,2023-10-25,文部科学省,学校基本調査 都道府県 学生数
1,0003066445,大学院　年齢別入学者数,0,2023-10-25,文部科学省,学校基本調査 大学 都道府県
1,0003066454,都道府県別　教員数（本務者）（政令指定都市別）,0,2023-10-25,文部科学省,学校基本調査 大学 都道府県
1,0003066457,都道府県別　職員数（本務者）（政令指定都市別）,0,2023-10-25,文部科学省,学校基本調査 大学 都道府県
1,0003073912,類型別　学校数,0,2023-10-25,文部科学省,学校基本調査 都道府県 学校数
1,0003073932,大学の学部数（平成24年度～）,0,2023-10-25,文部科学省,学校基本調査 大学 都道府県
1,0003073952,大学院の研究科数（平成24年度～）,0,2023-10-25,文部科学省,学校基本調査 大学 都道府県
1,0003073982,専攻分野別　大学院入学状況（専門職学位課程法科・教職大学院）（再掲）,0,2023-10-25,文部科学省,学校基本調査 大学 都道府県
1,0003073994,専攻分野別　大学院入学状況（修士課程・博士課程・専門職学位課程）,0,2023-10-25,文部科学省,学校基本調査 大学 都道府県
1,0003073986,昼夜別　学生数,0,2023-10-25,文部科学省,学校基本調査 都道府県 学生数
1,0003074015,類型別　学校数,0,2023-10-25,文部科学省,学校基本調査 都道府県 学校数
1,0003074021,都道府県別　職員数（本務者）（政令指定都市別）（再掲）,0,2023-10-25,文部科学省,学校基本調査 大学 都道府県
1,0003074037,都道府県別　教員数（本務者）（政令指定都市別）（再掲）,0,2023-10-25,文部科学省,学校基本調査 大学 都道府県
1,0003085050,関係学科別　外国人学生数（平成23年～平成24年）,0,2023-10-25,文部科学省,学校基本調査 都道府県 学生数
1,0003091120,関係学科別　外国人学生数（平成25年～）,0,2023-10-25,文部科学省,学校基本調査 都道府県 学生数
1,0003074153,関係学科別　進学者数（設置者別）,0,2023-10-25,文部科学省,学校基本調査 大学 都道府県
1,0003074131,博士課程の専攻分野別　入学年度別　卒業者数（設置者別）（修業年限4年）,0,2023-10-25,文部科学省,学校基本調査 大学 都道府県
1,0003074159,博士課程の専攻分野別　入学年度別　卒業者数（設置者別）（修業年限3年）,0,2023-10-25,文部科学省,学校基本調査 大学 都道府県
1,0003074194,博士課程の専攻分野別　入学年度別　卒業者数（設置者別）（修業年限5年）,0,2023-10-25,文部科学省,学校基本調査 大学 都道府県
1,0003078196,専門職学位課程の専攻分野別　入学年度別　卒業者数（法科大学院・教職大学院）（専攻分野別）（再掲）,0,2023-10-25,文部科学省,学校基本調査 大学 都道府県
1,0003074189,使途別　学校経費（国・公立大学-計）（単位：千円）,0,2023-10-25,文部科学省,学校基本調査 大学 都道府県
1,0003078904,1 大学の学部数（平成24年度）,0,2023-10-25,文部科学省,学校基本調査 大学 都道府県
1,0003078923,2 大学院の研究科数（平成24年度）,0,2023-10-25,文部科学省,学校基本調査 大学 都道府県
1,0003078941,3 学部別　学生数（平成24年度）,0,2023-10-25,文部科学省,学校基本調査 都道府県 学生数
1,0003078906,5 研究科別　大学院入学状況（専門職学位課程教職大学院）（再掲）（平成24年度）,0,2023-10-25,文部科学省,学校基本調査 大学 都道府県
1,0003078942,5 研究科別　大学院入学状況（平成24年度）,0,2023-10-25,文部科学省,学校基本調査 大学 都道府県
1,0003078958,5 研究科別　大学院入学状況（専門職学位課程法科大学院）（再掲）（平成24年度）,0,2023-10-25,文部科学省,学校基本調査 大学 都道府県
1,0003083977,236 （通信制）学科別　大学・短期大学等への進学者数,0,2023-10-25,文部科学省,学校基本調査 大学 都道府県
1,0003083947,238 （通信制）学科別　大学（学部）・短期大学（本科）への入学志願者数,0,2023-10-25,文部科学省,学校基本調査 大学 都道府県
1,0003097056,1 大学の学部数（平成24年度）,0,2023-10-25,文部科学省,学校基本調査 大学 都道府県
1,0003097151,2 大学院の研究科数（平成24年度）,0,2023-10-25,文部科学省,学校基本調査 大学 都道府県
1,0003097044,3 学部別　学生数（平成24年度）,0,2023-10-25,文部科学省,学校基本調査 都道府県 学生数
1,0003095368,5 研究科別　大学院入学状況（専門職学位課程法科大学院）（再掲）（平成25年度）,0,2023-10-25,文部科学省,学校基本調査 大学 都道府県
1,0003095384,5 研究科別　大学院入学状況（平成25年度）,0,2023-10-25,文部科学省,学校基本調査 大学 都道府県
1,0003095403,5 研究科別　大学院入学状況（専門職学位課程教職大学院）（再掲）（平成25年度）,0,2023-10-25,文部科学省,学校基本調査 大学 都道府県
1,0003095582,223 （通信制）学科別　大学・短期大学等への進学者数,0,2023-10-25,文部科学省,学校基本調査 大学 都道府県
1,0003095571,225 （通信制）学科別　大学（学部）・短期大学（本科）への入学志願者数,0,2023-10-25,文部科学省,学校基本調査 大学 都道府県
1,0003113552,223 （通信制）学科別　大学・短期大学等への進学者数,201401-201412,2023-10-25,文部科学省,学校基本調査 大学 都道府県
1,0003113553,225 （通信制）学科別　大学（学部）・短期大学（本科）への入学志願者数,201401-201412,2023-10-25,文部科学省,学校基本調査 大学 都道府県
1,0003106354,19 専攻分野別　大学院入学状況（専門職学位課程法科・教職大学院）（再掲）,201401-201412,2023-10-25,文部科学省,学校基本調査 大学 都道府県
1,0003106408,19 専攻分野別　大学院入学状況（修士課程・博士課程・専門職学位課程）,201401-201412,2023-10-25,文部科学省,学校基本調査 大学 都道府県
1,0003106009,2 類型別　学校数,201401-201412,2023-10-25,文部科学省,学校基本調査 都道府県 学校数
1,0003106409,21 大学院　年齢別入学者数,201401-201412,2023-10-25,文部科学省,学校基本調査 大学 都道府県
1,0003106532,29 都道府県別　教員数（本務者）（政令指定都市別）,201401-201412,2023-10-25,文部科学省,学校基本調査 大学 都道府県
1,0003106521,31 都道府県別　職員数（本務者）（政令指定都市別）,201401-201412,2023-10-25,文部科学省,学校基本調査 大学 都道府県
1,0003106026,4 大学の学部数（平成24年度～）,201401-201412,2023-10-25,文部科学省,学校基本調査 大学 都道府県
1,0003105962,5 大学院の研究科数（平成24年度～）,201401-201412,2023-10-25,文部科学省,学校基本調査 大学 都道府県
1,0003105963,6 昼夜別　学生数,201401-201412,2023-10-25,文部科学省,学校基本調査 都道府県 学生数
1,0003106522,34 類型別　学校数,201401-201412,2023-10-25,文部科学省,学校基本調査 都道府県 学校数
1,0003106575,36 昼夜別　学生数,201401-201412,2023-10-25,文部科学省,学校基本調査 都道府県 学生数
1,0003106590,44 関係学科別　外国人学生数（平成25年～）,201401-201412,2023-10-25,文部科学省,学校基本調査 都道府県 学生数
1,0003106524,50 都道府県別　教員数（本務者）（政令指定都市別）（再掲）,201401-201412,2023-10-25,文部科学省,学校基本調査 大学 都道府県
1,0003106598,52 都道府県別　職員数（本務者）（政令指定都市別）（再掲）,201401-201412,2023-10-25,文部科学省,学校基本調査 大学 都道府県
1,0003106695,76 関係学科別　進学者数（設置者別）,201401-201412,2023-10-25,文部科学省,学校基本調査 大学 都道府県
1,0003106844,85 博士課程の専攻分野別　入学年度別　卒業者数（設置者別）（修業年限5年）,201401-201412,2023-10-25,文部科学省,学校基本調査 大学 都道府県
1,0003106875,85 博士課程の専攻分野別　入学年度別　卒業者数（設置者別）（修業年限3年）,201401-201412,2023-10-25,文部科学省,学校基本調査 大学 都道府県
1,0003106891,85 博士課程の専攻分野別　入学年度別　卒業者数（設置者別）（修業年限4年）,201401-201412,2023-10-25,文部科学省,学校基本調査 大学 都道府県
1,0003106878,90 専門職学位課程の専攻分野別　入学年度別　卒業者数（法科大学院・教職大学院）（専攻分野別）（再掲）,201401-201412,2023-10-25,文部科学省,学校基本調査 大学 都道府県
1,0003107068,111 使途別　学校経費（国・公立大学-計）（単位：千円）,201401-201412,2023-10-25,文部科学省,学校基本調査 大学 都道府県
1,0003121570,1 大学の学部数（平成26年度）,201401-201412,2023-10-25,文部科学省,学校基本調査 大学 都道府県
1,0003121610,2 大学院の研究科数（平成26年度）,201401-201412,2023-10-25,文部科学省,学校基本調査 大学 都道府県
1,0003121630,3 学部別　学生数（平成26年度）,201401-201412,2023-10-25,文部科学省,学校基本調査 都道府県 学生数
1,0003121653,5 研究科別　大学院入学状況（平成26年度）,201401-201412,2023-10-25,文部科学省,学校基本調査 大学 都道府県
1,0003121654,5 研究科別　大学院入学状況（専門職学位課程教職大学院）（再掲）（平成26年度）,201401-201412,2023-10-25,文部科学省,学校基本調査 大学 都道府県
1,0003121691,5 研究科別　大学院入学状況（専門職学位課程法科大学院）（再掲）（平成26年度）,201401-201412,2023-10-25,文部科学省,学校基本調査 大学 都道府県
1,0003143155,11 学部別　最低在学年限超過学生数（学部別）（修業年限5年-平成27年度）,201501-201512,2023-10-25,文部科学省,学校基本調査 都道府県 学生数
1,0003143213,14 大学　年齢別入学者数,201501-201512,2023-10-25,文部科学省,学校基本調査 大学 都道府県
1,0003143253,18 専攻分野別　大学院入学状況（修士課程・博士課程・専門職学位課程）,201501-201512,2023-10-25,文部科学省,学校基本調査 大学 都道府県
1,0003143254,18 専攻分野別　大学院入学状況（専門職学位課程法科・教職大学院）（再掲）,201501-201512,2023-10-25,文部科学省,学校基本調査 大学 都道府県
1,0003143031,2 類型別　学校数,201501-201512,2023-10-25,文部科学省,学校基本調査 都道府県 学校数
1,0003143255,20 大学院　年齢別入学者数,201501-201512,2023-10-25,文部科学省,学校基本調査 大学 都道府県
1,0003143420,28 都道府県別　教員数（本務者）（政令指定都市別）,201501-201512,2023-10-25,文部科学省,学校基本調査 大学 都道府県
1,0003143401,30 都道府県別　職員数（本務者）（政令指定都市別）,201501-201512,2023-10-25,文部科学省,学校基本調査 大学 都道府県
1,0003143118,4 大学の学部数（平成24年度～）,201501-201512,2023-10-25,文部科学省,学校基本調査 大学 都道府県
1,0003143088,5 大学院の研究科数（平成24年度～）,201501-201512,2023-10-25,文部科学省,学校基本調査 大学 都道府県
1,0003143089,6 昼夜別　学生数,201501-201512,2023-10-25,文部科学省,学校基本調査 都道府県 学生数
1,0003143423,33 類型別　学校数,201501-201512,2023-10-25,文部科学省,学校基本調査 都道府県 学校数
1,0003143425,35 昼夜別　学生数,201501-201512,2023-10-25,文部科学省,学校基本調査 都道府県 学生数
1,0003143493,42 関係学科別　外国人学生数（平成26年～）,201501-201512,2023-10-25,文部科学省,学校基本調査 都道府県 学生数
1,0003143443,48 都道府県別　教員数（本務者）（政令指定都市別）（再掲）,201501-201512,2023-10-25,文部科学省,学校基本調査 大学 都道府県
1,0003143456,50 都道府県別　職員数（本務者）（政令指定都市別）（再掲）,201501-201512,2023-10-25,文部科学省,学校基本調査 大学 都道府県
1,0003143782,74 関係学科別　進学者数（設置者別）,201501-201512,2023-10-25,文部科学省,学校基本調査 大学 都道府県
1,0003143865,83 博士課程の専攻分野別　入学年度別　卒業者数（設置者別）（修業年限3年）,201501-201512,2023-10-25,文部科学省,学校基本調査 大学 都道府県
1,0003143866,83 博士課程の専攻分野別　入学年度別　卒業者数（設置者別）（修業年限5年）,201501-201512,2023-10-25,文部科学省,学校基本調査 大学 都道府県
1,0003143877,83 博士課程の専攻分野別　入学年度別　卒業者数（設置者別）（修業年限4年）,201501-201512,2023-10-25,文部科学省,学校基本調査 大学 都道府県
1,0003143850,88 専門職学位課程の専攻分野別　入学年度別　卒業者数（法科大学院・教職大学院）（専攻分野別）（再掲）,201501-201512,2023-10-25,文部科学省,学校基本調査 大学 都道府県
1,0003143953,109 使途別　学校経費（国・公立大学-計）（単位：千円）,201501-201512,2023-10-25,文部科学省,学校基本調査 大学 都道府県
1,0003145443,244 （通信制）学科別　大学・短期大学等への進学者数,201501-201512,2023-10-25,文部科学省,学校基本調査 大学 都道府県
1,0003145385,246 （通信制）学科別　大学（学部）・短期大学（本科）への入学志願者数,201501-201512,2023-10-25,文部科学省,学校基本調査 大学 都道府県
1,0003145502,1 大学の学部数（平成27年度）,201501-201512,2023-10-25,文部科学省,学校基本調査 大学 都道府県
1,0003145486,2 大学院の研究科数（平成27年度）,201501-201512,2023-10-25,文部科学省,学校基本調査 大学 都道府県
1,0003145540,3 学部別　学生数（平成27年度）,201501-201512,2023-10-25,文部科学省,学校基本調査 都道府県 学生数
1,0003145487,5 研究科別　大学院入学状況（平成27年度）,201501-201512,2023-10-25,文部科学省,学校基本調査 大学 都道府県
1,0003145561,5 研究科別　大学院入学状況（専門職学位課程法科大学院）（再掲）（平成27年度）,201501-201512,2023-10-25,文部科学省,学校基本調査 大学 都道府県
1,0003145562,5 研究科別　大学院入学状況（専門職学位課程教職大学院）（再掲）（平成27年度）,201501-201512,2023-10-25,文部科学省,学校基本調査 大学 都道府県
1,0003192880,14 大学　年齢別入学者数,201601-201612,2023-10-25,文部科学省,学校基本調査 大学 都道府県
1,0003193581,18 専攻分野別　大学院入学状況（専門職学位課程法科・教職大学院）（再掲）,201601-201612,2023-10-25,文部科学省,学校基本調査 大学 都道府県
1,0003193601,18 専攻分野別　大学院入学状況（修士課程・博士課程・専門職学位課程）,201601-201612,2023-10-25,文部科学省,学校基本調査 大学 都道府県
1,0003191600,2 類型別　学校数,201601-201612,2023-10-25,文部科学省,学校基本調査 都道府県 学校数
1,0003194120,20 大学院　年齢別入学者数,201601-201612,2023-10-25,文部科学省,学校基本調査 大学 都道府県
1,0003194541,28 都道府県別　教員数（本務者）（政令指定都市別）,201601-201612,2023-10-25,文部科学省,学校基本調査 大学 都道府県
1,0003194680,30 都道府県別　職員数（本務者）（政令指定都市別）,201601-201612,2023-10-25,文部科学省,学校基本調査 大学 都道府県
1,0003191543,4 大学の学部数（平成24年度～）,201601-201612,2023-10-25,文部科学省,学校基本調査 大学 都道府県
1,0003191561,5 大学院の研究科数（平成24年度～）,201601-201612,2023-10-25,文部科学省,学校基本調査 大学 都道府県
1,0003191640,6 昼夜別　学生数,201601-201612,2023-10-25,文部科学省,学校基本調査 都道府県 学生数
1,0003194681,33 類型別　学校数,201601-201612,2023-10-25,文部科学省,学校基本調査 都道府県 学校数
1,0003194740,35 昼夜別　学生数,201601-201612,2023-10-25,文部科学省,学校基本調査 都道府県 学生数
1,0003194841,42 関係学科別　外国人学生数（平成26年～）,201601-201612,2023-10-25,文部科学省,学校基本調査 都道府県 学生数
1,0003195541,48 都道府県別　教員数（本務者）（政令指定都市別）（再掲）,201601-201612,2023-10-25,文部科学省,学校基本調査 大学 都道府県
1,0003195543,50 都道府県別　職員数（本務者）（政令指定都市別）（再掲）,201601-201612,2023-10-25,文部科学省,学校基本調査 大学 都道府県
1,0003198001,74 関係学科別　進学者数（設置者別）,201601-201612,2023-10-25,文部科学省,学校基本調査 大学 都道府県
1,0003198402,83 博士課程の専攻分野別　入学年度別　卒業者数（設置者別）（修業年限3年）,201601-201612,2023-10-25,文部科学省,学校基本調査 大学 都道府県
1,0003198483,83 博士課程の専攻分野別　入学年度別　卒業者数（設置者別）（修業年限5年）,201601-201612,2023-10-25,文部科学省,学校基本調査 大学 都道府県
1,0003198520,83 博士課程の専攻分野別　入学年度別　卒業者数（設置者別）（修業年限4年）,201601-201612,2023-10-25,文部科学省,学校基本調査 大学 都道府県
1,0003198561,88 専門職学位課程の専攻分野別　入学年度別　卒業者数（法科大学院・教職大学院）（専攻分野別）（再掲）,201601-201612,2023-10-25,文部科学省,学校基本調査 大学 都道府県
1,0003199440,109 使途別　学校経費（国・公立大学-計）（単位：千円）,201601-201612,2023-10-25,文部科学省,学校基本調査 大学 都道府県
1,0003056000,111 授業料等及び補助金収入（国・公立大学）,200701-200712,2023-10-25,文部科学省,学校基本調査 大学 都道府県
1,0003066154,状況別　卒業者数（設置者別）,0,2023-10-25,文部科学省,学校基本調査 大学 都道府県
1,0003066181,後期課程の状況別卒業者数（設置者別）,0,2023-10-25,文部科学省,学校基本調査 大学 都道府県
1,0003066203,状況別　卒業者数（設置者別）,0,2023-10-25,文部科学省,学校基本調査 大学 都道府県
1,0003066041,状況別　卒業者数（設置者別）,0,2023-10-25,文部科学省,学校基本調査 大学 都道府県
1,0003105730,226 状況別　卒業者数（設置者別）,201401-201412,2023-10-25,文部科学省,学校基本調査 大学 都道府県
1,0003105871,240 状況別　卒業者数（設置者別）,201401-201412,2023-10-25,文部科学省,学校基本調査 大学 都道府県
1,0003105968,251 後期課程の状況別卒業者数（設置者別）,201404-201503,2023-10-25,文部科学省,学校基本調査 大学 都道府県
1,0003105941,265 状況別　卒業者数（設置者別）,201401-201412,2023-10-25,文部科学省,学校基本調査 大学 都道府県
1,0003142888,244 状況別　卒業者数（設置者別）,201501-201512,2023-10-25,文部科学省,学校基本調査 大学 都道府県
1,0003142981,258 状況別　卒業者数（設置者別）,201501-201512,2023-10-25,文部科学省,学校基本調査 大学 都道府県
1,0003046758,128 へき地等指定学校数（公立）（前期課程）,200704-200803,2023-10-25,文部科学省,学校基本調査 都道府県 学校数
1,0003060055,60 単独・総合別　学校数,200604-200703,2023-10-25,文部科学省,学校基本調査 都道府県 学校数
1,0003060056,61 学級数別　学校数（公立）,200604-200703,2023-10-25,文部科学省,学校基本調査 都道府県 学校数
1,0003061470,105 後期課程の単独・総合別学校数,200604-200703,2023-10-25,文部科学省,学校基本調査 都道府県 学校数
1,0003061471,106 後期課程の学級数別学校数（公立）,200604-200703,2023-10-25,文部科学省,学校基本調査 都道府県 学校数
1,0003059739,126 へき地等指定学校数（公立）（前期課程）,200604-200703,2023-10-25,文部科学省,学校基本調査 都道府県 学校数
1,0003060226,132 幼・小・中・高等部別　学校数,200604-200703,2023-10-25,文部科学省,学校基本調査 都道府県 学校数
1,0003060227,133 学級数別　学校数,200604-200703,2023-10-25,文部科学省,学校基本調査 都道府県 学校数
1,0003060751,152 幼・小・中・高等部別　学校数,200604-200703,2023-10-25,文部科学省,学校基本調査 都道府県 学校数
1,0003060752,153 学級数別　学校数（小学部）,200604-200703,2023-10-25,文部科学省,学校基本調査 都道府県 学校数
1,0003060753,153 学級数別　学校数（中学部）,200604-200703,2023-10-25,文部科学省,学校基本調査 都道府県 学校数
1,0003060793,172 幼・小・中・高等部別　学校数,200604-200703,2023-10-25,文部科学省,学校基本調査 都道府県 学校数
1,0003060794,173 学級数別　学校数（小学部）,200604-200703,2023-10-25,文部科学省,学校基本調査 都道府県 学校数
1,0003060795,173 学級数別　学校数（中学部）,200604-200703,2023-10-25,文部科学省,学校基本調査 都道府県 学校数
1,0003061007,216 学科別　学校数,200604-200703,2023-10-25,文部科学省,学校基本調査 都道府県 学校数
1,0003061037,235 課程別　学校数,200604-200703,2023-10-25,文部科学省,学校基本調査 都道府県 学校数
1,0003065580,単独・総合別　学校数,0,2023-10-25,文部科学省,学校基本調査 都道府県 学校数
1,0003065581,学級数別　学校数（公立）,0,2023-10-25,文部科学省,学校基本調査 都道府県 学校数
1,0003065703,後期課程の単独・総合別学校数,0,2023-10-25,文部科学省,学校基本調査 都道府県 学校数
1,0003065704,後期課程の学級数別学校数（公立）,0,2023-10-25,文部科学省,学校基本調査 都道府県 学校数
1,0003065740,へき地等指定学校数（公立）（前期課程）,0,2023-10-25,文部科学省,学校基本調査 都道府県 学校数
1,0003066355,課程別　学校数,0,2023-10-25,文部科学省,学校基本調査 都道府県 学校数
1,0003066078,学科別　学校数,0,2023-10-25,文部科学省,学校基本調査 都道府県 学校数
1,0003065755,幼・小・中・高等部別　学校数,0,2023-10-25,文部科学省,学校基本調査 都道府県 学校数
1,0003065756,学級数別　学校数（小学部）,0,2023-10-25,文部科学省,学校基本調査 都道府県 学校数
1,0003065757,学級数別　学校数（中学部）,0,2023-10-25,文部科学省,学校基本調査 都道府県 学校数
1,0003104440,80 単独・総合別　学校数,201401-201412,2023-10-25,文部科学省,学校基本調査 都道府県 学校数
1,0003104416,81 学級数別　学校数（公立）,201401-201412,2023-10-25,文部科学省,学校基本調査 都道府県 学校数
1,0003104741,125 後期課程の単独・総合別学校数,201401-201412,2023-10-25,文部科学省,学校基本調査 都道府県 学校数
1,0003104759,126 後期課程の学級数別学校数（公立）,201401-201412,2023-10-25,文部科学省,学校基本調査 都道府県 学校数
1,0003105052,148 へき地等指定学校数（公立）（前期課程）,201401-201412,2023-10-25,文部科学省,学校基本調査 都道府県 学校数
1,0003105073,154 幼・小・中・高等部別　学校数,201401-201412,2023-10-25,文部科学省,学校基本調査 都道府県 学校数
1,0003105074,155 学級数別　学校数（小学部）,201401-201412,2023-10-25,文部科学省,学校基本調査 都道府県 学校数
1,0003105106,155 学級数別　学校数（中学部）,201401-201412,2023-10-25,文部科学省,学校基本調査 都道府県 学校数
1,0003105317,181 学科別　学校数,201401-201412,2023-10-25,文部科学省,学校基本調査 都道府県 学校数
1,0003105563,200 課程別　学校数,201401-201412,2023-10-25,文部科学省,学校基本調査 都道府県 学校数
1,0003141413,24 編制方式別　学校数,201501-201512,2023-10-25,文部科学省,学校基本調査 都道府県 学校数
1,0003142233,98 単独・総合別　学校数,201501-201512,2023-10-25,文部科学省,学校基本調査 都道府県 学校数
1,0003142253,99 学級数別　学校数（公立）,201501-201512,2023-10-25,文部科学省,学校基本調査 都道府県 学校数
1,0003142657,143 後期課程の単独・総合別学校数,201501-201512,2023-10-25,文部科学省,学校基本調査 都道府県 学校数
1,0003142617,144 後期課程の学級数別学校数（公立）,201501-201512,2023-10-25,文部科学省,学校基本調査 都道府県 学校数
1,0003142627,166 へき地等指定学校数（公立）（前期課程）,201501-201512,2023-10-25,文部科学省,学校基本調査 都道府県 学校数
1,0003142645,172 幼・小・中・高等部別　学校数,201501-201512,2023-10-25,文部科学省,学校基本調査 都道府県 学校数
1,0003142683,173 学級数別　学校数（小学部）,201501-201512,2023-10-25,文部科学省,学校基本調査 都道府県 学校数
1,0003142684,173 学級数別　学校数（中学部）,201501-201512,2023-10-25,文部科学省,学校基本調査 都道府県 学校数
1,0003142845,199 学科別　学校数,201501-201512,2023-10-25,文部科学省,学校基本調査 都道府県 学校数
1,0003142873,218 課程別　学校数,201501-201512,2023-10-25,文部科学省,学校基本調査 都道府県 学校数
1,0003173400,24 編制方式別　学校数,201601-201612,2023-10-25,文部科学省,学校基本調査 都道府県 学校数
1,0003176680,117 へき地等指定学校数（公立）,201601-201612,2023-10-25,文部科学省,学校基本調査 都道府県 学校数
1,0003180804,128 単独・総合別　学校数,201601-201612,2023-10-25,文部科学省,学校基本調査 都道府県 学校数
1,0003180900,129 学級数別　学校数（公立）,201601-201612,2023-10-25,文部科学省,学校基本調査 都道府県 学校数
1,0003182771,172 後期課程の単独・総合別学校数,201601-201612,2023-10-25,文部科学省,学校基本調査 都道府県 学校数
1,0003182772,173 後期課程の学級数別学校数（公立）,201601-201612,2023-10-25,文部科学省,学校基本調査 都道府県 学校数
1,0003182901,179 後期課程の都道府県別学科数（本科）（うち公立　都道府県別）,201601-201612,2023-10-25,文部科学省,学校基本調査 都道府県 学校数
1,0003183580,194 へき地等指定学校数（公立）（前期課程）,201601-201612,2023-10-25,文部科学省,学校基本調査 都道府県 学校数
1,0003183582,200 幼・小・中・高等部別　学校数,201601-201612,2023-10-25,文部科学省,学校基本調査 都道府県 学校数
1,0003183583,201 学級数別　学校数（中学部）,201601-201612,2023-10-25,文部科学省,学校基本調査 都道府県 学校数
1,0003183640,201 学級数別　学校数（小学部）,201601-201612,2023-10-25,文部科学省,学校基本調査 都道府県 学校数
1,0003185208,227 学科別　学校数,201601-201612,2023-10-25,文部科学省,学校基本調査 都道府県 学校数
1,0003185925,246 課程別　学校数,201601-201612,2023-10-25,文部科学省,学校基本調査 都道府県 学校数
1,0003268151,24 編制方式別　学校数,201701-201712,2023-10-25,文部科学省,学校基本調査 都道府県 学校数
1,0003084618,5 市町村別集計　学校調査（特別支援学校） 学校数,201204-201303,2023-10-25,文部科学省,学校基本調査 都道府県 学校数
1,0003078037,5 市町村別集計　学校調査（特別支援学校） 学校数,201004-201103,2023-10-25,文部科学省,学校基本調査 都道府県 学校数
1,0003097678,5 市町村別集計　学校調査（特別支援学校） 学校数,201304-201403,2023-10-25,文部科学省,学校基本調査 都道府県 学校数
1,0003209005,123 都道府県別　編制方式別　学級数,201601-201612,2023-10-25,文部科学省,学校基本調査 都道府県 学校数
1,0003043841,5 特別支援学校　市町村別　学校数,0,2023-10-25,文部科学省,学校基本調査 都道府県 学校数
1,0003065575,生徒数別  課程数,0,2023-10-25,文部科学省,学校基本調査 都道府県 生徒数
1,0003104414,75 生徒数別  課程数,201401-201412,2023-10-25,文部科学省,学校基本調査 都道府県 生徒数
1,0003140993,5 市町村別集計　学校調査（特別支援学校） 学校数,201404-201503,2023-10-25,文部科学省,学校基本調査 都道府県 学校数
1,0003142214,93 生徒数別  課程数,201501-201512,2023-10-25,文部科学省,学校基本調査 都道府県 生徒数
1,0003146360,7 市町村別集計　学校調査（特別支援学校） 学校数,201504-201603,2023-10-25,文部科学省,学校基本調査 都道府県 学校数
1,0003180802,123 生徒数別  課程数,201601-201612,2023-10-25,文部科学省,学校基本調査 都道府県 生徒数
1,0003185243,229 修業年限別　学科数（設置者別）,201601-201612,2023-10-25,文部科学省,学校基本調査 都道府県 学校数
1,0003175301,106 外国人児童生徒数,201601-201612,2023-10-25,文部科学省,学校基本調査 都道府県 生徒数
1,0003060068,73 帰国子女数（設置者別）,200604-200703,2023-10-25,文部科学省,学校基本調査 都道府県 児童数
1,0003046735,114 前期課程の学年別生徒数,200704-200803,2023-10-25,文部科学省,学校基本調査 都道府県 生徒数
1,0003046759,129 へき地等指定学校の生徒数（公立）（前期課程）,200704-200803,2023-10-25,文部科学省,学校基本調査 都道府県 生徒数
1,0003060050,55 生徒数別  課程数,200604-200703,2023-10-25,文部科学省,学校基本調査 都道府県 生徒数
1,0003060064,69 小学科別　生徒数（本科）,200604-200703,2023-10-25,文部科学省,学校基本調査 都道府県 生徒数
1,0003060065,70 昼夜別　生徒数（定時制）,200604-200703,2023-10-25,文部科学省,学校基本調査 都道府県 生徒数
1,0003060066,71 分校の生徒数,200604-200703,2023-10-25,文部科学省,学校基本調査 都道府県 生徒数
1,0003060067,72 外国人生徒数,200604-200703,2023-10-25,文部科学省,学校基本調査 都道府県 生徒数
1,0003061466,101 後期課程の生徒数別課程数,200604-200703,2023-10-25,文部科学省,学校基本調査 都道府県 生徒数
1,0003061481,112 前期課程の学年別生徒数,200604-200703,2023-10-25,文部科学省,学校基本調査 都道府県 生徒数
1,0003061484,114 理由別長期欠席生徒数（前期課程）,200604-200703,2023-10-25,文部科学省,学校基本調査 都道府県 生徒数
1,0003061485,115 外国人生徒数,200604-200703,2023-10-25,文部科学省,学校基本調査 都道府県 生徒数
1,0003061491,119 後期課程の小学科別生徒数（本科）,200604-200703,2023-10-25,文部科学省,学校基本調査 都道府県 生徒数
1,0003059740,127 へき地等指定学校の生徒数（公立）（前期課程）,200604-200703,2023-10-25,文部科学省,学校基本調査 都道府県 生徒数
1,0003060240,142 理由別長期欠席児童・生徒数（小・中学部）,200604-200703,2023-10-25,文部科学省,学校基本調査 都道府県 生徒数
1,0003060765,162 理由別長期欠席児童・生徒数（小・中学部）,200604-200703,2023-10-25,文部科学省,学校基本調査 都道府県 生徒数
1,0003060807,182 理由別長期欠席児童・生徒数（小・中学部）,200604-200703,2023-10-25,文部科学省,学校基本調査 都道府県 生徒数
1,0003061454,222 修業年限別　学科別　生徒数（学科別）,200604-200703,2023-10-25,文部科学省,学校基本調査 都道府県 生徒数
1,0003061040,238 課程別　修業年限別　生徒数（課程別）,200604-200703,2023-10-25,文部科学省,学校基本調査 都道府県 生徒数
1,0003017014,"86 学年別生徒数 国立・公立・私立（全日制） 計,専攻科,別科",0,2023-10-25,文部科学省,学校基本調査 都道府県 生徒数
1,0003017016,86 学年別生徒数 国立・公立・私立（全日制） 本科,0,2023-10-25,文部科学省,学校基本調査 都道府県 生徒数
1,0003013756,133 前期課程の学年別生徒数,0,2023-10-25,文部科学省,学校基本調査 都道府県 生徒数
1,0003018047,138 後期課程の学年別生徒数 国立・公立（全日制） 本科,0,2023-10-25,文部科学省,学校基本調査 都道府県 生徒数
1,0003018049,"138 後期課程の学年別生徒数 国立・公立（全日制） 計,専攻科,別科",0,2023-10-25,文部科学省,学校基本調査 都道府県 生徒数
1,0003065593,小学科別　生徒数（本科）,0,2023-10-25,文部科学省,学校基本調査 都道府県 生徒数
1,0003065594,昼夜別　生徒数（定時制）,0,2023-10-25,文部科学省,学校基本調査 都道府県 生徒数
1,0003065595,分校の生徒数,0,2023-10-25,文部科学省,学校基本調査 都道府県 生徒数
1,0003065596,外国人生徒数,0,2023-10-25,文部科学省,学校基本調査 都道府県 生徒数
1,0003065699,後期課程の生徒数別課程数,0,2023-10-25,文部科学省,学校基本調査 都道府県 生徒数
1,0003065717,前期課程の学年別生徒数,0,2023-10-25,文部科学省,学校基本調査 都道府県 生徒数
1,0003065720,理由別長期欠席生徒数（前期課程）（前年度間）,0,2023-10-25,文部科学省,学校基本調査 都道府県 生徒数
1,0003065721,外国人生徒数,0,2023-10-25,文部科学省,学校基本調査 都道府県 生徒数
1,0003065722,帰国生徒数,0,2023-10-25,文部科学省,学校基本調査 都道府県 生徒数
1,0003065727,後期課程の小学科別生徒数（本科）,0,2023-10-25,文部科学省,学校基本調査 都道府県 生徒数
1,0003065741,へき地等指定学校の生徒数（公立）（前期課程）,0,2023-10-25,文部科学省,学校基本調査 都道府県 生徒数
1,0003066359,課程別　修業年限別　生徒数（課程別）,0,2023-10-25,文部科学省,学校基本調査 都道府県 生徒数
1,0003065771,理由別長期欠席児童・生徒数（小・中学部）（前年度間）,0,2023-10-25,文部科学省,学校基本調査 都道府県 生徒数
1,0003104403,89 小学科別　生徒数（本科）,201401-201412,2023-10-25,文部科学省,学校基本調査 都道府県 生徒数
1,0003104537,90 昼夜別　生徒数（定時制）,201401-201412,2023-10-25,文部科学省,学校基本調査 都道府県 生徒数
1,0003104473,91 分校の生徒数,201401-201412,2023-10-25,文部科学省,学校基本調査 都道府県 生徒数
1,0003104498,92 外国人生徒数,201401-201412,2023-10-25,文部科学省,学校基本調査 都道府県 生徒数
1,0003104755,121 後期課程の生徒数別課程数,201401-201412,2023-10-25,文部科学省,学校基本調査 都道府県 生徒数
1,0003105038,134 前期課程の学年別生徒数,201401-201412,2023-10-25,文部科学省,学校基本調査 都道府県 生徒数
1,0003105046,136 理由別長期欠席生徒数（前期課程）（前年度間）,201401-201412,2023-10-25,文部科学省,学校基本調査 都道府県 生徒数
1,0003105040,137 外国人生徒数,201401-201412,2023-10-25,文部科学省,学校基本調査 都道府県 生徒数
1,0003105024,138 帰国生徒数,201401-201412,2023-10-25,文部科学省,学校基本調査 都道府県 生徒数
1,0003105087,141 後期課程の小学科別生徒数（本科）,201401-201412,2023-10-25,文部科学省,学校基本調査 都道府県 生徒数
1,0003105053,149 へき地等指定学校の生徒数（公立）（前期課程）,201401-201412,2023-10-25,文部科学省,学校基本調査 都道府県 生徒数
1,0003105329,164 理由別長期欠席児童・生徒数（小・中学部）（前年度間）,201401-201412,2023-10-25,文部科学省,学校基本調査 都道府県 生徒数
1,0003105564,203 課程別　修業年限別　生徒数（課程別）,201401-201412,2023-10-25,文部科学省,学校基本調査 都道府県 生徒数
1,0003142313,107 小学科別　生徒数（本科）,201501-201512,2023-10-25,文部科学省,学校基本調査 都道府県 生徒数
1,0003142333,108 昼夜別　生徒数（定時制）,201501-201512,2023-10-25,文部科学省,学校基本調査 都道府県 生徒数
1,0003142353,109 分校の生徒数,201501-201512,2023-10-25,文部科学省,学校基本調査 都道府県 生徒数
1,0003142373,110 外国人生徒数,201501-201512,2023-10-25,文部科学省,学校基本調査 都道府県 生徒数
1,0003142616,139 後期課程の生徒数別課程数,201501-201512,2023-10-25,文部科学省,学校基本調査 都道府県 生徒数
1,0003142638,152 前期課程の学年別生徒数,201501-201512,2023-10-25,文部科学省,学校基本調査 都道府県 生徒数
1,0003142663,154 理由別長期欠席生徒数（前期課程）（前年度間）,201501-201512,2023-10-25,文部科学省,学校基本調査 都道府県 生徒数
1,0003142676,155 外国人生徒数,201501-201512,2023-10-25,文部科学省,学校基本調査 都道府県 生徒数
1,0003142621,156 帰国生徒数,201501-201512,2023-10-25,文部科学省,学校基本調査 都道府県 生徒数
1,0003142665,159 後期課程の小学科別生徒数（本科）,201501-201512,2023-10-25,文部科学省,学校基本調査 都道府県 生徒数
1,0003142668,167 へき地等指定学校の生徒数（公立）（前期課程）,201501-201512,2023-10-25,文部科学省,学校基本調査 都道府県 生徒数
1,0003142714,182 理由別長期欠席児童・生徒数（小・中学部）（前年度間）,201501-201512,2023-10-25,文部科学省,学校基本調査 都道府県 生徒数
1,0003142874,221 課程別　修業年限別　生徒数（課程別）,201501-201512,2023-10-25,文部科学省,学校基本調査 都道府県 生徒数
1,0003175280,102 学年別　児童生徒数,201601-201612,2023-10-25,文部科学省,学校基本調査 都道府県 生徒数
1,0003175234,105 種類別　特別支援学級児童生徒数,201601-201612,2023-10-25,文部科学省,学校基本調査 都道府県 生徒数
1,0003176700,118 へき地等指定学校の児童生徒数（公立）,201601-201612,2023-10-25,文部科学省,学校基本調査 都道府県 生徒数
1,0003180981,136 小学科別　生徒数（本科）,201601-201612,2023-10-25,文部科学省,学校基本調査 都道府県 生徒数
1,0003207500,137 昼夜別　生徒数　（定時制）,201601-201612,2023-10-25,文部科学省,学校基本調査 都道府県 生徒数
1,0003180968,138 分校の生徒数,201601-201612,2023-10-25,文部科学省,学校基本調査 都道府県 生徒数
1,0003181000,139 外国人生徒数,201601-201612,2023-10-25,文部科学省,学校基本調査 都道府県 生徒数
1,0003182746,168 後期課程の生徒数別課程数,201601-201612,2023-10-25,文部科学省,学校基本調査 都道府県 生徒数
1,0003183240,181 前期課程の学年別生徒数,201601-201612,2023-10-25,文部科学省,学校基本調査 都道府県 生徒数
1,0003183280,183 外国人生徒数,201601-201612,2023-10-25,文部科学省,学校基本調査 都道府県 生徒数
1,0003183263,184 帰国生徒数,201601-201612,2023-10-25,文部科学省,学校基本調査 都道府県 生徒数
1,0003183360,187 後期課程の小学科別生徒数（本科）,201601-201612,2023-10-25,文部科学省,学校基本調査 都道府県 生徒数
1,0003183553,195 へき地等指定学校の生徒数（公立）（前期課程）,201601-201612,2023-10-25,文部科学省,学校基本調査 都道府県 生徒数
1,0003183901,210 理由別長期欠席児童・生徒数（小・中学部）（前年度間）,201601-201612,2023-10-25,文部科学省,学校基本調査 都道府県 生徒数
1,0003186051,249 課程別　修業年限別　生徒数（課程別）,201601-201612,2023-10-25,文部科学省,学校基本調査 都道府県 生徒数
8,0003147060,総括表（学校種ごと） 学校数・在学者数・教職員数（幼稚園・小学校・中学校・高等学校・中等教育学校・特別支援学校・専修学校・各種学校・大学・大学院を設置する学校・短期大学・高等専門学校）,0,2021-12-21,文部科学省,学校基本調査 都道府県 学校数
1,0003147020,1 総括表 学校数（1948年～）,0,2021-12-21,文部科学省,学校基本調査 都道府県 学校数
1,0003146981,2 総括表 在学者数（1948年～）,0,2021-12-21,文部科学省,学校基本調査 大学 都道府県
1,0003147041,13 総括表（学校種ごと） 理由別長期欠席児童生徒数（1959年～）,0,2021-12-21,文部科学省,学校基本調査 都道府県 生徒数
1,0003147042,14 総括表（学校種ごと） 帰国児童・生徒数（前年度間調査）（1977年～）,0,2021-12-21,文部科学省,学校基本調査 都道府県 生徒数
1,0003147043,15 総括表（学校種ごと） 就学猶予・免除学齢児童生徒数（1948年～）,0,2021-12-21,文部科学省,学校基本調査 都道府県 生徒数
4,0003061511,4 都道府県別  児童数別  学校数（設置者別）,200604-200703,2019-10-28,文部科学省,学校基本調査 都道府県 児童数
4,0003065478,都道府県別  児童数別  学校数（設置者別）,0,2019-10-28,文部科学省,学校基本調査 都道府県 児童数
4,0003103435,24 都道府県別  児童数別  学校数（設置者別）,201401-201412,2019-10-28,文部科学省,学校基本調査 都道府県 児童数
4,0003141633,42 都道府県別  児童数別  学校数（設置者別）,201501-201512,2019-10-28,文部科学省,学校基本調査 都道府県 児童数
4,0003179822,45 都道府県別  児童数別  学校数（設置者別）,201601-201612,2019-10-28,文部科学省,学校基本調査 都道府県 児童数
4,0003268527,45 都道府県別  児童数別  学校数（設置者別）,201701-201712,2019-10-28,文部科学省,学校基本調査 都道府県 児童数
4,0003061542,4 都道府県別  児童数別  学校数（設置者別）,200704-200803,2019-10-28,文部科学省,学校基本調査 都道府県 児童数
4,0003059826,31 都道府県別  生徒数別  学校数（設置者別）,200604-200703,2019-10-28,文部科学省,学校基本調査 都道府県 生徒数
4,0003065519,都道府県別  生徒数別  学校数（設置者別）,0,2019-10-28,文部科学省,学校基本調査 都道府県 生徒数
4,0003103893,51 都道府県別  生徒数別  学校数（設置者別）,201401-201412,2019-10-28,文部科学省,学校基本調査 都道府県 生徒数
4,0003141996,69 都道府県別  生徒数別  学校数（設置者別）,201501-201512,2019-10-28,文部科学省,学校基本調査 都道府県 生徒数
4,0003180503,72 都道府県別  生徒数別  学校数（設置者別）,201601-201612,2019-10-28,文部科学省,学校基本調査 都道府県 生徒数
4,0003046096,31 都道府県別  生徒数別  学校数（設置者別）,200704-200803,2019-10-28,文部科学省,学校基本調査 都道府県 生徒数
4,0003061464,100 前期課程の都道府県別生徒数別学校数（設置者別）,200604-200703,2019-10-28,文部科学省,学校基本調査 都道府県 生徒数
4,0003065697,前期課程の都道府県別生徒数別学校数（設置者別）,0,2019-10-28,文部科学省,学校基本調査 都道府県 生徒数
4,0003104754,120 前期課程の都道府県別生徒数別学校数（設置者別）,201401-201412,2019-10-28,文部科学省,学校基本調査 都道府県 生徒数
4,0003142634,138 前期課程の都道府県別生徒数別学校数（設置者別）,201501-201512,2019-10-28,文部科学省,学校基本調査 都道府県 生徒数
4,0003175080,99 都道府県別  児童生徒数別  学校数（設置者別）,201601-201612,2019-10-28,文部科学省,学校基本調査 都道府県 生徒数
4,0003182804,167 前期課程の都道府県別生徒数別学校数（設置者別）,201601-201612,2019-10-28,文部科学省,学校基本調査 都道府県 生徒数
4,0003046816,100 前期課程の都道府県別生徒数別学校数（設置者別）,200704-200803,2019-10-28,文部科学省,学校基本調査 都道府県 生徒数
3,0003061512,4 都道府県別  児童数別  学校数（うち公立　都道府県別）,200604-200703,2019-10-28,文部科学省,学校基本調査 都道府県 児童数
3,0003061543,4 都道府県別  児童数別  学校数（うち公立　都道府県別）,200704-200803,2019-10-28,文部科学省,学校基本調査 都道府県 児童数
3,0003065479,都道府県別  児童数別  学校数（うち公立　都道府県別）,0,2019-10-28,文部科学省,学校基本調査 都道府県 児童数
3,0003103436,24 都道府県別  児童数別  学校数（うち公立　都道府県別）,201401-201412,2019-10-28,文部科学省,学校基本調査 都道府県 児童数
3,0003141556,42 都道府県別  児童数別  学校数（うち公立　都道府県別）,201501-201512,2019-10-28,文部科学省,学校基本調査 都道府県 児童数
3,0003179823,45 都道府県別  児童数別  学校数（うち公立　都道府県別）,201601-201612,2019-10-28,文部科学省,学校基本調査 都道府県 児童数
3,0003268528,45 都道府県別  児童数別  学校数（うち公立　都道府県別）,201701-201712,2019-10-28,文部科学省,学校基本調査 都道府県 児童数
3,0003043986,22 都道府県別  児童数別  学校数,0,2019-10-28,文部科学省,学校基本調査 都道府県 児童数
3,0003043067,22 都道府県別  児童数別  学校数,201004-201103,2019-10-28,文部科学省,学校基本調査 都道府県 児童数
3,0003065475,都道府県別　学級数別　学校数（設置者別）,0,2019-10-28,文部科学省,学校基本調査 都道府県 学校数
3,0003077748,22 都道府県別　児童数別　学校数,0,2019-10-28,文部科学省,学校基本調査 都道府県 児童数
3,0003096791,22 都道府県別　児童数別　学校数,0,2019-10-28,文部科学省,学校基本調査 都道府県 児童数
3,0003110448,22 都道府県別　児童数別　学校数,201401-201412,2019-10-28,文部科学省,学校基本調査 都道府県 児童数
3,0003103381,22 都道府県別　学級数別　学校数（設置者別）,201401-201412,2019-10-28,文部科学省,学校基本調査 都道府県 学校数
3,0003141555,40 都道府県別　学級数別　学校数（設置者別）,201501-201512,2019-10-28,文部科学省,学校基本調査 都道府県 学校数
3,0003144174,43 都道府県別　児童数別　学校数,201501-201512,2019-10-28,文部科学省,学校基本調査 都道府県 児童数
3,0003179668,42 都道府県別　学級数別　学校数（設置者別）,201601-201612,2019-10-28,文部科学省,学校基本調査 都道府県 学校数
3,0003206305,43 都道府県別　児童数別　学校数,201601-201612,2019-10-28,文部科学省,学校基本調査 都道府県 児童数
3,0003268522,42 都道府県別　学級数別　学校数（設置者別）,201701-201712,2019-10-28,文部科学省,学校基本調査 都道府県 学校数
3,0003046038,2 都道府県別　学級数別　学校数（設置者別）,200704-200803,2019-10-28,文部科学省,学校基本調査 都道府県 学校数
3,0003059827,31 都道府県別  生徒数別  学校数（うち公立　都道府県別）,200604-200703,2019-10-28,文部科学省,学校基本調査 都道府県 生徒数
3,0003046097,31 都道府県別  生徒数別  学校数（うち公立　都道府県別）,200704-200803,2019-10-28,文部科学省,学校基本調査 都道府県 生徒数
3,0003065520,都道府県別  生徒数別  学校数（うち公立　都道府県別）,0,2019-10-28,文部科学省,学校基本調査 都道府県 生徒数
3,0003103935,51 都道府県別  生徒数別  学校数（うち公立　都道府県別）,201401-201412,2019-10-28,文部科学省,学校基本調査 都道府県 生徒数
3,0003141958,69 都道府県別  生徒数別  学校数（うち公立　都道府県別）,201501-201512,2019-10-28,文部科学省,学校基本調査 都道府県 生徒数
3,0003180481,72 都道府県別  生徒数別  学校数（うち公立　都道府県別）,201601-201612,2019-10-28,文部科学省,学校基本調査 都道府県 生徒数
3,0003059823,28 都道府県別　学級数別　学校数（設置者別）,200604-200703,2019-10-28,文部科学省,学校基本調査 都道府県 学校数
3,0003044152,60 都道府県別  生徒数別　学校数,0,2019-10-28,文部科学省,学校基本調査 都道府県 生徒数
3,0003035749,61 都道府県別生徒数別学校数,0,2019-10-28,文部科学省,学校基本調査 都道府県 生徒数
3,0003035689,都道府県別　生徒数別学校数〔うち計国公（分校）私立〕,0,2019-10-28,文部科学省,学校基本調査 都道府県 生徒数
3,0003043245,61 都道府県別  生徒数別　学校数,201004-201103,2019-10-28,文部科学省,学校基本調査 都道府県 生徒数
3,0003065515,都道府県別　学級数別　学校数（設置者別）,0,2019-10-28,文部科学省,学校基本調査 都道府県 学校数
3,0003077818,61 都道府県別　生徒数別　学校数,0,2019-10-28,文部科学省,学校基本調査 都道府県 生徒数
3,0003111244,61 都道府県別　生徒数別　学校数,201401-201412,2019-10-28,文部科学省,学校基本調査 都道府県 生徒数
3,0003103784,48 都道府県別　学級数別　学校数（設置者別）,201401-201412,2019-10-28,文部科学省,学校基本調査 都道府県 学校数
3,0003141955,66 都道府県別　学級数別　学校数（設置者別）,201501-201512,2019-10-28,文部科学省,学校基本調査 都道府県 学校数
3,0003144413,82 都道府県別　生徒数別　学校数,201501-201512,2019-10-28,文部科学省,学校基本調査 都道府県 生徒数
3,0003180440,68 都道府県別　学級数別　学校数（設置者別）,201601-201612,2019-10-28,文部科学省,学校基本調査 都道府県 学校数
3,0003207521,81 都道府県別　生徒数別　学校数,201601-201612,2019-10-28,文部科学省,学校基本調査 都道府県 生徒数
3,0003046093,28 都道府県別　学級数別　学校数（設置者別）,200704-200803,2019-10-28,文部科学省,学校基本調査 都道府県 学校数
3,0003044257,96 都道府県別　全日制のうち単位制による課程及び定時制の修業年限別の学校数、入学状況及び生徒数（全日制）,0,2019-10-28,文部科学省,学校基本調査 都道府県 生徒数
3,0003035790,98 都道府県別全日制のうち単位制による課程及び定時制の修業年限別の学校数、入学状況及び生徒数（全日制）,0,2019-10-28,文部科学省,学校基本調査 都道府県 生徒数
3,0003043412,98 都道府県別  全日制のうち単位制による課程及び定時制の修業年限別の学校数、入学状況及び生徒数（全日制）,201004-201103,2019-10-28,文部科学省,学校基本調査 都道府県 生徒数
3,0003083799,98 都道府県別　全日制のうち単位制による課程及び定時制の修業年限別の学校数、入学状況及び生徒数（全日制）,0,2019-10-28,文部科学省,学校基本調査 都道府県 生徒数
3,0003083817,98 都道府県別　全日制のうち単位制による課程及び定時制の修業年限別の学校数、入学状況及び生徒数（定時制）,0,2019-10-28,文部科学省,学校基本調査 都道府県 生徒数
3,0003111764,98 都道府県別　全日制のうち単位制による課程及び定時制の修業年限別の学校数、入学状況及び生徒数（定時制）,201401-201412,2019-10-28,文部科学省,学校基本調査 都道府県 生徒数
3,0003111807,98 都道府県別　全日制のうち単位制による課程及び定時制の修業年限別の学校数、入学状況及び生徒数（全日制）,201401-201412,2019-10-28,文部科学省,学校基本調査 都道府県 生徒数
3,0003144682,119 都道府県別　全日制のうち単位制による課程及び定時制の修業年限別の学校数、入学状況及び生徒数（全日制）,201501-201512,2019-10-28,文部科学省,学校基本調査 都道府県 生徒数
3,0003144718,119 都道府県別　全日制のうち単位制による課程及び定時制の修業年限別の学校数、入学状況及び生徒数（定時制）,201501-201512,2019-10-28,文部科学省,学校基本調査 都道府県 生徒数
3,0003209442,157 都道府県別　全日制のうち単位制による課程及び定時制の修業年限別の学校数、入学状況及び生徒数（全日制）,201601-201612,2019-10-28,文部科学省,学校基本調査 都道府県 生徒数
3,0003209481,157 都道府県別　全日制のうち単位制による課程及び定時制の修業年限別の学校数、入学状況及び生徒数（定時制）,201601-201612,2019-10-28,文部科学省,学校基本調査 都道府県 生徒数
3,0003061462,99 前期課程の都道府県別学級数別学校数（設置者別）,200604-200703,2019-10-28,文部科学省,学校基本調査 都道府県 学校数
3,0003044377,131 都道府県別　全日制のうち単位制による課程の学校数、生徒数,0,2019-10-28,文部科学省,学校基本調査 都道府県 生徒数
3,0003068174,131 都道府県別　全日制課程のうち単位制による課程の修業年限別の学校数、生徒数,0,2019-10-28,文部科学省,学校基本調査 都道府県 生徒数
3,0003074072,都道府県別　学校数及び学生数,0,2019-10-28,文部科学省,学校基本調査 都道府県 学生数
3,0003106632,53 都道府県別　学校数及び学生数,201401-201412,2019-10-28,文部科学省,学校基本調査 都道府県 学生数
3,0003143475,51 都道府県別　学校数及び学生数,201501-201512,2019-10-28,文部科学省,学校基本調査 都道府県 学生数
3,0003195521,51 都道府県別　学校数及び学生数,201601-201612,2019-10-28,文部科学省,学校基本調査 都道府県 学生数
3,0003066279,都道府県別　学校数及び学生数（都道府県別）,0,2019-10-28,文部科学省,学校基本調査 都道府県 学生数
3,0003106003,7 都道府県別　学校数及び学生数（都道府県別）,201401-201412,2019-10-28,文部科学省,学校基本調査 都道府県 学生数
3,0003143090,7 都道府県別　学校数及び学生数（都道府県別）,201501-201512,2019-10-28,文部科学省,学校基本調査 都道府県 学生数
3,0003191660,7 都道府県別　学校数及び学生数（都道府県別）,201601-201612,2019-10-28,文部科学省,学校基本調査 都道府県 学生数
3,0003073927,都道府県別　学校数及び学生数（都道府県別）,0,2019-10-28,文部科学省,学校基本調査 都道府県 学生数
3,0003106544,37 都道府県別　学校数及び学生数（都道府県別）,201401-201412,2019-10-28,文部科学省,学校基本調査 都道府県 学生数
3,0003143426,36 都道府県別　学校数及び学生数（都道府県別）,201501-201512,2019-10-28,文部科学省,学校基本調査 都道府県 学生数
3,0003194741,36 都道府県別　学校数及び学生数（都道府県別）,201601-201612,2019-10-28,文部科学省,学校基本調査 都道府県 学生数
3,0003066280,都道府県別　学校数及び学生数（政令指定都市別）,0,2019-10-28,文部科学省,学校基本調査 都道府県 学生数
3,0003074016,都道府県別　学校数及び学生数（政令指定都市別）（再掲）,0,2019-10-28,文部科学省,学校基本調査 都道府県 学生数
3,0003106028,7 都道府県別　学校数及び学生数（政令指定都市別）,201401-201412,2019-10-28,文部科学省,学校基本調査 都道府県 学生数
3,0003106576,37 都道府県別　学校数及び学生数（政令指定都市別）（再掲）,201401-201412,2019-10-28,文部科学省,学校基本調査 都道府県 学生数
3,0003143119,7 都道府県別　学校数及び学生数（政令指定都市別）,201501-201512,2019-10-28,文部科学省,学校基本調査 都道府県 学生数
3,0003143380,36 都道府県別　学校数及び学生数（政令指定都市別）（再掲）,201501-201512,2019-10-28,文部科学省,学校基本調査 都道府県 学生数
3,0003191641,7 都道府県別　学校数及び学生数（政令指定都市別）,201601-201612,2019-10-28,文部科学省,学校基本調査 都道府県 学生数
3,0003194760,36 都道府県別　学校数及び学生数（政令指定都市別）（再掲）,201601-201612,2019-10-28,文部科学省,学校基本調査 都道府県 学生数
3,0003175100,99 都道府県別  児童生徒数別  学校数（うち公立　都道府県別）,201601-201612,2019-10-28,文部科学省,学校基本調査 都道府県 生徒数
3,0003043634,133 都道府県別　全日制のうち単位制による課程の学校数、生徒数,201004-201103,2019-10-28,文部科学省,学校基本調査 都道府県 生徒数
3,0003065695,前期課程の都道府県別学級数別学校数（設置者別）,0,2019-10-28,文部科学省,学校基本調査 都道府県 学校数
3,0003083825,133 都道府県別　全日制課程のうち単位制による課程及び定時制の修業年限別の学校数、入学状況及び生徒数,0,2019-10-28,文部科学省,学校基本調査 都道府県 生徒数
3,0003113069,133 都道府県別　全日制課程のうち単位制による課程及び定時制の修業年限別の学校数、入学状況及び生徒数,201401-201412,2019-10-28,文部科学省,学校基本調査 都道府県 生徒数
3,0003104788,119 前期課程の都道府県別学級数別学校数（設置者別）,201401-201412,2019-10-28,文部科学省,学校基本調査 都道府県 学校数
3,0003142654,137 前期課程の都道府県別学級数別学校数（設置者別）,201501-201512,2019-10-28,文部科学省,学校基本調査 都道府県 学校数
3,0003144790,154 都道府県別　全日制課程のうち単位制による課程及び定時制の修業年限別の学校数、入学状況及び生徒数,201501-201512,2019-10-28,文部科学省,学校基本調査 都道府県 生徒数
3,0003174846,96 都道府県別　学級数別　学校数（設置者別）,201601-201612,2019-10-28,文部科学省,学校基本調査 都道府県 学校数
3,0003182803,166 前期課程の都道府県別学級数別学校数（設置者別）,201601-201612,2019-10-28,文部科学省,学校基本調査 都道府県 学校数
3,0003209081,121 都道府県別　児童生徒数別　学校数,201601-201612,2019-10-28,文部科学省,学校基本調査 都道府県 生徒数
3,0003210520,192 都道府県別　全日制課程のうち単位制による課程及び定時制の修業年限別の学校数、生徒数,201601-201612,2019-10-28,文部科学省,学校基本調査 都道府県 生徒数
3,0003061551,99 前期課程の都道府県別学級数別学校数（設置者別）,200704-200803,2019-10-28,文部科学省,学校基本調査 都道府県 学校数
2,0003047075,157 都道府県別　学校数,200704-200803,2019-10-28,文部科学省,学校基本調査 都道府県 学校数
2,0003059418,193 都道府県別　学校数,200604-200703,2019-10-28,文部科学省,学校基本調査 都道府県 学校数
2,0003065436,都道府県別　学校数,0,2019-10-28,文部科学省,学校基本調査 都道府県 学校数
2,0003103359,2 都道府県別　学校数,201401-201412,2019-10-28,文部科学省,学校基本調査 都道府県 学校数
2,0003141173,2 都道府県別　学校数,201501-201512,2019-10-28,文部科学省,学校基本調査 都道府県 学校数
2,0003177020,2 都道府県別　学校数,201601-201612,2019-10-28,文部科学省,学校基本調査 都道府県 学校数
2,0003258443,2 都道府県別　学校数,201701-201712,2019-10-28,文部科学省,学校基本調査 都道府県 学校数
2,0003274920,2 都道府県別　学校数,201801-201812,2019-10-28,文部科学省,学校基本調査 都道府県 学校数
2,0003046039,2 都道府県別　学級数別　学校数（うち公立　都道府県別）,200704-200803,2019-10-28,文部科学省,学校基本調査 都道府県 学校数
2,0003065476,都道府県別　学級数別　学校数（うち公立　都道府県別）,0,2019-10-28,文部科学省,学校基本調査 都道府県 学校数
2,0003103450,22 都道府県別　学級数別　学校数（うち公立　都道府県別）,201401-201412,2019-10-28,文部科学省,学校基本調査 都道府県 学校数
2,0003141598,40 都道府県別　学級数別　学校数（うち公立　都道府県別）,201501-201512,2019-10-28,文部科学省,学校基本調査 都道府県 学校数
2,0003179596,42 都道府県別　学級数別　学校数（うち公立　都道府県別）,201601-201612,2019-10-28,文部科学省,学校基本調査 都道府県 学校数
2,0003268523,42 都道府県別　学級数別　学校数（うち公立　都道府県別）,201701-201712,2019-10-28,文部科学省,学校基本調査 都道府県 学校数
2,0003043982,18 都道府県別　学級数別　学校数,0,2019-10-28,文部科学省,学校基本調査 都道府県 学校数
2,0003043984,20 都道府県別　類型別　学校数,0,2019-10-28,文部科学省,学校基本調査 都道府県 学校数
2,0003035389,20 都道府県別類型別学校数,0,2019-10-28,文部科学省,学校基本調査 都道府県 学校数
2,0003043241,18 都道府県別　学級数別　学校数,201004-201103,2019-10-28,文部科学省,学校基本調査 都道府県 学校数
2,0003043628,20 都道府県別　類型別　学校数,201004-201103,2019-10-28,文部科学省,学校基本調査 都道府県 学校数
2,0003065474,都道府県別　学校数,0,2019-10-28,文部科学省,学校基本調査 都道府県 学校数
2,0003077747,18 都道府県別　学級数別学校数,0,2019-10-28,文部科学省,学校基本調査 都道府県 学校数
2,0003077732,20 都道府県別　類型別学校数,0,2019-10-28,文部科学省,学校基本調査 都道府県 学校数
2,0003110374,18 都道府県別　学級数別学校数,201401-201412,2019-10-28,文部科学省,学校基本調査 都道府県 学校数
2,0003110445,20 都道府県別　類型別学校数,201401-201412,2019-10-28,文部科学省,学校基本調査 都道府県 学校数
2,0003103433,21 都道府県別　学校数,201401-201412,2019-10-28,文部科学省,学校基本調査 都道府県 学校数
2,0003141613,39 都道府県別　学校数,201501-201512,2019-10-28,文部科学省,学校基本調査 都道府県 学校数
2,0003144154,39 都道府県別　学級数別学校数,201501-201512,2019-10-28,文部科学省,学校基本調査 都道府県 学校数
2,0003144066,41 都道府県別　類型別学校数,201501-201512,2019-10-28,文部科学省,学校基本調査 都道府県 学校数
2,0003179573,41 都道府県別　学校数,201601-201612,2019-10-28,文部科学省,学校基本調査 都道府県 学校数
2,0003206181,39 都道府県別　学級数別学校数,201601-201612,2019-10-28,文部科学省,学校基本調査 都道府県 学校数
2,0003206301,41 都道府県別　類型別学校数,201601-201612,2019-10-28,文部科学省,学校基本調査 都道府県 学校数
2,0003268521,41 都道府県別　学校数,201701-201712,2019-10-28,文部科学省,学校基本調査 都道府県 学校数
2,0003059824,28 都道府県別　学級数別　学校数（うち公立　都道府県別）,200604-200703,2019-10-28,文部科学省,学校基本調査 都道府県 学校数
2,0003046094,28 都道府県別　学級数別　学校数（うち公立　都道府県別）,200704-200803,2019-10-28,文部科学省,学校基本調査 都道府県 学校数
2,0003065516,都道府県別　学級数別　学校数（うち公立　都道府県別）,0,2019-10-28,文部科学省,学校基本調査 都道府県 学校数
2,0003065817,都道府県別　高等学校等への進学者数（都道府県別）,0,2019-10-28,文部科学省,学校基本調査 高等専門学校 都道府県
2,0003103825,48 都道府県別　学級数別　学校数（うち公立　都道府県別）,201401-201412,2019-10-28,文部科学省,学校基本調査 都道府県 学校数
2,0003105560,212 都道府県別　高等学校等への進学者数（都道府県別）,201401-201412,2019-10-28,文部科学省,学校基本調査 高等専門学校 都道府県
2,0003142035,66 都道府県別　学級数別　学校数（うち公立　都道府県別）,201501-201512,2019-10-28,文部科学省,学校基本調査 都道府県 学校数
2,0003142916,230 都道府県別　高等学校等への進学者数（都道府県別）,201501-201512,2019-10-28,文部科学省,学校基本調査 高等専門学校 都道府県
2,0003180460,68 都道府県別　学級数別　学校数（うち公立　都道府県別）,201601-201612,2019-10-28,文部科学省,学校基本調査 都道府県 学校数
2,0003189742,258 都道府県別　高等学校等への進学者数（都道府県別）,201601-201612,2019-10-28,文部科学省,学校基本調査 高等専門学校 都道府県
2,0003044078,56 都道府県別　学級数別　学校数,0,2019-10-28,文部科学省,学校基本調査 都道府県 学校数
2,0003044080,58 都道府県別　類型別　学校数,0,2019-10-28,文部科学省,学校基本調査 都道府県 学校数
2,0003035679,57 都道府県別学級数別学校数,0,2019-10-28,文部科学省,学校基本調査 都道府県 学校数
2,0003035671,59 都道府県別類型別学校数,0,2019-10-28,文部科学省,学校基本調査 都道府県 学校数
2,0003043243,57 都道府県別　学級数別　学校数,201004-201103,2019-10-28,文部科学省,学校基本調査 都道府県 学校数
2,0003043630,59 都道府県別　類型別　学校数,201004-201103,2019-10-28,文部科学省,学校基本調査 都道府県 学校数
2,0003065514,都道府県別　学校数,0,2019-10-28,文部科学省,学校基本調査 都道府県 学校数
2,0003065819,高等学校（本科）への進学者のうち併設先または連携先の高等学校へ進学した者（再掲）（都道府県別）,0,2019-10-28,文部科学省,学校基本調査 高等学校 都道府県
2,0003065823,高等学校等への入学志願者数（都道府県別）,0,2019-10-28,文部科学省,学校基本調査 高等専門学校 都道府県
2,0003065825,高等学校（本科）への入学志願者のうち併設先または連携先の高等学校へ志願した者（再掲）（都道府県別）,0,2019-10-28,文部科学省,学校基本調査 高等学校 都道府県
2,0003077817,57 都道府県別　学級数別　学校数,0,2019-10-28,文部科学省,学校基本調査 都道府県 学校数
2,0003077801,59 都道府県別　類型別　学校数,0,2019-10-28,文部科学省,学校基本調査 都道府県 学校数
2,0003111037,57 都道府県別　学級数別　学校数,201401-201412,2019-10-28,文部科学省,学校基本調査 都道府県 学校数
2,0003111221,59 都道府県別　類型別　学校数,201401-201412,2019-10-28,文部科学省,学校基本調査 都道府県 学校数
2,0003103762,47 都道府県別　学校数,201401-201412,2019-10-28,文部科学省,学校基本調査 都道府県 学校数
2,0003105633,213 高等学校（本科）への進学者のうち併設先または連携先の高等学校へ進学した者（再掲）（都道府県別）,201401-201412,2019-10-28,文部科学省,学校基本調査 高等学校 都道府県
2,0003105747,215 高等学校等への入学志願者数（都道府県別）,201401-201412,2019-10-28,文部科学省,学校基本調査 高等専門学校 都道府県
2,0003105748,216 高等学校（本科）への入学志願者のうち併設先または連携先の高等学校へ志願した者（再掲）（都道府県別）,201401-201412,2019-10-28,文部科学省,学校基本調査 高等学校 都道府県
2,0003142034,65 都道府県別　学校数,201501-201512,2019-10-28,文部科学省,学校基本調査 都道府県 学校数
2,0003142904,231 高等学校（本科）への進学者のうち併設先または連携先の高等学校へ進学した者（再掲）（都道府県別）,201501-201512,2019-10-28,文部科学省,学校基本調査 高等学校 都道府県
2,0003142880,233 高等学校等への入学志願者数（都道府県別）,201501-201512,2019-10-28,文部科学省,学校基本調査 高等専門学校 都道府県
2,0003142919,234 高等学校（本科）への入学志願者のうち併設先または連携先の高等学校へ志願した者（再掲）（都道府県別）,201501-201512,2019-10-28,文部科学省,学校基本調査 高等学校 都道府県
2,0003144365,78 都道府県別　学級数別　学校数,201501-201512,2019-10-28,文部科学省,学校基本調査 都道府県 学校数
2,0003144346,80 都道府県別　類型別　学校数,201501-201512,2019-10-28,文部科学省,学校基本調査 都道府県 学校数
2,0003180381,67 都道府県別　学校数,201601-201612,2019-10-28,文部科学省,学校基本調査 都道府県 学校数
2,0003189800,259 高等学校（本科）への進学者のうち併設先または連携先の高等学校へ進学した者（再掲）（都道府県別）,201601-201612,2019-10-28,文部科学省,学校基本調査 高等学校 都道府県
2,0003189821,261 高等学校等への入学志願者数（都道府県別）,201601-201612,2019-10-28,文部科学省,学校基本調査 高等専門学校 都道府県
2,0003189900,262 高等学校（本科）への入学志願者のうち併設先または連携先の高等学校へ志願した者（再掲）（都道府県別）,201601-201612,2019-10-28,文部科学省,学校基本調査 高等学校 都道府県
2,0003207040,77 都道府県別　学級数別　学校数,201601-201612,2019-10-28,文部科学省,学校基本調査 都道府県 学校数
2,0003207480,79 都道府県別類型別学校数,201601-201612,2019-10-28,文部科学省,学校基本調査 都道府県 学校数
2,0003060049,54 都道府県別　学校数,200604-200703,2019-10-28,文部科学省,学校基本調査 都道府県 学校数
2,0003065574,都道府県別　学校数,0,2019-10-28,文部科学省,学校基本調査 都道府県 学校数
2,0003104435,74 都道府県別　学校数,201401-201412,2019-10-28,文部科学省,学校基本調査 都道府県 学校数
2,0003142178,92 都道府県別　学校数,201501-201512,2019-10-28,文部科学省,学校基本調査 都道府県 学校数
2,0003180801,122 都道府県別　学校数,201601-201612,2019-10-28,文部科学省,学校基本調査 都道府県 学校数
2,0003066177,前期課程の都道府県別高等学校等への進学者数（都道府県別）,0,2019-10-28,文部科学省,学校基本調査 高等専門学校 都道府県
2,0003105932,248 前期課程の都道府県別高等学校等への進学者数（都道府県別）,201401-201412,2019-10-28,文部科学省,学校基本調査 高等専門学校 都道府県
2,0003142945,266 前期課程の都道府県別高等学校等への進学者数（都道府県別）,201501-201512,2019-10-28,文部科学省,学校基本調査 高等専門学校 都道府県
2,0003190607,294 前期課程の都道府県別高等学校等への進学者数（都道府県別）,201601-201612,2019-10-28,文部科学省,学校基本調査 高等専門学校 都道府県
2,0003046418,67 学年別　生徒数（都道府県別）,200704-200803,2019-10-28,文部科学省,学校基本調査 都道府県 生徒数
2,0003046824,68 学科別　学年別　生徒数（本科）（都道府県別）,200704-200803,2019-10-28,文部科学省,学校基本調査 都道府県 生徒数
2,0003060057,65 都道府県別　学科数（本科）（設置者別）,200604-200703,2019-10-28,文部科学省,学校基本調査 高等学校 都道府県
2,0003060061,67 学年別　生徒数（都道府県別）,200604-200703,2019-10-28,文部科学省,学校基本調査 都道府県 生徒数
2,0003060063,68 学科別　学年別　生徒数（本科）（都道府県別）,200604-200703,2019-10-28,文部科学省,学校基本調査 都道府県 生徒数
2,0003044265,102 都道府県別　学科別　学年別　生徒数（本科）,0,2019-10-28,文部科学省,学校基本調査 都道府県 生徒数
2,0003044266,102 都道府県別　学科別　学年別　生徒数（本科）(男性）,0,2019-10-28,文部科学省,学校基本調査 都道府県 生徒数
2,0003044270,104 都道府県別　帰国生徒数（定時制）,0,2019-10-28,文部科学省,学校基本調査 都道府県 生徒数
2,0003044284,118 都道府県別　設置者別　職員数（本務者）,0,2019-10-28,文部科学省,学校基本調査 高等学校 都道府県
2,0003035875,104 学科別学年別生徒数（本科）（都道府県別）,0,2019-10-28,文部科学省,学校基本調査 都道府県 生徒数
2,0003035876,104 学科別学年別生徒数（本科）（都道府県別）(男性）,0,2019-10-28,文部科学省,学校基本調査 都道府県 生徒数
2,0003035892,106 都道府県別帰国生徒数,0,2019-10-28,文部科学省,学校基本調査 都道府県 生徒数
2,0003035972,120 都道府県別設置者別職員数（本務者）,0,2019-10-28,文部科学省,学校基本調査 高等学校 都道府県
2,0003042982,104 都道府県別　学科別　学年別　生徒数（本科）,201004-201103,2019-10-28,文部科学省,学校基本調査 都道府県 生徒数
2,0003042983,104 都道府県別　学科別　学年別　生徒数（本科）(男性）,201004-201103,2019-10-28,文部科学省,学校基本調査 都道府県 生徒数
2,0003043533,106 都道府県別　帰国生徒数（定時制）,201004-201103,2019-10-28,文部科学省,学校基本調査 都道府県 生徒数
2,0003043211,120 都道府県別　設置者別　職員数（本務者）,201004-201103,2019-10-28,文部科学省,学校基本調査 高等学校 都道府県
2,0003065586,都道府県別　学科数（本科）（設置者別）,0,2019-10-28,文部科学省,学校基本調査 高等学校 都道府県
2,0003065590,学年別　生徒数（都道府県別）,0,2019-10-28,文部科学省,学校基本調査 都道府県 生徒数
2,0003065682,学科別　学年別　生徒数（本科）（都道府県別）,0,2019-10-28,文部科学省,学校基本調査 都道府県 生徒数
2,0003073411,都道府県別　市町村立学校の生徒数及び教員数（本務者）,0,2019-10-28,文部科学省,学校基本調査 都道府県 生徒数
2,0003077858,104 都道府県別　学科別　学年別　生徒数　（本科）(男性）,0,2019-10-28,文部科学省,学校基本調査 都道府県 生徒数
2,0003077873,104 都道府県別　学科別　学年別　生徒数　（本科）,0,2019-10-28,文部科学省,学校基本調査 都道府県 生徒数
2,0003083912,106 都道府県別　帰国生徒数（定時制）,0,2019-10-28,文部科学省,学校基本調査 都道府県 生徒数
2,0003083821,120 都道府県別　設置者別　職員数　(本務者）,0,2019-10-28,文部科学省,学校基本調査 高等学校 都道府県
2,0003112180,104 都道府県別　学科別　学年別　生徒数　（本科）(男性）,201401-201412,2019-10-28,文部科学省,学校基本調査 都道府県 生徒数
2,0003112188,104 都道府県別　学科別　学年別　生徒数　（本科）,201401-201412,2019-10-28,文部科学省,学校基本調査 都道府県 生徒数
2,0003112542,106 都道府県別　帰国生徒数（定時制）,201401-201412,2019-10-28,文部科学省,学校基本調査 都道府県 生徒数
2,0003113047,120 都道府県別　設置者別　職員数　(本務者）,201401-201412,2019-10-28,文部科学省,学校基本調査 高等学校 都道府県
2,0003104535,105 都道府県別　市町村立学校の生徒数及び教員数（本務者）,201401-201412,2019-10-28,文部科学省,学校基本調査 都道府県 生徒数
2,0003104444,85 都道府県別　学科数（本科）（設置者別）,201401-201412,2019-10-28,文部科学省,学校基本調査 高等学校 都道府県
2,0003104467,87 学年別　生徒数（都道府県別）,201401-201412,2019-10-28,文部科学省,学校基本調査 都道府県 生徒数
2,0003104446,88 学科別　学年別　生徒数（本科）（都道府県別）,201401-201412,2019-10-28,文部科学省,学校基本調査 都道府県 生徒数
2,0003142255,103 都道府県別　学科数（本科）（設置者別）,201501-201512,2019-10-28,文部科学省,学校基本調査 高等学校 都道府県
2,0003142257,105 学年別　生徒数（都道府県別）,201501-201512,2019-10-28,文部科学省,学校基本調査 都道府県 生徒数
2,0003142258,106 学科別　学年別　生徒数（本科）（都道府県別）,201501-201512,2019-10-28,文部科学省,学校基本調査 都道府県 生徒数
2,0003142510,123 都道府県別　市町村立学校の生徒数及び教員数（本務者）,201501-201512,2019-10-28,文部科学省,学校基本調査 都道府県 生徒数
2,0003144685,125 都道府県別　学科別　学年別　生徒数　（本科）,201501-201512,2019-10-28,文部科学省,学校基本調査 都道府県 生徒数
2,0003144686,125 都道府県別　学科別　学年別　生徒数　（本科）(男性）,201501-201512,2019-10-28,文部科学省,学校基本調査 都道府県 生徒数
2,0003144688,127 都道府県別　帰国生徒数（定時制）,201501-201512,2019-10-28,文部科学省,学校基本調査 都道府県 生徒数
2,0003144823,141 都道府県別　設置者別　職員数　(本務者）,201501-201512,2019-10-28,文部科学省,学校基本調査 高等学校 都道府県
2,0003180815,133 都道府県別　学科数（本科）（設置者別）,201601-201612,2019-10-28,文部科学省,学校基本調査 高等学校 都道府県
2,0003180966,135 学年別　生徒数（都道府県別）,201601-201612,2019-10-28,文部科学省,学校基本調査 都道府県 生徒数
2,0003181603,152 都道府県別　市町村立学校の生徒数及び教員数（本務者）,201601-201612,2019-10-28,文部科学省,学校基本調査 都道府県 生徒数
2,0003209542,163 都道府県別　学科別　学年別　生徒数　（本科）,201601-201612,2019-10-28,文部科学省,学校基本調査 都道府県 生徒数
2,0003209560,163 都道府県別　学科別　学年別　生徒数　（本科）(男性）,201601-201612,2019-10-28,文部科学省,学校基本調査 都道府県 生徒数
2,0003209544,165 都道府県別　帰国生徒数,201601-201612,2019-10-28,文部科学省,学校基本調査 都道府県 生徒数
2,0003209644,179 都道府県別　設置者別　職員数　(本務者）,201601-201612,2019-10-28,文部科学省,学校基本調査 高等学校 都道府県
2,0003214046,263 都道府県別　高等学校等への進学者数,201601-201612,2019-10-28,文部科学省,学校基本調査 高等専門学校 都道府県
2,0003046742,119 後期課程の学年別生徒数（都道府県別）,200704-200803,2019-10-28,文部科学省,学校基本調査 都道府県 生徒数
2,0003048004,120 後期課程の学科別学年別生徒数（都道府県別）,200704-200803,2019-10-28,文部科学省,学校基本調査 都道府県 生徒数
2,0003046815,98 都道府県別　学校数,200704-200803,2019-10-28,文部科学省,学校基本調査 都道府県 学校数
2,0003061478,110 後期課程の都道府県別学科数（本科）（設置者別）,200604-200703,2019-10-28,文部科学省,学校基本調査 高等学校 都道府県
2,0003061488,117 後期課程の学年別生徒数（都道府県別）,200604-200703,2019-10-28,文部科学省,学校基本調査 都道府県 生徒数
2,0003061490,118 後期課程の学科別学年別生徒数（都道府県別）,200604-200703,2019-10-28,文部科学省,学校基本調査 都道府県 生徒数
2,0003061461,98 都道府県別　学校数,200604-200703,2019-10-28,文部科学省,学校基本調査 都道府県 学校数
2,0003061463,99 前期課程の都道府県別学級数別学校数（うち公立　都道府県別）,200604-200703,2019-10-28,文部科学省,学校基本調査 都道府県 学校数
2,0003066190,後期課程の大学（学部）・短期大学（本科）への入学志願者数（都道府県別）,0,2019-10-28,文部科学省,学校基本調査 大学 都道府県
2,0003066192,後期課程の卒業年次別大学（学部）・短期大学（本科）への入学志願者数（都道府県別）,0,2019-10-28,文部科学省,学校基本調査 大学 都道府県
2,0003066050,大学（学部）・短期大学（本科）への入学志願者数（都道府県別）,0,2019-10-28,文部科学省,学校基本調査 大学 都道府県
2,0003066052,卒業年次別　大学（学部）・短期大学（本科）への入学志願者数（都道府県別）,0,2019-10-28,文部科学省,学校基本調査 大学 都道府県
2,0003074122,大学卒業者のうち左記以外の者の数（都道府県別）,0,2019-10-28,文部科学省,学校基本調査 大学 都道府県
2,0003074202,短期大学卒業者のうち左記以外の者の数（都道府県別）,0,2019-10-28,文部科学省,学校基本調査 大学 都道府県
2,0003083906,215 都道府県別　大学（学部）・短期大学（本科）への入学志願者数〔全日制〕,0,2019-10-28,文部科学省,学校基本調査 大学 都道府県
2,0003083971,215 都道府県別　大学（学部）・短期大学（本科）への入学志願者数,0,2019-10-28,文部科学省,学校基本調査 大学 都道府県
2,0003113533,215 都道府県別　大学（学部）・短期大学（本科）への入学志願者数〔全日制〕,201401-201412,2019-10-28,文部科学省,学校基本調査 大学 都道府県
2,0003113569,215 都道府県別　大学（学部）・短期大学（本科）への入学志願者数,201401-201412,2019-10-28,文部科学省,学校基本調査 大学 都道府県
2,0003105770,232 大学（学部）・短期大学（本科）への入学志願者数（都道府県別）,201401-201412,2019-10-28,文部科学省,学校基本調査 大学 都道府県
2,0003105771,233 卒業年次別　大学（学部）・短期大学（本科）への入学志願者数（都道府県別）,201401-201412,2019-10-28,文部科学省,学校基本調査 大学 都道府県
2,0003105970,257 後期課程の大学（学部）・短期大学（本科）への入学志願者数（都道府県別）,201401-201412,2019-10-28,文部科学省,学校基本調査 大学 都道府県
2,0003105971,258 後期課程の卒業年次別大学（学部）・短期大学（本科）への入学志願者数（都道府県別）,201401-201412,2019-10-28,文部科学省,学校基本調査 大学 都道府県
2,0003106850,79 大学卒業者のうち左記以外の者の数（都道府県別）,201401-201412,2019-10-28,文部科学省,学校基本調査 大学 都道府県
2,0003106971,101 短期大学卒業者のうち左記以外の者の数（都道府県別）,201401-201412,2019-10-28,文部科学省,学校基本調査 大学 都道府県
2,0003142939,250 大学（学部）・短期大学（本科）への入学志願者数（都道府県別）,201501-201512,2019-10-28,文部科学省,学校基本調査 大学 都道府県
2,0003142995,251 卒業年次別　大学（学部）・短期大学（本科）への入学志願者数（都道府県別）,201501-201512,2019-10-28,文部科学省,学校基本調査 大学 都道府県
2,0003143012,275 後期課程の大学（学部）・短期大学（本科）への入学志願者数（都道府県別）,201501-201512,2019-10-28,文部科学省,学校基本調査 大学 都道府県
2,0003142948,276 後期課程の卒業年次別大学（学部）・短期大学（本科）への入学志願者数（都道府県別）,201501-201512,2019-10-28,文部科学省,学校基本調査 大学 都道府県
2,0003143815,77 大学卒業者のうち左記以外の者の数（都道府県別）,201501-201512,2019-10-28,文部科学省,学校基本調査 大学 都道府県
2,0003143914,99 短期大学卒業者のうち左記以外の者の数（都道府県別）,201501-201512,2019-10-28,文部科学省,学校基本調査 大学 都道府県
2,0003145422,236 都道府県別　大学（学部）・短期大学（本科）への入学志願者数,201501-201512,2019-10-28,文部科学省,学校基本調査 大学 都道府県
2,0003145441,236 都道府県別　大学（学部）・短期大学（本科）への入学志願者数〔全日制〕,201501-201512,2019-10-28,文部科学省,学校基本調査 大学 都道府県
2,0003190201,278 大学（学部）・短期大学（本科）への入学志願者数（都道府県別）,201601-201612,2019-10-28,文部科学省,学校基本調査 大学 都道府県
2,0003190541,279 卒業年次別　大学（学部）・短期大学（本科）への入学志願者数（都道府県別）,201601-201612,2019-10-28,文部科学省,学校基本調査 大学 都道府県
2,0003190820,303 後期課程の大学（学部）・短期大学（本科）への入学志願者数（都道府県別）,201601-201612,2019-10-28,文部科学省,学校基本調査 大学 都道府県
2,0003190782,304 後期課程の卒業年次別大学（学部）・短期大学（本科）への入学志願者数（都道府県別）,201601-201612,2019-10-28,文部科学省,学校基本調査 大学 都道府県
2,0003198500,77 大学卒業者のうち左記以外の者の数（都道府県別）,201601-201612,2019-10-28,文部科学省,学校基本調査 大学 都道府県
2,0003198919,99 短期大学卒業者のうち左記以外の者の数（都道府県別）,201601-201612,2019-10-28,文部科学省,学校基本調査 大学 都道府県
2,0003073922,国籍別　専攻分野別　外国人学生数（大学院））（平成23年度～平成24年度）,0,2019-10-28,文部科学省,学校基本調査 都道府県 学生数
2,0003073959,国籍別　関係学科別　外国人学生数（大学）（平成23年度～平成24年度）,0,2019-10-28,文部科学省,学校基本調査 都道府県 学生数
2,0003073978,専攻分野別　外国人学生数（大学院）（平成23年度～平成24年度）,0,2019-10-28,文部科学省,学校基本調査 都道府県 学生数
2,0003079199,研究科別　最低在学年限超過学生数（専門職学位課程-法科大学院）（再掲）（平成24年度）,0,2019-10-28,文部科学省,学校基本調査 都道府県 学生数
2,0003079219,研究科別　最低在学年限超過学生数（専門職学位課程-教職大学院）（再掲）（平成24年度）,0,2019-10-28,文部科学省,学校基本調査 都道府県 学生数
2,0003091095,国籍・地域別　専攻分野別　外国人学生数（大学院）（平成25年度～）,0,2019-10-28,文部科学省,学校基本調査 都道府県 学生数
2,0003091097,研究科別　最低在学年限超過学生数（専門職学位課程-法科大学院）（再掲）（平成25年度）,0,2019-10-28,文部科学省,学校基本調査 都道府県 学生数
2,0003091112,国籍・地域別　関係学科別　外国人学生数（大学）（平成25年度～）,0,2019-10-28,文部科学省,学校基本調査 都道府県 学生数
2,0003091134,研究科別　最低在学年限超過学生数（専門職学位課程-教職大学院）（再掲）（平成25年度）,0,2019-10-28,文部科学省,学校基本調査 都道府県 学生数
2,0003091145,専攻分野別　外国人学生数（大学院）（平成25年度～）,0,2019-10-28,文部科学省,学校基本調査 都道府県 学生数
2,0003092836,専攻分野別　大学院学生数（専門職学位課程法科・教職大学院）（再掲）,0,2019-10-28,文部科学省,学校基本調査 都道府県 学生数
2,0003092846,専攻分野別　大学院学生数（修士課程・博士課程・専門職学位課程）,0,2019-10-28,文部科学省,学校基本調査 都道府県 学生数
2,0003100821,研究科別　最低在学年限超過学生数（専門職学位課程-法科大学院）（再掲）（平成23年度）,0,2019-10-28,文部科学省,学校基本調査 都道府県 学生数
2,0003100845,研究科別　最低在学年限超過学生数（専門職学位課程-教職大学院）（再掲）（平成23年度）,0,2019-10-28,文部科学省,学校基本調査 都道府県 学生数
2,0003079360,専門職学位課程の専攻分野別　入学年度別　卒業者数（法科大学院・教職大学院）（設置者別）（再掲）,0,2019-10-28,文部科学省,学校基本調査 大学 都道府県
2,0003106050,12 専攻分野別　大学院学生数（修士課程・博士課程・専門職学位課程）,201401-201412,2019-10-28,文部科学省,学校基本調査 都道府県 学生数
2,0003106085,12 専攻分野別　大学院学生数（専門職学位課程法科・教職大学院）（再掲）,201401-201412,2019-10-28,文部科学省,学校基本調査 都道府県 学生数
2,0003106053,13 研究科別　最低在学年限超過学生数（専門職学位課程-法科大学院）（再掲）（平成26年度）,201401-201412,2019-10-28,文部科学省,学校基本調査 都道府県 学生数
2,0003106088,13 研究科別　最低在学年限超過学生数（専門職学位課程-教職大学院）（再掲）（平成26年度）,201401-201412,2019-10-28,文部科学省,学校基本調査 都道府県 学生数
2,0003106498,23 国籍・地域別　関係学科別　外国人学生数（大学）（平成25年度～）,201401-201412,2019-10-28,文部科学省,学校基本調査 都道府県 学生数
2,0003106480,24 専攻分野別　外国人学生数（大学院）（平成25年度～）,201401-201412,2019-10-28,文部科学省,学校基本調査 都道府県 学生数
2,0003106500,25 国籍・地域別　専攻分野別　外国人学生数（大学院）（平成25年度～）,201401-201412,2019-10-28,文部科学省,学校基本調査 都道府県 学生数
2,0003106926,90 専門職学位課程の専攻分野別　入学年度別　卒業者数（法科大学院・教職大学院）（設置者別）（再掲）,201401-201412,2019-10-28,文部科学省,学校基本調査 大学 都道府県
2,0003143154,11 学部別　最低在学年限超過学生数（設置者別）（修業年限5年）,201501-201512,2019-10-28,文部科学省,学校基本調査 都道府県 学生数
2,0003143156,12 専攻分野別　大学院学生数（修士課程・博士課程・専門職学位課程）,201501-201512,2019-10-28,文部科学省,学校基本調査 都道府県 学生数
2,0003143173,12 専攻分野別　大学院学生数（専門職学位課程法科・教職大学院）（再掲）,201501-201512,2019-10-28,文部科学省,学校基本調査 都道府県 学生数
2,0003143125,13 研究科別　最低在学年限超過学生数（専門職学位課程-法科大学院）（再掲）（平成27年度）,201501-201512,2019-10-28,文部科学省,学校基本調査 都道府県 学生数
2,0003143158,13 研究科別　最低在学年限超過学生数（専門職学位課程-教職大学院）（再掲）（平成27年度）,201501-201512,2019-10-28,文部科学省,学校基本調査 都道府県 学生数
2,0003143313,22 国籍・地域別　関係学科別　外国人学生数（大学）（平成26年度～）,201501-201512,2019-10-28,文部科学省,学校基本調査 都道府県 学生数
2,0003143294,23 専攻分野別　外国人学生数（大学院）（平成26年度～）,201501-201512,2019-10-28,文部科学省,学校基本調査 都道府県 学生数
2,0003143314,24 国籍・地域別　専攻分野別　外国人学生数（大学院）（平成26年度～）,201501-201512,2019-10-28,文部科学省,学校基本調査 都道府県 学生数
2,0003143851,88 専門職学位課程の専攻分野別　入学年度別　卒業者数（法科大学院・教職大学院）（設置者別）（再掲）,201501-201512,2019-10-28,文部科学省,学校基本調査 大学 都道府県
2,0003192191,12 専攻分野別　大学院学生数（修士課程・博士課程・専門職学位課程）,201601-201612,2019-10-28,文部科学省,学校基本調査 都道府県 学生数
2,0003192232,12 専攻分野別　大学院学生数（専門職学位課程法科・教職大学院）（再掲）,201601-201612,2019-10-28,文部科学省,学校基本調査 都道府県 学生数
2,0003192820,13 研究科別　最低在学年限超過学生数（専門職学位課程-法科大学院）（再掲）（平成28年度）,201601-201612,2019-10-28,文部科学省,学校基本調査 都道府県 学生数
2,0003192821,13 研究科別　最低在学年限超過学生数（専門職学位課程-教職大学院）（再掲）（平成28年度）,201601-201612,2019-10-28,文部科学省,学校基本調査 都道府県 学生数
2,0003194401,22 国籍・地域別　関係学科別　外国人学生数（大学）（平成26年度～）,201601-201612,2019-10-28,文部科学省,学校基本調査 都道府県 学生数
2,0003194340,23 専攻分野別　外国人学生数（大学院）（平成26年度～）,201601-201612,2019-10-28,文部科学省,学校基本調査 都道府県 学生数
2,0003194360,24 国籍・地域別　専攻分野別　外国人学生数（大学院）（平成26年度～）,201601-201612,2019-10-28,文部科学省,学校基本調査 都道府県 学生数
2,0003198562,88 専門職学位課程の専攻分野別　入学年度別　卒業者数（法科大学院・教職大学院）（設置者別）（再掲）,201601-201612,2019-10-28,文部科学省,学校基本調査 大学 都道府県
2,0003065694,都道府県別　学校数,0,2019-10-28,文部科学省,学校基本調査 都道府県 学校数
2,0003065754,都道府県別　学校数,0,2019-10-28,文部科学省,学校基本調査 都道府県 学校数
2,0003104787,118 都道府県別　学校数,201401-201412,2019-10-28,文部科学省,学校基本調査 都道府県 学校数
2,0003105055,153 都道府県別　学校数,201401-201412,2019-10-28,文部科学省,学校基本調査 都道府県 学校数
2,0003141373,21 都道府県別　学校数,201501-201512,2019-10-28,文部科学省,学校基本調査 都道府県 学校数
2,0003142653,136 都道府県別　学校数,201501-201512,2019-10-28,文部科学省,学校基本調査 都道府県 学校数
2,0003142693,171 都道府県別　学校数,201501-201512,2019-10-28,文部科学省,学校基本調査 都道府県 学校数
2,0003173360,21 都道府県別　学校数,201601-201612,2019-10-28,文部科学省,学校基本調査 都道府県 学校数
2,0003174920,96 都道府県別　学級数別　学校数（うち公立　都道府県別）,201601-201612,2019-10-28,文部科学省,学校基本調査 都道府県 学校数
2,0003182764,165 都道府県別　学校数,201601-201612,2019-10-28,文部科学省,学校基本調査 都道府県 学校数
2,0003183621,199 都道府県別　学校数,201601-201612,2019-10-28,文部科学省,学校基本調査 都道府県 学校数
2,0003268145,21 都道府県別　学校数,201701-201712,2019-10-28,文部科学省,学校基本調査 都道府県 学校数
2,0003174861,95 都道府県別　学校数,201601-201612,2019-10-28,文部科学省,学校基本調査 都道府県 学校数
2,0003209064,117 都道府県別　学級数別　学校数,201601-201612,2019-10-28,文部科学省,学校基本調査 都道府県 学校数
2,0003209066,119 都道府県別類型別学校数,201601-201612,2019-10-28,文部科学省,学校基本調査 都道府県 学校数
2,0003046364,63 全日制のうち単位制による課程及び定時制の修業年限別の学校数、入学状況及び生徒数（全日制）,200704-200803,2019-10-28,文部科学省,学校基本調査 都道府県 生徒数
2,0003046365,63 全日制のうち単位制による課程及び定時制の修業年限別の学校数、入学状況及び生徒数（定時制）,200704-200803,2019-10-28,文部科学省,学校基本調査 都道府県 生徒数
2,0003058810,63 全日制のうち単位制による課程及び定時制の修業年限別の学校数、入学状況及び生徒数（全日制）,200604-200703,2019-10-28,文部科学省,学校基本調査 都道府県 生徒数
2,0003058811,63 全日制のうち単位制による課程及び定時制の修業年限別の学校数、入学状況及び生徒数（定時制）,200604-200703,2019-10-28,文部科学省,学校基本調査 都道府県 生徒数
2,0003065583,全日制のうち単位制による課程及び定時制の修業年限別の学校数、入学状況及び生徒数（全日制）,0,2019-10-28,文部科学省,学校基本調査 都道府県 生徒数
2,0003065584,全日制のうち単位制による課程及び定時制の修業年限別の学校数、入学状況及び生徒数（定時制）,0,2019-10-28,文部科学省,学校基本調査 都道府県 生徒数
2,0003104452,83 全日制のうち単位制による課程及び定時制の修業年限別の学校数、入学状況及び生徒数（定時制）,201401-201412,2019-10-28,文部科学省,学校基本調査 都道府県 生徒数
2,0003104472,83 全日制のうち単位制による課程及び定時制の修業年限別の学校数、入学状況及び生徒数（全日制）,201401-201412,2019-10-28,文部科学省,学校基本調査 都道府県 生徒数
2,0003142235,101 全日制のうち単位制による課程及び定時制の修業年限別の学校数、入学状況及び生徒数（定時制）,201501-201512,2019-10-28,文部科学省,学校基本調査 都道府県 生徒数
2,0003142254,101 全日制のうち単位制による課程及び定時制の修業年限別の学校数、入学状況及び生徒数（全日制）,201501-201512,2019-10-28,文部科学省,学校基本調査 都道府県 生徒数
2,0003180813,131 全日制のうち単位制による課程及び定時制の修業年限別の学校数、入学状況及び生徒数（全日制）,201601-201612,2019-10-28,文部科学省,学校基本調査 都道府県 生徒数
2,0003180941,131 全日制のうち単位制による課程及び定時制の修業年限別の学校数、入学状況及び生徒数（定時制）,201601-201612,2019-10-28,文部科学省,学校基本調査 都道府県 生徒数
2,0003065724,後期課程の学年別生徒数（都道府県別）,0,2019-10-28,文部科学省,学校基本調査 都道府県 生徒数
2,0003065726,後期課程の学科別学年別生徒数（都道府県別）,0,2019-10-28,文部科学省,学校基本調査 都道府県 生徒数
2,0003066214,都道府県別　不就学学齢児童生徒数,0,2019-10-28,文部科学省,学校基本調査 都道府県 生徒数
2,0003083869,143 都道府県別　市町村立学校の生徒数及び教員数　（本務者）,0,2019-10-28,文部科学省,学校基本調査 都道府県 生徒数
2,0003112979,143 都道府県別　市町村立学校の生徒数及び教員数　（本務者）,201401-201412,2019-10-28,文部科学省,学校基本調査 都道府県 生徒数
2,0003105066,139 後期課程の学年別生徒数（都道府県別）,201401-201412,2019-10-28,文部科学省,学校基本調査 都道府県 生徒数
2,0003105067,140 後期課程の学科別学年別生徒数（都道府県別）,201401-201412,2019-10-28,文部科学省,学校基本調査 都道府県 生徒数
2,0003105957,273 都道府県別　不就学学齢児童生徒数,201401-201412,2019-10-28,文部科学省,学校基本調査 都道府県 生徒数
2,0003142664,157 後期課程の学年別生徒数（都道府県別）,201501-201512,2019-10-28,文部科学省,学校基本調査 都道府県 生徒数
2,0003142640,158 後期課程の学科別学年別生徒数（都道府県別）,201501-201512,2019-10-28,文部科学省,学校基本調査 都道府県 生徒数
2,0003143081,291 都道府県別　不就学学齢児童生徒数,201501-201512,2019-10-28,文部科学省,学校基本調査 都道府県 生徒数
2,0003144845,164 都道府県別　市町村立学校の生徒数及び教員数　（本務者）,201501-201512,2019-10-28,文部科学省,学校基本調査 都道府県 生徒数
2,0003183281,185 後期課程の学年別生徒数（都道府県別）,201604-201703,2019-10-28,文部科学省,学校基本調査 都道府県 生徒数
2,0003183302,186 後期課程の学科別学年別生徒数（都道府県別）,201601-201612,2019-10-28,文部科学省,学校基本調査 都道府県 生徒数
2,0003191480,319 都道府県別　不就学学齢児童生徒数,201601-201612,2019-10-28,文部科学省,学校基本調査 都道府県 生徒数
2,0003210464,202 都道府県別　市町村立学校の生徒数及び教員数　（本務者）,201601-201612,2019-10-28,文部科学省,学校基本調査 都道府県 生徒数
2,0003090419,設置者別　学科別　生徒数（平成25年度～）,0,2019-10-28,文部科学省,学校基本調査 都道府県 生徒数
2,0003083968,243 政令指定都市別　都道府県別　不就学学齢児童生徒数,0,2019-10-28,文部科学省,学校基本調査 都道府県 生徒数
2,0003095626,242 政令指定都市別　都道府県別　不就学学齢児童生徒数,0,2019-10-28,文部科学省,学校基本調査 都道府県 生徒数
2,0003105431,186 設置者別　学科別　生徒数（平成25年度～）,201401-201412,2019-10-28,文部科学省,学校基本調査 都道府県 生徒数
2,0003113540,242 政令指定都市別　都道府県別　不就学学齢児童生徒数,201401-201412,2019-10-28,文部科学省,学校基本調査 都道府県 生徒数
2,0003142831,204 設置者別　学科別　生徒数（平成25年度～）,201501-201512,2019-10-28,文部科学省,学校基本調査 都道府県 生徒数
2,0003145485,263 政令指定都市別　都道府県別　不就学学齢児童生徒数,201501-201512,2019-10-28,文部科学省,学校基本調査 都道府県 生徒数
2,0003185422,232 設置者別　学科別　生徒数（平成25年度～）,201601-201612,2019-10-28,文部科学省,学校基本調査 都道府県 生徒数
1,0003060989,194 学級数別　学校数,200604-200703,2019-10-28,文部科学省,学校基本調査 都道府県 学校数
1,0003060990,195 在園者数別　学校数,200604-200703,2019-10-28,文部科学省,学校基本調査 都道府県 学校数
1,0003065437,学級数別　学校数,0,2019-10-28,文部科学省,学校基本調査 都道府県 学校数
1,0003065438,在園者数別　学校数,0,2019-10-28,文部科学省,学校基本調査 都道府県 学校数
1,0003103360,3 学級数別　学校数,201401-201412,2019-10-28,文部科学省,学校基本調査 都道府県 学校数
1,0003103396,4 在園者数別　学校数,201401-201412,2019-10-28,文部科学省,学校基本調査 都道府県 学校数
1,0003141193,3 学級数別　学校数,201501-201512,2019-10-28,文部科学省,学校基本調査 都道府県 学校数
1,0003141194,4 在園者数別　学校数,201501-201512,2019-10-28,文部科学省,学校基本調査 都道府県 学校数
1,0003177061,3 学級数別　学校数,201601-201612,2019-10-28,文部科学省,学校基本調査 都道府県 学校数
1,0003177080,4 在園者数別　学校数,201601-201612,2019-10-28,文部科学省,学校基本調査 都道府県 学校数
1,0003258448,3 学級数別　学校数,201701-201712,2019-10-28,文部科学省,学校基本調査 都道府県 学校数
1,0003258450,4 在園者数別　学校数,201701-201712,2019-10-28,文部科学省,学校基本調査 都道府県 学校数
1,0003274921,3 学級数別　学校数,201801-201812,2019-10-28,文部科学省,学校基本調査 都道府県 学校数
1,0003035153,1 政令指定都市別学校数,0,2019-10-28,文部科学省,学校基本調査 都道府県 学校数
1,0003010115,274 都道府県別用途別構造別学校建物面積,200801-200812,2019-10-28,文部科学省,学校基本調査 幼稚園 都道府県
1,0003010753,276 都道府県別用途別学校土地面積,0,2019-10-28,文部科学省,学校基本調査 幼稚園 都道府県
1,0003043965,1 政令指定都市別　学校数,0,2019-10-28,文部科学省,学校基本調査 都道府県 学校数
1,0003043408,1 政令指定都市別　学校数,201004-201103,2019-10-28,文部科学省,学校基本調査 都道府県 学校数
1,0003067454,1 政令指定都市別　学校数,0,2019-10-28,文部科学省,学校基本調査 都道府県 学校数
1,0003109455,1 政令指定都市別　学校数,201401-201412,2019-10-28,文部科学省,学校基本調査 都道府県 学校数
1,0003143993,1 政令指定都市別　学校数,201501-201512,2019-10-28,文部科学省,学校基本調査 都道府県 学校数
1,0003199500,1 政令指定都市別　学校数,201601-201612,2019-10-28,文部科学省,学校基本調査 都道府県 学校数
1,0003035154,2 政令指定都市別設置者別学級数,0,2019-10-28,文部科学省,学校基本調査 幼稚園 都道府県
1,0003073943,関係学科別　学生数,0,2019-10-28,文部科学省,学校基本調査 都道府県 学生数
1,0003073928,関係学科別　学生数,0,2019-10-28,文部科学省,学校基本調査 都道府県 学生数
1,0003075542,関係学科別　学生数（平成23年度～平成24年度）,0,2019-10-28,文部科学省,学校基本調査 都道府県 学生数
1,0003075577,関係学科別　職業別　学生数,0,2019-10-28,文部科学省,学校基本調査 都道府県 学生数
1,0003091319,関係学科別　学生数（平成25年度～）,0,2019-10-28,文部科学省,学校基本調査 都道府県 学生数
1,0003106012,10 関係学科別　学生数,201401-201412,2019-10-28,文部科学省,学校基本調査 都道府県 学生数
1,0003106586,39 関係学科別　学生数,201401-201412,2019-10-28,文部科学省,学校基本調査 都道府県 学生数
1,0003106640,63 関係学科別　学生数（平成25年度～）,201401-201412,2019-10-28,文部科学省,学校基本調査 都道府県 学生数
1,0003106681,64 関係学科別　職業別　学生数,201401-201412,2019-10-28,文部科学省,学校基本調査 都道府県 学生数
1,0003143153,10 関係学科別　学生数,201501-201512,2019-10-28,文部科学省,学校基本調査 都道府県 学生数
1,0003143427,38 関係学科別　学生数,201501-201512,2019-10-28,文部科学省,学校基本調査 都道府県 学生数
1,0003143556,61 関係学科別　学生数（平成27年度～）,201501-201512,2019-10-28,文部科学省,学校基本調査 都道府県 学生数
1,0003143557,62 関係学科別　職業別　学生数,201501-201512,2019-10-28,文部科学省,学校基本調査 都道府県 学生数
1,0003191644,10 関係学科別　学生数,201601-201612,2019-10-28,文部科学省,学校基本調査 都道府県 学生数
1,0003194780,38 関係学科別　学生数,201601-201612,2019-10-28,文部科学省,学校基本調査 都道府県 学生数
1,0003197560,61 関係学科別　学生数（平成27年度～）,201601-201612,2019-10-28,文部科学省,学校基本調査 都道府県 学生数
1,0003197660,62 関係学科別　職業別　学生数,201601-201612,2019-10-28,文部科学省,学校基本調査 都道府県 学生数
1,0003043990,26 都道府県別　収容人員別　学級数,0,2019-10-28,文部科学省,学校基本調査 高等学校 都道府県
1,0003035395,26 都道府県別収容人員別学級数,0,2019-10-28,文部科学省,学校基本調査 高等学校 都道府県
1,0003043050,26 都道府県別　収容人員別　学級数,201004-201103,2019-10-28,文部科学省,学校基本調査 小学校 都道府県
1,0003077749,26 都道府県別　収容人員別　学級数,0,2019-10-28,文部科学省,学校基本調査 小学校 都道府県
1,0003110570,26 都道府県別　収容人員別　学級数,201401-201412,2019-10-28,文部科学省,学校基本調査 小学校 都道府県
1,0003144157,47 都道府県別　収容人員別　学級数,201501-201512,2019-10-28,文部科学省,学校基本調査 小学校 都道府県
1,0003206420,47 都道府県別　収容人員別　学級数,201601-201612,2019-10-28,文部科学省,学校基本調査 小学校 都道府県
1,0003061515,6 収容人員別　学級数（設置者別）,200604-200703,2019-10-28,文部科学省,学校基本調査 小学校 都道府県
1,0003065477,類型別　学校数,0,2019-10-28,文部科学省,学校基本調査 都道府県 学校数
1,0003065482,収容人員別　学級数（設置者別）,0,2019-10-28,文部科学省,学校基本調査 小学校 都道府県
1,0003103451,23 類型別　学校数,201401-201412,2019-10-28,文部科学省,学校基本調査 都道府県 学校数
1,0003103468,26 収容人員別　学級数（設置者別）,201401-201412,2019-10-28,文部科学省,学校基本調査 小学校 都道府県
1,0003141614,41 類型別　学校数,201501-201512,2019-10-28,文部科学省,学校基本調査 都道府県 学校数
1,0003141653,44 収容人員別　学級数（設置者別）,201501-201512,2019-10-28,文部科学省,学校基本調査 小学校 都道府県
1,0003179820,44 類型別　学校数,201601-201612,2019-10-28,文部科学省,学校基本調査 都道府県 学校数
1,0003179901,47 収容人員別　学級数（設置者別）,201601-201612,2019-10-28,文部科学省,学校基本調査 小学校 都道府県
1,0003268526,44 類型別　学校数,201701-201712,2019-10-28,文部科学省,学校基本調査 都道府県 学校数
1,0003268531,47 収容人員別　学級数（設置者別）,201701-201712,2019-10-28,文部科学省,学校基本調査 小学校 都道府県
1,0003016927,217 産業別都道府県別就職者数 県外就職率,0,2019-10-28,文部科学省,学校基本調査 中学校 都道府県
1,0003044156,64 都道府県別　収容人員別　学級数,0,2019-10-28,文部科学省,学校基本調査 高等学校 都道府県
1,0003035691,65 都道府県別収容人員別学級数,0,2019-10-28,文部科学省,学校基本調査 高等学校 都道府県
1,0003043052,65 都道府県別　収容人員別　学級数,201004-201103,2019-10-28,文部科学省,学校基本調査 中学校 都道府県
1,0003065815,状況別　卒業者数（都道府県別）,0,2019-10-28,文部科学省,学校基本調査 中学校 都道府県
1,0003065827,特別支援学級卒業者の状況（都道府県別）,0,2019-10-28,文部科学省,学校基本調査 高等専門学校 都道府県
1,0003065828,産業別　都道府県別　就職者数,0,2019-10-28,文部科学省,学校基本調査 中学校 都道府県
1,0003083953,190 都道府県別　状況別　卒業者数,0,2019-10-28,文部科学省,学校基本調査 中学校 都道府県
1,0003077819,65 都道府県別　収容人員別　学級数,0,2019-10-28,文部科学省,学校基本調査 中学校 都道府県
1,0003111285,65 都道府県別　収容人員別　学級数,201401-201412,2019-10-28,文部科学省,学校基本調査 中学校 都道府県
1,0003113208,190 都道府県別　状況別　卒業者数,201401-201412,2019-10-28,文部科学省,学校基本調査 中学校 都道府県
1,0003105559,211 状況別　卒業者数（都道府県別）,201401-201412,2019-10-28,文部科学省,学校基本調査 中学校 都道府県
1,0003105749,217 特別支援学級卒業者の状況（都道府県別）,201401-201412,2019-10-28,文部科学省,学校基本調査 高等専門学校 都道府県
1,0003105719,218 産業別　都道府県別　就職者数,201401-201412,2019-10-28,文部科学省,学校基本調査 中学校 都道府県
1,0003142863,229 状況別　卒業者数（都道府県別）,201501-201512,2019-10-28,文部科学省,学校基本調査 中学校 都道府県
1,0003142936,235 特別支援学級卒業者の状況（都道府県別）,201501-201512,2019-10-28,文部科学省,学校基本調査 高等専門学校 都道府県
1,0003142906,236 産業別　都道府県別　就職者数,201501-201512,2019-10-28,文部科学省,学校基本調査 中学校 都道府県
1,0003144434,86 都道府県別　収容人員別　学級数,201501-201512,2019-10-28,文部科学省,学校基本調査 中学校 都道府県
1,0003145080,211 都道府県別　状況別　卒業者数,201501-201512,2019-10-28,文部科学省,学校基本調査 中学校 都道府県
1,0003189699,257 状況別　卒業者数（都道府県別）,201601-201612,2019-10-28,文部科学省,学校基本調査 中学校 都道府県
1,0003189903,263 特別支援学級卒業者の状況（都道府県別）,201601-201612,2019-10-28,文部科学省,学校基本調査 高等専門学校 都道府県
1,0003189940,264 産業別　都道府県別　就職者数,201601-201612,2019-10-28,文部科学省,学校基本調査 中学校 都道府県
1,0003207660,85 都道府県別　収容人員別　学級数,201601-201612,2019-10-28,文部科学省,学校基本調査 都道府県 学校数
1,0003213200,249 都道府県別　状況別　卒業者数,201601-201612,2019-10-28,文部科学省,学校基本調査 都道府県 生徒数
1,0003058583,29 中高一貫教育を行う学校数（再掲）,200604-200703,2019-10-28,文部科学省,学校基本調査 都道府県 学校数
1,0003059825,30 類型別　学校数,200604-200703,2019-10-28,文部科学省,学校基本調査 都道府県 学校数
1,0003059830,33 収容人員別　学級数（設置者別）,200604-200703,2019-10-28,文部科学省,学校基本調査 中学校 都道府県
1,0003046191,29 中高一貫教育を行う学校数（再掲）,0,2019-10-28,文部科学省,学校基本調査 都道府県 学校数
1,0003065517,中高一貫教育を行う学校数（再掲）,0,2019-10-28,文部科学省,学校基本調査 都道府県 学校数
1,0003065518,類型別　学校数,0,2019-10-28,文部科学省,学校基本調査 都道府県 学校数
1,0003065523,収容人員別　学級数（設置者別）,0,2019-10-28,文部科学省,学校基本調査 中学校 都道府県
1,0003103892,49 中高一貫教育を行う学校数（再掲）,201401-201412,2019-10-28,文部科学省,学校基本調査 都道府県 学校数
1,0003103934,50 類型別　学校数,201401-201412,2019-10-28,文部科学省,学校基本調査 都道府県 学校数
1,0003103985,53 収容人員別　学級数（設置者別）,201401-201412,2019-10-28,文部科学省,学校基本調査 中学校 都道府県
1,0003141956,67 中高一貫教育を行う学校数（再掲）,201501-201512,2019-10-28,文部科学省,学校基本調査 都道府県 学校数
1,0003142053,68 類型別　学校数,201501-201512,2019-10-28,文部科学省,学校基本調査 都道府県 学校数
1,0003142138,71 収容人員別　学級数（設置者別）,201501-201512,2019-10-28,文部科学省,学校基本調査 中学校 都道府県
1,0003180480,70 中高一貫教育を行う学校数（再掲）,201601-201612,2019-10-28,文部科学省,学校基本調査 都道府県 学校数
1,0003180502,71 類型別　学校数,201601-201612,2019-10-28,文部科学省,学校基本調査 都道府県 学校数
1,0003180520,74 収容人員別　学級数（設置者別）,201601-201612,2019-10-28,文部科学省,学校基本調査 中学校 都道府県
1,0003044077,55 政令指定都市別　学校数,0,2019-10-28,文部科学省,学校基本調査 都道府県 学校数
1,0003035669,56 政令指定都市別学校数,0,2019-10-28,文部科学省,学校基本調査 都道府県 学校数
1,0003043410,56 政令指定都市別　学校数,201004-201103,2019-10-28,文部科学省,学校基本調査 都道府県 学校数
1,0003083810,56 政令指定都市別　学校数,0,2019-10-28,文部科学省,学校基本調査 都道府県 学校数
1,0003096844,56 政令指定都市別　学校数,0,2019-10-28,文部科学省,学校基本調査 都道府県 学校数
1,0003111036,56 政令指定都市別　学校数,201401-201412,2019-10-28,文部科学省,学校基本調査 都道府県 学校数
1,0003144395,77 政令指定都市別　学校数,201501-201512,2019-10-28,文部科学省,学校基本調査 都道府県 学校数
1,0003207441,76 政令指定都市別　学校数,201601-201612,2019-10-28,文部科学省,学校基本調査 都道府県 学校数
1,0003046363,62 中高一貫教育を行う学校数（再掲）,200704-200803,2019-10-28,文部科学省,学校基本調査 都道府県 学校数
1,0003058809,62 中高一貫教育を行う学校数（再掲）,200604-200703,2019-10-28,文部科学省,学校基本調査 都道府県 学校数
1,0003065582,中高一貫教育を行う学校数（再掲）,0,2019-10-28,文部科学省,学校基本調査 都道府県 学校数
1,0003104441,82 中高一貫教育を行う学校数（再掲）,201401-201412,2019-10-28,文部科学省,学校基本調査 都道府県 学校数
1,0003142234,100 中高一貫教育を行う学校数（再掲）,201501-201512,2019-10-28,文部科学省,学校基本調査 都道府県 学校数
1,0003180808,130 中高一貫教育を行う学校数（再掲）,201601-201612,2019-10-28,文部科学省,学校基本調査 都道府県 学校数
1,0003046579,77 職名別　教員数（本務者）（都道府県別）,200704-200803,2019-10-28,文部科学省,学校基本調査 高等学校 都道府県
1,0003046821,78 職名別　教員数（兼務者）（うち公立　都道府県別）,200704-200803,2019-10-28,文部科学省,学校基本調査 高等学校 都道府県
1,0003060075,77 職名別　教員数（本務者）（都道府県別）,200604-200703,2019-10-28,文部科学省,学校基本調査 高等学校 都道府県
1,0003060077,78 職名別　教員数（兼務者）（うち公立　都道府県別）,200604-200703,2019-10-28,文部科学省,学校基本調査 高等学校 都道府県
1,0003044274,108 都道府県別  職名別  教員数（本務者）,0,2019-10-28,文部科学省,学校基本調査 高等学校 都道府県
1,0003044276,110 都道府県別　職名別　教員数（兼務者）,0,2019-10-28,文部科学省,学校基本調査 高等学校 都道府県
1,0003044262,99 都道府県別　学科数（本科）,0,2019-10-28,文部科学省,学校基本調査 高等学校 都道府県
1,0003035910,101 都道府県別学科数（本科）,0,2019-10-28,文部科学省,学校基本調査 高等学校 都道府県
1,0003035913,110 都道府県別職名別教員数（本務者）,0,2019-10-28,文部科学省,学校基本調査 高等学校 都道府県
1,0003035915,112 都道府県別職名別教員数（兼務者）,0,2019-10-28,文部科学省,学校基本調査 高等学校 都道府県
1,0003042980,101 都道府県別　学科数（本科）,201004-201103,2019-10-28,文部科学省,学校基本調査 高等学校 都道府県
1,0003043205,110 都道府県別  職名別  教員数（本務者）,201004-201103,2019-10-28,文部科学省,学校基本調査 高等学校 都道府県
1,0003043207,112 都道府県別　職名別　教員数（兼務者）,201004-201103,2019-10-28,文部科学省,学校基本調査 高等学校 都道府県
1,0003065684,職名別　教員数（本務者）（都道府県別）,0,2019-10-28,文部科学省,学校基本調査 高等学校 都道府県
1,0003065686,職名別　教員数（兼務者）（うち公立　都道府県別）,0,2019-10-28,文部科学省,学校基本調査 高等学校 都道府県
1,0003077857,101 都道府県別　学科数　(本科）,0,2019-10-28,文部科学省,学校基本調査 高等学校 都道府県
1,0003077860,110 都道府県別　職名別　教員数　(本務者）,0,2019-10-28,文部科学省,学校基本調査 高等学校 都道府県
1,0003077850,112 都道府県別　職名別　教員数　(兼務者）,0,2019-10-28,文部科学省,学校基本調査 高等学校 都道府県
1,0003112062,101 都道府県別　学科数　(本科）,201401-201412,2019-10-28,文部科学省,学校基本調査 高等学校 都道府県
1,0003112626,110 都道府県別　職名別　教員数　(本務者）,201401-201412,2019-10-28,文部科学省,学校基本調査 高等学校 都道府県
1,0003112713,112 都道府県別　職名別　教員数　(兼務者）,201401-201412,2019-10-28,文部科学省,学校基本調査 高等学校 都道府県
1,0003104457,97 職名別　教員数（本務者）（都道府県別）,201401-201412,2019-10-28,文部科学省,学校基本調査 高等学校 都道府県
1,0003104502,98 職名別　教員数（兼務者）（うち公立　都道府県別）,201401-201412,2019-10-28,文部科学省,学校基本調査 高等学校 都道府県
1,0003142560,115 職名別　教員数（本務者）（都道府県別）,201501-201512,2019-10-28,文部科学省,学校基本調査 高等学校 都道府県
1,0003142500,116 職名別　教員数（兼務者）（うち公立　都道府県別）,201501-201512,2019-10-28,文部科学省,学校基本調査 高等学校 都道府県
1,0003144757,122 都道府県別　学科数　(本科）,201501-201512,2019-10-28,文部科学省,学校基本調査 高等学校 都道府県
1,0003144820,131 都道府県別　職名別　教員数　(本務者）,201501-201512,2019-10-28,文部科学省,学校基本調査 高等学校 都道府県
1,0003144821,133 都道府県別　職名別　教員数　(兼務者）,201501-201512,2019-10-28,文部科学省,学校基本調査 高等学校 都道府県
1,0003181541,144 職名別　教員数（本務者）（都道府県別）,201601-201612,2019-10-28,文部科学省,学校基本調査 高等学校 都道府県
1,0003181241,145 職名別　教員数（兼務者）（うち公立　都道府県別）,201601-201612,2019-10-28,文部科学省,学校基本調査 高等学校 都道府県
1,0003209483,160 都道府県別　学科数　（本科）,201601-201612,2019-10-28,文部科学省,学校基本調査 都道府県 学校数
1,0003209603,169 都道府県別　職名別教員数　（本務者）,201601-201612,2019-10-28,文部科学省,学校基本調査 高等学校 都道府県
1,0003209641,171 都道府県別　職名別教員数　（兼務者,201601-201612,2019-10-28,文部科学省,学校基本調査 高等学校 都道府県
1,0003074073,国籍別　関係学科別　外国人学生数（国籍別）（平成23年度～平成24年度）,0,2019-10-28,文部科学省,学校基本調査 都道府県 学生数
1,0003091182,国籍・地域別　関係学科別　外国人学生数（国籍別）（平成25年度～）,0,2019-10-28,文部科学省,学校基本調査 都道府県 学生数
1,0003106674,56 国籍・地域別　関係学科別　外国人学生数（国籍別）（平成26年度～）,201401-201412,2019-10-28,文部科学省,学校基本調査 都道府県 学生数
1,0003143554,54 国籍・地域別　関係学科別　外国人学生数（国籍別）（平成27年度～）,201501-201512,2019-10-28,文部科学省,学校基本調査 都道府県 学生数
1,0003196821,54 国籍・地域別　関係学科別　外国人学生数（国籍別）（平成27年度～）,201601-201612,2019-10-28,文部科学省,学校基本調査 都道府県 学生数
1,0003066001,高等学校等への進学者数,0,2019-10-28,文部科学省,学校基本調査 高等専門学校 都道府県
1,0003066002,高等学校等への入学志願者数,0,2019-10-28,文部科学省,学校基本調査 高等専門学校 都道府県
1,0003105727,221 高等学校等への進学者数,201401-201412,2019-10-28,文部科学省,学校基本調査 高等専門学校 都道府県
1,0003105698,222 高等学校等への入学志願者数,201401-201412,2019-10-28,文部科学省,学校基本調査 高等専門学校 都道府県
1,0003142925,239 高等学校等への進学者数,201501-201512,2019-10-28,文部科学省,学校基本調査 高等専門学校 都道府県
1,0003142938,240 高等学校等への入学志願者数,201501-201512,2019-10-28,文部科学省,学校基本調査 高等専門学校 都道府県
1,0003189963,267 高等学校等への進学者数,201601-201612,2019-10-28,文部科学省,学校基本調査 高等専門学校 都道府県
1,0003189980,268 高等学校等への入学志願者数,201601-201612,2019-10-28,文部科学省,学校基本調査 高等専門学校 都道府県
1,0003074083,都道府県別　状況別　卒業者数,0,2019-10-28,文部科学省,学校基本調査 大学 都道府県
1,0003074182,都道府県別　状況別　卒業者数,0,2019-10-28,文部科学省,学校基本調査 大学 都道府県
1,0003106710,73 都道府県別　状況別　卒業者数,201401-201412,2019-10-28,文部科学省,学校基本調査 大学 都道府県
1,0003106883,95 都道府県別　状況別　卒業者数,201404-201503,2019-10-28,文部科学省,学校基本調査 大学 都道府県
1,0003143765,71 都道府県別　状況別　卒業者数,201501-201512,2019-10-28,文部科学省,学校基本調査 大学 都道府県
1,0003143882,93 都道府県別　状況別　卒業者数,201504-201603,2019-10-28,文部科学省,学校基本調査 大学 都道府県
1,0003197773,71 都道府県別　状況別　卒業者数,201601-201612,2019-10-28,文部科学省,学校基本調査 大学 都道府県
1,0003198601,93 都道府県別　状況別　卒業者数,201601-201612,2019-10-28,文部科学省,学校基本調査 大学 都道府県
1,0003066157,学科別　大学・短期大学等への進学者数,0,2019-10-28,文部科学省,学校基本調査 大学 都道府県
1,0003066159,学科別　大学（学部）・短期大学（本科）への入学志願者数,0,2019-10-28,文部科学省,学校基本調査 大学 都道府県
1,0003066184,後期課程の学科別大学・短期大学等への進学者数,0,2019-10-28,文部科学省,学校基本調査 大学 都道府県
1,0003066193,後期課程の学科別大学（学部）・短期大学（本科）への入学志願者数,0,2019-10-28,文部科学省,学校基本調査 大学 都道府県
1,0003066206,大学・短期大学等への進学者数,0,2019-10-28,文部科学省,学校基本調査 大学 都道府県
1,0003066208,卒業年次別　大学（学部）・短期大学（本科）への入学志願者数,0,2019-10-28,文部科学省,学校基本調査 大学 都道府県
1,0003066044,学科別　大学・短期大学等への進学者数,0,2019-10-28,文部科学省,学校基本調査 大学 都道府県
1,0003066053,学科別　大学（学部）・短期大学（本科）への入学志願者数,0,2019-10-28,文部科学省,学校基本調査 大学 都道府県
1,0003066296,学部別　最低在学年限超過学生数（学部別）（修業年限4年-平成23年度）,0,2019-10-28,文部科学省,学校基本調査 都道府県 学生数
1,0003066298,学部別　最低在学年限超過学生数（学部別）（修業年限5年-平成23年度）,0,2019-10-28,文部科学省,学校基本調査 都道府県 学生数
1,0003066300,学部別　最低在学年限超過学生数（学部別）（修業年限6年-平成23年度）,0,2019-10-28,文部科学省,学校基本調査 都道府県 学生数
1,0003078321,学部別　最低在学年限超過学生数（学部別）（修業年限4年-平成24年度）,0,2019-10-28,文部科学省,学校基本調査 都道府県 学生数
1,0003078322,学部別　最低在学年限超過学生数（学部別）（修業年限6年-平成24年度）,0,2019-10-28,文部科学省,学校基本調査 都道府県 学生数
1,0003078335,学部別　最低在学年限超過学生数（学部別）（修業年限5年-平成24年度）,0,2019-10-28,文部科学省,学校基本調査 都道府県 学生数
1,0003079159,研究科別　最低在学年限超過学生数（博士課程-修業年限4年）（平成24年度）,0,2019-10-28,文部科学省,学校基本調査 都道府県 学生数
1,0003079173,研究科別　最低在学年限超過学生数（専門職学位課程）（平成24年度）,0,2019-10-28,文部科学省,学校基本調査 都道府県 学生数
1,0003079179,研究科別　最低在学年限超過学生数（博士課程-修業年限5年）（平成24年度）,0,2019-10-28,文部科学省,学校基本調査 都道府県 学生数
1,0003079198,研究科別　最低在学年限超過学生数（修士課程）（平成24年度）,0,2019-10-28,文部科学省,学校基本調査 都道府県 学生数
1,0003079218,研究科別　最低在学年限超過学生数（博士課程-修業年限3年）（平成24年度）,0,2019-10-28,文部科学省,学校基本調査 都道府県 学生数
1,0003090923,学部別　最低在学年限超過学生数（学部別）（修業年限6年-平成25年度）,0,2019-10-28,文部科学省,学校基本調査 都道府県 学生数
1,0003090942,学部別　最低在学年限超過学生数（学部別）（修業年限5年-平成25年度）,0,2019-10-28,文部科学省,学校基本調査 都道府県 学生数
1,0003090986,学部別　最低在学年限超過学生数（学部別）（修業年限4年-平成25年度）,0,2019-10-28,文部科学省,学校基本調査 都道府県 学生数
1,0003091096,研究科別　最低在学年限超過学生数（博士課程-修業年限3年）（平成25年度）,0,2019-10-28,文部科学省,学校基本調査 都道府県 学生数
1,0003091115,研究科別　最低在学年限超過学生数（修士課程）（平成25年度）,0,2019-10-28,文部科学省,学校基本調査 都道府県 学生数
1,0003091116,研究科別　最低在学年限超過学生数（専門職学位課程）（平成25年度）,0,2019-10-28,文部科学省,学校基本調査 都道府県 学生数
1,0003091133,研究科別　最低在学年限超過学生数（博士課程-修業年限4年）（平成25年度）,0,2019-10-28,文部科学省,学校基本調査 都道府県 学生数
1,0003091148,研究科別　最低在学年限超過学生数（博士課程-修業年限5年）（平成25年度）,0,2019-10-28,文部科学省,学校基本調査 都道府県 学生数
1,0003100802,研究科別　最低在学年限超過学生数（修士課程）（平成23年度）,0,2019-10-28,文部科学省,学校基本調査 都道府県 学生数
1,0003100803,研究科別　最低在学年限超過学生数（博士課程-修業年限4年）（平成23年度）,0,2019-10-28,文部科学省,学校基本調査 都道府県 学生数
1,0003100804,研究科別　最低在学年限超過学生数（専門職学位課程）（平成23年度）,0,2019-10-28,文部科学省,学校基本調査 都道府県 学生数
1,0003100820,研究科別　最低在学年限超過学生数（博士課程-修業年限5年）（平成23年度）,0,2019-10-28,文部科学省,学校基本調査 都道府県 学生数
1,0003100825,研究科別　最低在学年限超過学生数（博士課程-修業年限3年）（平成23年度）,0,2019-10-28,文部科学省,学校基本調査 都道府県 学生数
1,0003073930,国籍別　関係学科別　外国人学生数（平成23年～平成24年）,0,2019-10-28,文部科学省,学校基本調査 都道府県 学生数
1,0003091135,国籍・地域別　関係学科別　外国人学生数（平成25年～）,0,2019-10-28,文部科学省,学校基本調査 都道府県 学生数
1,0003074086,大学卒業者のうち左記以外の者の数（関係学科別）,0,2019-10-28,文部科学省,学校基本調査 大学 都道府県
1,0003074090,大学院博士課程修了者のうち専攻分野別　ポストドクター等の数（専攻分野別）,0,2019-10-28,文部科学省,学校基本調査 大学 都道府県
1,0003074162,大学修了者のうち左記以外の者の数,0,2019-10-28,文部科学省,学校基本調査 大学 都道府県
1,0003074179,専門職学位課程の状況別　卒業者数（法科大学院・教職大学院）（再掲）,0,2019-10-28,文部科学省,学校基本調査 大学 都道府県
1,0003079361,専門職学位課程の専攻分野別　入学年度別　卒業者数（設置者別）,0,2019-10-28,文部科学省,学校基本調査 大学 都道府県
1,0003079379,修士課程の専攻分野別　入学年度別　卒業者数（設置者別）,0,2019-10-28,文部科学省,学校基本調査 大学 都道府県
1,0003074170,短期大学卒業者のうち左記以外の者の数（関係学科別）,0,2019-10-28,文部科学省,学校基本調査 大学 都道府県
1,0003075593,年齢別　職業別　学生数,0,2019-10-28,文部科学省,学校基本調査 都道府県 学生数
1,0003105731,228 学科別　大学・短期大学等への進学者数,201401-201412,2019-10-28,文部科学省,学校基本調査 大学 都道府県
1,0003105760,234 学科別　大学（学部）・短期大学（本科）への入学志願者数,201401-201412,2019-10-28,文部科学省,学校基本調査 大学 都道府県
1,0003105859,242 学科別　大学・短期大学等への進学者数,201401-201412,2019-10-28,文部科学省,学校基本調査 大学 都道府県
1,0003105889,244 学科別　大学（学部）・短期大学（本科）への入学志願者数,201401-201412,2019-10-28,文部科学省,学校基本調査 大学 都道府県
1,0003105947,253 後期課程の学科別大学・短期大学等への進学者数,201401-201412,2019-10-28,文部科学省,学校基本調査 大学 都道府県
1,0003105972,259 後期課程の学科別大学（学部）・短期大学（本科）への入学志願者数,201401-201412,2019-10-28,文部科学省,学校基本調査 大学 都道府県
1,0003105954,266 大学・短期大学等への進学者数,201401-201412,2019-10-28,文部科学省,学校基本調査 大学 都道府県
1,0003105998,268 卒業年次別　大学（学部）・短期大学（本科）への入学志願者数,201401-201412,2019-10-28,文部科学省,学校基本調査 大学 都道府県
1,0003106013,11 学部別　最低在学年限超過学生数（学部別）（修業年限4年-平成26年度）,201401-201412,2019-10-28,文部科学省,学校基本調査 都道府県 学生数
1,0003106014,11 学部別　最低在学年限超過学生数（学部別）（修業年限5年-平成26年度）,201401-201412,2019-10-28,文部科学省,学校基本調査 都道府県 学生数
1,0003106068,11 学部別　最低在学年限超過学生数（学部別）（修業年限6年-平成26年度）,201401-201412,2019-10-28,文部科学省,学校基本調査 都道府県 学生数
1,0003106051,13 研究科別　最低在学年限超過学生数（博士課程-修業年限4年）（平成26年度）,201401-201412,2019-10-28,文部科学省,学校基本調査 都道府県 学生数
1,0003106052,13 研究科別　最低在学年限超過学生数（博士課程-修業年限5年）（平成26年度）,201401-201412,2019-10-28,文部科学省,学校基本調査 都道府県 学生数
1,0003106086,13 研究科別　最低在学年限超過学生数（博士課程-修業年限3年）（平成26年度）,201401-201412,2019-10-28,文部科学省,学校基本調査 都道府県 学生数
1,0003106087,13 研究科別　最低在学年限超過学生数（専門職学位課程）（平成26年度）,201401-201412,2019-10-28,文部科学省,学校基本調査 都道府県 学生数
1,0003106105,13 研究科別　最低在学年限超過学生数（修士課程）（平成26年度）,201401-201412,2019-10-28,文部科学省,学校基本調査 都道府県 学生数
1,0003106582,45 国籍・地域別　関係学科別　外国人学生数（平成25年～）,201401-201412,2019-10-28,文部科学省,学校基本調査 都道府県 学生数
1,0003106616,65 年齢別　職業別　学生数,201401-201412,2019-10-28,文部科学省,学校基本調査 都道府県 学生数
1,0003106851,79 大学卒業者のうち左記以外の者の数（関係学科別）,201401-201412,2019-10-28,文部科学省,学校基本調査 大学 都道府県
1,0003106857,81 修士課程の専攻分野別　入学年度別　卒業者数（設置者別）,201401-201412,2019-10-28,文部科学省,学校基本調査 大学 都道府県
1,0003106876,88 大学院博士課程修了者のうち専攻分野別　ポストドクター等の数（専攻分野別）,201401-201412,2019-10-28,文部科学省,学校基本調査 大学 都道府県
1,0003106906,89 専門職学位課程の状況別　卒業者数（法科大学院・教職大学院）（再掲）,201401-201412,2019-10-28,文部科学省,学校基本調査 大学 都道府県
1,0003106895,90 専門職学位課程の専攻分野別　入学年度別　卒業者数（設置者別）,201401-201412,2019-10-28,文部科学省,学校基本調査 大学 都道府県
1,0003106900,93 大学修了者のうち左記以外の者の数,201401-201412,2019-10-28,文部科学省,学校基本調査 大学 都道府県
1,0003106937,101 短期大学卒業者のうち左記以外の者の数（関係学科別）,201401-201412,2019-10-28,文部科学省,学校基本調査 大学 都道府県
1,0003142890,246 学科別　大学・短期大学等への進学者数,201501-201512,2019-10-28,文部科学省,学校基本調査 大学 都道府県
1,0003142996,252 学科別　大学（学部）・短期大学（本科）への入学志願者数,201501-201512,2019-10-28,文部科学省,学校基本調査 大学 都道府県
1,0003142941,260 学科別　大学・短期大学等への進学者数,201501-201512,2019-10-28,文部科学省,学校基本調査 大学 都道府県
1,0003143015,262 学科別　大学（学部）・短期大学（本科）への入学志願者数,201501-201512,2019-10-28,文部科学省,学校基本調査 大学 都道府県
1,0003142989,271 後期課程の学科別大学・短期大学等への進学者数,201501-201512,2019-10-28,文部科学省,学校基本調査 大学 都道府県
1,0003142949,277 後期課程の学科別大学（学部）・短期大学（本科）への入学志願者数,201501-201512,2019-10-28,文部科学省,学校基本調査 大学 都道府県
1,0003143021,284 大学・短期大学等への進学者数,201501-201512,2019-10-28,文部科学省,学校基本調査 大学 都道府県
1,0003143094,286 卒業年次別　大学（学部）・短期大学（本科）への入学志願者数,201501-201512,2019-10-28,文部科学省,学校基本調査 大学 都道府県
1,0003143137,11 学部別　最低在学年限超過学生数（学部別）（修業年限4年-平成27年度）,201501-201512,2019-10-28,文部科学省,学校基本調査 都道府県 学生数
1,0003143138,11 学部別　最低在学年限超過学生数（学部別）（修業年限6年-平成27年度）,201501-201512,2019-10-28,文部科学省,学校基本調査 都道府県 学生数
1,0003143122,13 研究科別　最低在学年限超過学生数（博士課程-修業年限3年）（平成27年度）,201501-201512,2019-10-28,文部科学省,学校基本調査 都道府県 学生数
1,0003143123,13 研究科別　最低在学年限超過学生数（博士課程-修業年限4年）（平成27年度）,201501-201512,2019-10-28,文部科学省,学校基本調査 都道府県 学生数
1,0003143124,13 研究科別　最低在学年限超過学生数（博士課程-修業年限5年）（平成27年度）,201501-201512,2019-10-28,文部科学省,学校基本調査 都道府県 学生数
1,0003143139,13 研究科別　最低在学年限超過学生数（修士課程）（平成27年度）,201501-201512,2019-10-28,文部科学省,学校基本調査 都道府県 学生数
1,0003143157,13 研究科別　最低在学年限超過学生数（専門職学位課程）（平成27年度）,201501-201512,2019-10-28,文部科学省,学校基本調査 都道府県 学生数
1,0003143438,43 国籍・地域別　関係学科別　外国人学生数（平成26年～）,201501-201512,2019-10-28,文部科学省,学校基本調査 都道府県 学生数
1,0003143519,63 年齢別　職業別　学生数,201501-201512,2019-10-28,文部科学省,学校基本調査 都道府県 学生数
1,0003143816,77 大学卒業者のうち左記以外の者の数（関係学科別）,201501-201512,2019-10-28,文部科学省,学校基本調査 大学 都道府県
1,0003143875,79 修士課程の専攻分野別　入学年度別　卒業者数（設置者別）,201501-201512,2019-10-28,文部科学省,学校基本調査 大学 都道府県
1,0003143867,86 大学院博士課程修了者のうち専攻分野別　ポストドクター等の数（専攻分野別）,201501-201512,2019-10-28,文部科学省,学校基本調査 大学 都道府県
1,0003143879,87 専門職学位課程の状況別　卒業者数（法科大学院・教職大学院）（再掲）,201501-201512,2019-10-28,文部科学省,学校基本調査 大学 都道府県
1,0003143896,88 専門職学位課程の専攻分野別　入学年度別　卒業者数（設置者別）,201501-201512,2019-10-28,文部科学省,学校基本調査 大学 都道府県
1,0003143881,91 大学修了者のうち左記以外の者の数,201501-201512,2019-10-28,文部科学省,学校基本調査 大学 都道府県
1,0003143886,99 短期大学卒業者のうち左記以外の者の数（関係学科別）,201501-201512,2019-10-28,文部科学省,学校基本調査 大学 都道府県
1,0003189966,274 学科別　大学・短期大学等への進学者数,201601-201612,2019-10-28,文部科学省,学校基本調査 大学 都道府県
1,0003190202,280 学科別　大学（学部）・短期大学（本科）への入学志願者数,201601-201612,2019-10-28,文部科学省,学校基本調査 大学 都道府県
1,0003190602,288 学科別　大学・短期大学等への進学者数,201601-201612,2019-10-28,文部科学省,学校基本調査 大学 都道府県
1,0003190640,290 学科別　大学（学部）・短期大学（本科）への入学志願者数,201601-201612,2019-10-28,文部科学省,学校基本調査 大学 都道府県
1,0003190761,299 後期課程の学科別大学・短期大学等への進学者数,201601-201612,2019-10-28,文部科学省,学校基本調査 大学 都道府県
1,0003190783,305 後期課程の学科別大学（学部）・短期大学（本科）への入学志願者数,201601-201612,2019-10-28,文部科学省,学校基本調査 大学 都道府県
1,0003191342,312 大学・短期大学等への進学者数,201601-201612,2019-10-28,文部科学省,学校基本調査 大学 都道府県
1,0003191384,314 卒業年次別　大学（学部）・短期大学（本科）への入学志願者数,201601-201612,2019-10-28,文部科学省,学校基本調査 大学 都道府県
1,0003193042,11 学部別　最低在学年限超過学生数（学部別）（修業年限4年-平成28年度）,201601-201612,2019-10-28,文部科学省,学校基本調査 都道府県 学生数
1,0003193061,11 学部別　最低在学年限超過学生数（学部別）（修業年限5年-平成28年度）,201601-201612,2019-10-28,文部科学省,学校基本調査 都道府県 学生数
1,0003193062,11 学部別　最低在学年限超過学生数（学部別）（修業年限6年-平成28年度）,201601-201612,2019-10-28,文部科学省,学校基本調査 都道府県 学生数
1,0003192780,13 研究科別　最低在学年限超過学生数（修士課程）（平成28年度）,201601-201612,2019-10-28,文部科学省,学校基本調査 都道府県 学生数
1,0003192781,13 研究科別　最低在学年限超過学生数（博士課程-修業年限4年）（平成28年度）,201601-201612,2019-10-28,文部科学省,学校基本調査 都道府県 学生数
1,0003192782,13 研究科別　最低在学年限超過学生数（博士課程-修業年限5年）（平成28年度）,201601-201612,2019-10-28,文部科学省,学校基本調査 都道府県 学生数
1,0003192800,13 研究科別　最低在学年限超過学生数（博士課程-修業年限3年）（平成28年度）,201601-201612,2019-10-28,文部科学省,学校基本調査 都道府県 学生数
1,0003192801,13 研究科別　最低在学年限超過学生数（専門職学位課程）（平成28年度）,201601-201612,2019-10-28,文部科学省,学校基本調査 都道府県 学生数
1,0003194821,43 国籍・地域別　関係学科別　外国人学生数（平成26年～）,201601-201612,2019-10-28,文部科学省,学校基本調査 都道府県 学生数
1,0003197701,63 年齢別　職業別　学生数,201601-201612,2019-10-28,文部科学省,学校基本調査 都道府県 学生数
1,0003198480,77 大学卒業者のうち左記以外の者の数（関係学科別）,201601-201612,2019-10-28,文部科学省,学校基本調査 大学 都道府県
1,0003198281,79 修士課程の専攻分野別　入学年度別　卒業者数（設置者別）,201601-201612,2019-10-28,文部科学省,学校基本調査 大学 都道府県
1,0003198383,86 大学院博士課程修了者のうち専攻分野別　ポストドクター等の数（専攻分野別）,201601-201612,2019-10-28,文部科学省,学校基本調査 大学 都道府県
1,0003198541,87 専門職学位課程の状況別　卒業者数（法科大学院・教職大学院）（再掲）,201601-201612,2019-10-28,文部科学省,学校基本調査 大学 都道府県
1,0003198600,88 専門職学位課程の専攻分野別　入学年度別　卒業者数（設置者別）,201601-201612,2019-10-28,文部科学省,学校基本調査 大学 都道府県
1,0003198582,91 大学修了者のうち左記以外の者の数,201601-201612,2019-10-28,文部科学省,学校基本調査 大学 都道府県
1,0003198930,99 短期大学卒業者のうち左記以外の者の数（関係学科別）,201601-201612,2019-10-28,文部科学省,学校基本調査 大学 都道府県
1,0003066155,状況別　卒業者数（都道府県別）,0,2019-10-28,文部科学省,学校基本調査 大学 都道府県
1,0003066182,後期課程の状況別卒業者数（都道府県別）,0,2019-10-28,文部科学省,学校基本調査 大学 都道府県
1,0003066205,状況別　卒業者数（都道府県別）,0,2019-10-28,文部科学省,学校基本調査 大学 都道府県
1,0003066042,状況別　卒業者数（都道府県別）,0,2019-10-28,文部科学省,学校基本調査 大学 都道府県
1,0003083939,209 都道府県別　状況別　卒業者数,0,2019-10-28,文部科学省,学校基本調査 大学 都道府県
1,0003083989,228 都道府県別　状況別　卒業者数,0,2019-10-28,文部科学省,学校基本調査 大学 都道府県
1,0003095559,234 都道府県別　状況別　卒業者数,0,2019-10-28,文部科学省,学校基本調査 大学 都道府県
1,0003113326,209 都道府県別　状況別　卒業者数,201401-201412,2019-10-28,文部科学省,学校基本調査 大学 都道府県
1,0003105750,226 状況別　卒業者数（都道府県別）,201401-201412,2019-10-28,文部科学省,学校基本調査 大学 都道府県
1,0003105858,240 状況別　卒業者数（都道府県別）,201401-201412,2019-10-28,文部科学省,学校基本調査 大学 都道府県
1,0003105882,251 後期課程の状況別卒業者数（都道府県別）,201401-201412,2019-10-28,文部科学省,学校基本調査 大学 都道府県
1,0003105991,265 状況別　卒業者数（都道府県別）,201401-201412,2019-10-28,文部科学省,学校基本調査 大学 都道府県
1,0003113539,234 都道府県別　状況別　卒業者数,201401-201412,2019-10-28,文部科学省,学校基本調査 大学 都道府県
1,0003142889,244 状況別　卒業者数（都道府県別）,201501-201512,2019-10-28,文部科学省,学校基本調査 大学 都道府県
1,0003142982,258 状況別　卒業者数（都道府県別）,201501-201512,2019-10-28,文部科学省,学校基本調査 大学 都道府県
1,0003142988,269 後期課程の状況別卒業者数（都道府県別）,201501-201512,2019-10-28,文部科学省,学校基本調査 大学 都道府県
1,0003142952,283 状況別　卒業者数（都道府県別）,201501-201512,2019-10-28,文部科学省,学校基本調査 大学 都道府県
1,0003145380,230 都道府県別　状況別　卒業者数,201501-201512,2019-10-28,文部科学省,学校基本調査 大学 都道府県
1,0003145390,255 都道府県別　状況別　卒業者数,201501-201512,2019-10-28,文部科学省,学校基本調査 大学 都道府県
1,0003190021,272 状況別　卒業者数（都道府県別）,201601-201612,2019-10-28,文部科学省,学校基本調査 大学 都道府県
1,0003190601,286 状況別　卒業者数（都道府県別）,201601-201612,2019-10-28,文部科学省,学校基本調査 大学 都道府県
1,0003190760,297 後期課程の状況別卒業者数（都道府県別）,201601-201612,2019-10-28,文部科学省,学校基本調査 大学 都道府県
1,0003191267,311 状況別　卒業者数（都道府県別）,201601-201612,2019-10-28,文部科学省,学校基本調査 大学 都道府県
1,0003214100,268 都道府県別　状況別　卒業者数,201601-201612,2019-10-28,文部科学省,学校基本調査 大学 都道府県
1,0003010471,111 授業料等及び補助金収入 1 　国・公立大学 補助金収入,0,2019-10-28,文部科学省,学校基本調査 大学 都道府県
1,0003065759,障害種別　学校数,0,2019-10-28,文部科学省,学校基本調査 都道府県 学校数
1,0003065760,障害種別　学校数（延べ数）（再掲）,0,2019-10-28,文部科学省,学校基本調査 都道府県 学校数
1,0003105075,157 障害種別　学校数,201401-201412,2019-10-28,文部科学省,学校基本調査 都道府県 学校数
1,0003105108,157 障害種別　学校数（延べ数）（再掲）,201401-201412,2019-10-28,文部科学省,学校基本調査 都道府県 学校数
1,0003142646,175 障害種別　学校数,201501-201512,2019-10-28,文部科学省,学校基本調査 都道府県 学校数
1,0003142647,175 障害種別　学校数（延べ数）（再掲）,201501-201512,2019-10-28,文部科学省,学校基本調査 都道府県 学校数
1,0003183763,203 障害種別　学校数,201601-201612,2019-10-28,文部科学省,学校基本調査 都道府県 学校数
1,0003183800,203 障害種別　学校数（延べ数）（再掲）,201601-201612,2019-10-28,文部科学省,学校基本調査 都道府県 学校数
1,0003044256,95 政令指定都市別　学校数,0,2019-10-28,文部科学省,学校基本調査 都道府県 学校数
1,0003035789,97 政令指定都市別学校数,0,2019-10-28,文部科学省,学校基本調査 都道府県 学校数
1,0003043411,97 政令指定都市別　学校数,201004-201103,2019-10-28,文部科学省,学校基本調査 都道府県 学校数
1,0003083836,97 政令指定都市別　学校数,0,2019-10-28,文部科学省,学校基本調査 都道府県 学校数
1,0003095436,97 政令指定都市別　学校数,0,2019-10-28,文部科学省,学校基本調査 都道府県 学校数
1,0003111763,97 政令指定都市別　学校数,201401-201412,2019-10-28,文部科学省,学校基本調査 都道府県 学校数
1,0003144737,118 政令指定都市別　学校数,201501-201512,2019-10-28,文部科学省,学校基本調査 都道府県 学校数
1,0003209480,156 政令指定都市別　学校数,201601-201612,2019-10-28,文部科学省,学校基本調査 都道府県 学校数
1,0003083857,146 政令指定都市別　学校数,0,2019-10-28,文部科学省,学校基本調査 都道府県 学校数
1,0003113071,146 政令指定都市別　学校数,201401-201412,2019-10-28,文部科学省,学校基本調査 都道府県 学校数
1,0003144900,167 政令指定都市別　学校数,201501-201512,2019-10-28,文部科学省,学校基本調査 都道府県 学校数
1,0003209063,116 政令指定都市別　学校数,201601-201612,2019-10-28,文部科学省,学校基本調査 都道府県 学校数
1,0003210700,205 政令指定都市別　学校数,201601-201612,2019-10-28,文部科学省,学校基本調査 都道府県 学校数
1,0003060051,56 昼夜別　学校数（定時制）,200604-200703,2019-10-28,文部科学省,学校基本調査 都道府県 学校数
1,0003060052,57 専攻科のある学校数,200604-200703,2019-10-28,文部科学省,学校基本調査 都道府県 学校数
1,0003060053,58 別科のある学校数,200604-200703,2019-10-28,文部科学省,学校基本調査 都道府県 学校数
1,0003060054,59 男女別　学校数,200604-200703,2019-10-28,文部科学省,学校基本調査 都道府県 学校数
1,0003061467,102 類型別　学校数,200604-200703,2019-10-28,文部科学省,学校基本調査 都道府県 学校数
1,0003061468,103 後期課程の昼夜別学校数（定時制）,200604-200703,2019-10-28,文部科学省,学校基本調査 都道府県 学校数
1,0003061469,104 後期課程の男女別学校数,200604-200703,2019-10-28,文部科学省,学校基本調査 都道府県 学校数
1,0003065576,昼夜別　学校数（定時制）,0,2019-10-28,文部科学省,学校基本調査 都道府県 学校数
1,0003065577,専攻科のある学校数,0,2019-10-28,文部科学省,学校基本調査 都道府県 学校数
1,0003065578,別科のある学校数,0,2019-10-28,文部科学省,学校基本調査 都道府県 学校数
1,0003065579,男女別　学校数,0,2019-10-28,文部科学省,学校基本調査 都道府県 学校数
1,0003065700,類型別　学校数,0,2019-10-28,文部科学省,学校基本調査 都道府県 学校数
1,0003065701,後期課程の昼夜別学校数（定時制）,0,2019-10-28,文部科学省,学校基本調査 都道府県 学校数
1,0003065702,後期課程の男女別学校数,0,2019-10-28,文部科学省,学校基本調査 都道府県 学校数
1,0003066075,類型別　学校数,0,2019-10-28,文部科学省,学校基本調査 都道府県 学校数
1,0003104436,76 昼夜別　学校数（定時制）,201401-201412,2019-10-28,文部科学省,学校基本調査 都道府県 学校数
1,0003104438,78 別科のある学校数,201401-201412,2019-10-28,文部科学省,学校基本調査 都道府県 学校数
1,0003104439,79 男女別　学校数,201401-201412,2019-10-28,文部科学省,学校基本調査 都道府県 学校数
1,0003104791,122 類型別　学校数,201401-201412,2019-10-28,文部科学省,学校基本調査 都道府県 学校数
1,0003104756,123 後期課程の昼夜別学校数（定時制）,201401-201412,2019-10-28,文部科学省,学校基本調査 都道府県 学校数
1,0003104792,124 後期課程の男女別学校数,201401-201412,2019-10-28,文部科学省,学校基本調査 都道府県 学校数
1,0003105348,178 類型別　学校数,201401-201412,2019-10-28,文部科学省,学校基本調査 都道府県 学校数
1,0003104381,77 専攻科のある学校数,201401-201412,2019-10-28,文部科学省,学校基本調査 都道府県 学校数
1,0003141393,22 学級数別　学校数,201501-201512,2019-10-28,文部科学省,学校基本調査 都道府県 学校数
1,0003141394,23 在園者数別　学校数,201501-201512,2019-10-28,文部科学省,学校基本調査 都道府県 学校数
1,0003142215,94 昼夜別　学校数（定時制）,201501-201512,2019-10-28,文部科学省,学校基本調査 都道府県 学校数
1,0003142195,95 専攻科のある学校数,201501-201512,2019-10-28,文部科学省,学校基本調査 都道府県 学校数
1,0003142216,96 別科のある学校数,201501-201512,2019-10-28,文部科学省,学校基本調査 都道府県 学校数
1,0003142179,97 男女別　学校数,201501-201512,2019-10-28,文部科学省,学校基本調査 都道府県 学校数
1,0003142655,140 類型別　学校数,201501-201512,2019-10-28,文部科学省,学校基本調査 都道府県 学校数
1,0003142656,141 後期課程の昼夜別学校数（定時制）,201501-201512,2019-10-28,文部科学省,学校基本調査 都道府県 学校数
1,0003142673,142 後期課程の男女別学校数,201501-201512,2019-10-28,文部科学省,学校基本調査 都道府県 学校数
1,0003142788,196 類型別　学校数,201501-201512,2019-10-28,文部科学省,学校基本調査 都道府県 学校数
1,0003173380,22 学級数別　学校数,201601-201612,2019-10-28,文部科学省,学校基本調査 都道府県 学校数
1,0003173361,23 在園者数別　学校数,201601-201612,2019-10-28,文部科学省,学校基本調査 都道府県 学校数
1,0003175400,108 二部授業の学級数，生徒数及び教員数（公立）,201601-201612,2019-10-28,文部科学省,学校基本調査 都道府県 生徒数
1,0003174972,98 類型別　学校数,201601-201612,2019-10-28,文部科学省,学校基本調査 都道府県 学校数
1,0003180820,124 昼夜別　学校数（定時制）,201601-201612,2019-10-28,文部科学省,学校基本調査 都道府県 学校数
1,0003180803,125 専攻科のある学校数,201601-201612,2019-10-28,文部科学省,学校基本調査 都道府県 学校数
1,0003180860,126 別科のある学校数,201601-201612,2019-10-28,文部科学省,学校基本調査 都道府県 学校数
1,0003180880,127 男女別　学校数,201601-201612,2019-10-28,文部科学省,学校基本調査 都道府県 学校数
1,0003182765,169 類型別　学校数,201601-201612,2019-10-28,文部科学省,学校基本調査 都道府県 学校数
1,0003182789,170 後期課程の昼夜別学校数（定時制）,201601-201612,2019-10-28,文部科学省,学校基本調査 都道府県 学校数
1,0003182821,171 後期課程の男女別学校数,201601-201612,2019-10-28,文部科学省,学校基本調査 都道府県 学校数
1,0003185205,224 類型別　学校数,201601-201612,2019-10-28,文部科学省,学校基本調査 都道府県 学校数
1,0003268149,22 学級数別　学校数,201701-201712,2019-10-28,文部科学省,学校基本調査 都道府県 学校数
1,0003268150,23 在園者数別　学校数,201701-201712,2019-10-28,文部科学省,学校基本調査 都道府県 学校数
1,0003145968,2 市町村別集計　学校調査（幼保連携型認定こども園） 学校数,201501-201512,2019-10-28,文部科学省,学校基本調査 都道府県 学校数
1,0003143998,17 政令指定都市別　学校数,201501-201512,2019-10-28,文部科学省,学校基本調査 都道府県 学校数
1,0003203480,17 政令指定都市別　学校数,201601-201612,2019-10-28,文部科学省,学校基本調査 都道府県 学校数
1,0003073430,市町村立学校の学科別生徒数,0,2019-10-28,文部科学省,学校基本調査 都道府県 生徒数
1,0003071538,年齢別　生徒数,0,2019-10-28,文部科学省,学校基本調査 都道府県 生徒数
1,0003066086,修業年限別　学科別　生徒数（学科別）,0,2019-10-28,文部科学省,学校基本調査 都道府県 生徒数
1,0003066213,不就学学齢児童生徒数（平成23年度～平成24年度）,0,2019-10-28,文部科学省,学校基本調査 都道府県 生徒数
1,0003090400,不就学学齢児童生徒数（平成25年度～）,0,2019-10-28,文部科学省,学校基本調査 都道府県 生徒数
1,0003083845,142 全国計市　町村立学校の学科別生徒数　（後期課程）,0,2019-10-28,文部科学省,学校基本調査 都道府県 生徒数
1,0003113086,142 全国計市　町村立学校の学科別生徒数　（後期課程）,201401-201412,2019-10-28,文部科学省,学校基本調査 都道府県 生徒数
1,0003104549,106 市町村立学校の学科別生徒数,201401-201412,2019-10-28,文部科学省,学校基本調査 都道府県 生徒数
1,0003104630,111 年齢別　生徒数,201401-201412,2019-10-28,文部科学省,学校基本調査 都道府県 生徒数
1,0003105432,187 修業年限別　学科別　生徒数（学科別）,201401-201412,2019-10-28,文部科学省,学校基本調査 都道府県 生徒数
1,0003105956,272 不就学学齢児童生徒数（平成25年度～）,201401-201412,2019-10-28,文部科学省,学校基本調査 都道府県 生徒数
1,0003142579,124 市町村立学校の学科別生徒数,201501-201512,2019-10-28,文部科学省,学校基本調査 都道府県 生徒数
1,0003142572,129 年齢別　生徒数,201501-201512,2019-10-28,文部科学省,学校基本調査 都道府県 生徒数
1,0003142854,205 修業年限別　学科別　生徒数（学科別）,201501-201512,2019-10-28,文部科学省,学校基本調査 都道府県 生徒数
1,0003143080,290 不就学学齢児童生徒数（平成26年度～）,201501-201512,2019-10-28,文部科学省,学校基本調査 都道府県 生徒数
1,0003144861,163 全国計市　町村立学校の学科別生徒数　（後期課程）,201501-201512,2019-10-28,文部科学省,学校基本調査 都道府県 生徒数
1,0003181620,153 市町村立学校の学科別生徒数,201601-201612,2019-10-28,文部科学省,学校基本調査 都道府県 生徒数
1,0003182600,158 年齢別　生徒数,201601-201612,2019-10-28,文部科学省,学校基本調査 都道府県 生徒数
1,0003185561,233 修業年限別　学科別　生徒数（学科別）,201601-201612,2019-10-28,文部科学省,学校基本調査 都道府県 生徒数
1,0003191460,318 不就学学齢児童生徒数（平成26年度～）,201601-201612,2019-10-28,文部科学省,学校基本調査 都道府県 生徒数
1,0003210463,201 全国計市　町村立学校の学科別生徒数　（後期課程）,201601-201612,2019-10-28,文部科学省,学校基本調査 都道府県 生徒数
3,0003044258,96 都道府県別　全日制のうち単位制による課程及び定時制の修業年限別の学校数、入学状況及び生徒数（定時制）,0,2014-03-18,文部科学省,学校基本調査 都道府県 生徒数
3,0003035791,98 都道府県別全日制のうち単位制による課程及び定時制の修業年限別の学校数、入学状況及び生徒数（定時制）,0,2014-03-18,文部科学省,学校基本調査 都道府県 生徒数
3,0003043413,98 都道府県別  全日制のうち単位制による課程及び定時制の修業年限別の学校数、入学状況及び生徒数（定時制）,201004-201103,2014-03-18,文部科学省,学校基本調査 都道府県 生徒数
2,0003044386,141 都道府県別　市町村立学校の生徒数及び教員数（本務者）,0,2014-03-18,文部科学省,学校基本調査 都道府県 生徒数
2,0003044392,147 都道府県別　学年別　在学者数,0,2014-03-18,文部科学省,学校基本調査 高等学校 都道府県
2,0003042882,213 都道府県別　大学（学部）・短期大学（本科）への入学志願者数,0,2014-03-18,文部科学省,学校基本調査 大学 都道府県
2,0003042883,213 都道府県別　大学（学部）・短期大学（本科）への入学志願者数〔全日制〕,0,2014-03-18,文部科学省,学校基本調査 大学 都道府県
2,0003036253,134 都道府県別前期課程の学年別特別支援学級生徒数,0,2014-03-18,文部科学省,学校基本調査 都道府県 生徒数
2,0003036286,136 都道府県別後期課程の学年別生徒数（全日制）,0,2014-03-18,文部科学省,学校基本調査 都道府県 生徒数
2,0003036397,143 都道府県別市町村立学校の生徒数及び教員数（本務者）,0,2014-03-18,文部科学省,学校基本調査 都道府県 生徒数
2,0003036462,149 都道府県別学年別在学者数,0,2014-03-18,文部科学省,学校基本調査 高等学校 都道府県
2,0003042657,215 都道府県別　大学（学部）・短期大学（本科）への入学志願者数〔全日制〕,0,2014-03-18,文部科学省,学校基本調査 大学 都道府県
2,0003042658,215 都道府県別　大学（学部）・短期大学（本科）への入学志願者数,0,2014-03-18,文部科学省,学校基本調査 大学 都道府県
2,0003042485,215 都道府県別　大学（学部）・短期大学（本科）への入学志願者数,0,2014-03-18,文部科学省,学校基本調査 大学 都道府県
2,0003042486,215 都道府県別　大学（学部）・短期大学（本科）への入学志願者数〔全日制〕,0,2014-03-18,文部科学省,学校基本調査 大学 都道府県
2,0003043279,143 都道府県別　市町村立学校の生徒数及び教員数（本務者）,201004-201103,2014-03-18,文部科学省,学校基本調査 都道府県 生徒数
2,0003044788,政令指定都市別　都道府県別　不就学学齢児童生徒数,0,2014-03-18,文部科学省,学校基本調査 都道府県 生徒数
2,0003036075,124 政令指定都市別都道府県別生徒数,0,2014-03-18,文部科学省,学校基本調査 都道府県 生徒数
2,0003042722,243 政令指定都市別　都道府県別　不就学学齢児童生徒数,0,2014-03-18,文部科学省,学校基本調査 都道府県 生徒数
1,0003042857,188 都道府県別　進路別　卒業者数,0,2014-03-18,文部科学省,学校基本調査 中学校 都道府県
1,0003042676,190 都道府県別　進路別　卒業者数,0,2014-03-18,文部科学省,学校基本調査 中学校 都道府県
1,0003042456,190 都道府県別　状況別　卒業者数,0,2014-03-18,文部科学省,学校基本調査 中学校 都道府県
1,0003042876,207 都道府県別　進路別　卒業者数,0,2014-03-18,文部科学省,学校基本調査 大学 都道府県
1,0003036454,140 都道府県別本務職員のうち指導主事等の数（公立）,0,2014-03-18,文部科学省,学校基本調査 高等学校 都道府県
1,0003036456,141 都道府県別定時制課程を兼任している教員数（後期課程）（都道府県別）,0,2014-03-18,文部科学省,学校基本調査 高等学校 都道府県
1,0003036534,153 都道府県別職名別教員数,0,2014-03-18,文部科学省,学校基本調査 高等学校 都道府県
1,0003036536,155 都道府県別担当障害種別職名別教員数（本務者）,0,2014-03-18,文部科学省,学校基本調査 高等学校 都道府県
1,0003042651,209 都道府県別　進路別　卒業者数,0,2014-03-18,文部科学省,学校基本調査 大学 都道府県
1,0003042898,226 都道府県別　進路別　卒業者数,0,2014-03-18,文部科学省,学校基本調査 大学 都道府県
1,0003042624,228 都道府県別　進路別　卒業者数,0,2014-03-18,文部科学省,学校基本調査 大学 都道府県
1,0003042462,209 都道府県別　状況別　卒業者数,0,2014-03-18,文部科学省,学校基本調査 大学 都道府県
1,0003042469,228 都道府県別　状況別　卒業者数,0,2014-03-18,文部科学省,学校基本調査 大学 都道府県
1,0003044469,144 政令指定都市別　学校数,0,2014-03-18,文部科学省,学校基本調査 都道府県 学校数
1,0003036459,146 政令指定都市別学校数,0,2014-03-18,文部科学省,学校基本調査 都道府県 学校数
1,0003043418,146 政令指定都市別　学校数,201004-201103,2014-03-18,文部科学省,学校基本調査 都道府県 学校数
1,0003044385,140 全国計　市町村立学校の学科別生徒数（後期課程）,0,2014-03-18,文部科学省,学校基本調査 都道府県 生徒数
1,0003043531,142 全国計　市町村立学校の学科別生徒数（後期課程）,201004-201103,2014-03-18,文部科学省,学校基本調査 都道府県 生徒数
1,0003022647,264 進路別卒業者数（都道府県別）,0,2013-06-28,文部科学省,学校基本調査 大学 都道府県
1,0003023826,264 状況別卒業者数（都道府県別）,0,2013-06-28,文部科学省,学校基本調査 大学 都道府県
3,0003060232,136 都道府県別　学年別　在学者数（設置者別）,200604-200703,2012-03-14,文部科学省,学校基本調査 高等学校 都道府県
3,0003060757,156 都道府県別　学年別　在学者数（設置者別）,200604-200703,2012-03-14,文部科学省,学校基本調査 高等学校 都道府県
3,0003060801,178 都道府県別　学年別　在学者数（設置者別）,200604-200703,2012-03-14,文部科学省,学校基本調査 高等学校 都道府県
2,0003060792,171 都道府県別　学校数,200604-200703,2012-03-14,文部科学省,学校基本調査 都道府県 学校数
1,0003060797,175 学校種別　学校数,200604-200703,2012-03-14,文部科学省,学校基本調査 都道府県 学校数
1,0003060201,91 年齢別　生徒数,200604-200703,2012-03-13,文部科学省,学校基本調査 都道府県 生徒数
1,0003060135,86 市町村立学校の学科別生徒数,200604-200703,2012-03-12,文部科学省,学校基本調査 都道府県 生徒数
1,0003059584,213 類型別　学校数,200604-200703,2012-03-07,文部科学省,学校基本調査 都道府県 学校数
2,0003016281,2 都道府県別　学級数別　学校数（うち公立　都道府県別）,0,2012-03-02,文部科学省,学校基本調査 都道府県 学校数
2,0003016282,2 都道府県別　学級数別　学校数（うち公立-本校　都道府県別）,0,2012-03-02,文部科学省,学校基本調査 都道府県 学校数
2,0003015869,1 都道府県別　学校数,0,2012-03-02,文部科学省,学校基本調査 都道府県 学校数
2,0003016283,2 都道府県別　学級数別　学校数（本校・分校別）,0,2012-03-02,文部科学省,学校基本調査 都道府県 学校数
2,0003059128,151 都道府県別　学校数,200604-200703,2012-03-02,文部科学省,学校基本調査 都道府県 学校数
2,0003004412,1 都道府県別　学校数,0,2012-03-01,文部科学省,学校基本調査 都道府県 学校数
2,0003003358,27 都道府県別　学校数,0,2012-03-01,文部科学省,学校基本調査 都道府県 学校数
2,0003005496,54 都道府県別　学校数,200701-200712,2012-03-01,文部科学省,学校基本調査 都道府県 学校数
2,0003059096,131 都道府県別　学校数,200604-200703,2012-03-01,文部科学省,学校基本調査 都道府県 学校数
2,0003058843,85 都道府県別　市町村立学校の生徒数及び教員数（本務者）,200604-200703,2012-02-28,文部科学省,学校基本調査 都道府県 生徒数
1,0003055492,95 都道府県別　進路別　卒業者数,200701-200712,2012-02-17,文部科学省,学校基本調査 大学 都道府県
1,0003052089,76 都道府県別　進路別　卒業者数,200701-200712,2012-02-15,文部科学省,学校基本調査 大学 都道府県
3,0003050824,56 都道府県別　学校数及び学生数,200701-200712,2012-02-14,文部科学省,学校基本調査 都道府県 学生数
3,0003050772,40 都道府県別　学校数及び学生数（都道府県別）,200701-200712,2012-02-10,文部科学省,学校基本調査 都道府県 学生数
3,0003050773,40 都道府県別　学校数及び学生数（政令指定都市別）,200701-200712,2012-02-10,文部科学省,学校基本調査 都道府県 学生数
3,0003005407,7 都道府県別　学校数及び学生数,200701-200712,2012-02-08,文部科学省,学校基本調査 都道府県 学生数
3,0003005468,9 都道府県別　大学院学生数,200701-200712,2012-02-08,文部科学省,学校基本調査 都道府県 学生数
2,0003005410,8 都道府県別　学部学生数,200701-200712,2012-02-08,文部科学省,学校基本調査 都道府県 学生数
2,0003047457,212 高等学校（本科）への進学者のうち併設先又は連携先の高等学校へ進学した者（再掲）（都道府県別）,200701-200712,2012-02-03,文部科学省,学校基本調査 高等学校 都道府県
2,0003047463,215 高等学校（本科）への入学志願者のうち併設先または連携先の高等学校へ志願した者（再掲）（都道府県別）,200701-200712,2012-02-03,文部科学省,学校基本調査 高等学校 都道府県
2,0003047708,243 大学（学部）・短期大学（本科）への入学志願者数（都道府県別）,200701-200712,2012-02-03,文部科学省,学校基本調査 大学 都道府県
2,0003047645,268 後期課程の大学（学部）・短期大学（本科）への入学志願者数（都道府県別）,200701-200712,2012-02-03,文部科学省,学校基本調査 大学 都道府県
1,0003047453,210 進路別　卒業者数（都道府県別）,200701-200712,2012-02-03,文部科学省,学校基本調査 中学校 都道府県
1,0003047465,216 ７５条の学級卒業者の進路状況（都道府県別）,200701-200712,2012-02-03,文部科学省,学校基本調査 高等専門学校 都道府県
1,0003047534,237 進路別　卒業者数（都道府県別）,200701-200712,2012-02-03,文部科学省,学校基本調査 大学 都道府県
1,0003047550,248 産業別　都道府県別　就職者数,200701-200712,2012-02-03,文部科学省,学校基本調査 高等学校 都道府県
1,0003047552,249 就職先別　県外就職者数（都道府県別）,200701-200712,2012-02-03,文部科学省,学校基本調査 高等学校 都道府県
1,0003047710,251 進路別　卒業者数（都道府県別）,200701-200712,2012-02-03,文部科学省,学校基本調査 大学 都道府県
1,0003047637,262 後期課程の進路別卒業者数（都道府県別）,200701-200712,2012-02-03,文部科学省,学校基本調査 大学 都道府県
1,0003047789,276 進路別　卒業者数（都道府県別）,200701-200712,2012-02-03,文部科学省,学校基本調査 大学 都道府県
1,0003047797,283 進路別　卒業者数（都道府県別）,200701-200712,2012-02-03,文部科学省,学校基本調査 大学 都道府県
1,0003047805,290 進路別　卒業者数（都道府県別）,200701-200712,2012-02-03,文部科学省,学校基本調査 大学 都道府県
2,0003047920,298 都道府県別　不就学学齢児童生徒数,0,2012-02-01,文部科学省,学校基本調査 都道府県 生徒数
1,0003047215,177 類型別　学校数,200704-200803,2012-01-24,文部科学省,学校基本調査 都道府県 学校数
2,0003046914,133 都道府県別　学校数,200704-200803,2012-01-20,文部科学省,学校基本調査 都道府県 学校数
1,0003046919,137 障害種別　学校数,200704-200803,2012-01-20,文部科学省,学校基本調査 都道府県 学校数
1,0003046920,137 障害種別　学校数（延べ数）,200704-200803,2012-01-20,文部科学省,学校基本調査 都道府県 学校数
2,0003046670,85 都道府県別　市町村立学校の生徒数及び教員数（本務者）,200704-200803,2012-01-18,文部科学省,学校基本調査 都道府県 生徒数
2,0003042612,政令指定都市別　都道府県別　不就学学齢児童生徒数,0,2011-11-10,文部科学省,学校基本調査 都道府県 生徒数
4,0003017552,23 都道府県別児童数別学校数（学校別）（設置者別）,0,2011-03-22,文部科学省,学校基本調査 都道府県 児童数
4,0003020758,23 都道府県別児童数別学校数（学校別）（設置者別）,0,2011-03-22,文部科学省,学校基本調査 都道府県 児童数
4,0003017976,50 都道府県別生徒数別学校数（学校別）（設置者別）,0,2011-03-22,文部科学省,学校基本調査 都道府県 生徒数
4,0003020985,50 都道府県別生徒数別学校数（学校別）（設置者別）,0,2011-03-22,文部科学省,学校基本調査 都道府県 生徒数
4,0003018747,119 前期課程の都道府県別生徒数別学校数（学校別）（設置者別）,0,2011-03-22,文部科学省,学校基本調査 都道府県 生徒数
4,0003020885,119 前期課程の都道府県別生徒数別学校数（学校別）（設置者別）,0,2011-03-22,文部科学省,学校基本調査 都道府県 生徒数
3,0003017553,23 都道府県別児童数別学校数（うち公立　都道府県別）,0,2011-03-22,文部科学省,学校基本調査 都道府県 児童数
3,0003020759,23 都道府県別児童数別学校数（うち公立　都道府県別）,0,2011-03-22,文部科学省,学校基本調査 都道府県 児童数
3,0003017549,21 都道府県別学級数別学校数（学校別）（設置者別）,0,2011-03-22,文部科学省,学校基本調査 都道府県 学校数
3,0003020755,21 都道府県別学級数別学校数（学校別）（設置者別）,0,2011-03-22,文部科学省,学校基本調査 都道府県 学校数
3,0003017977,50 都道府県別生徒数別学校数（うち公立　都道府県別）,0,2011-03-22,文部科学省,学校基本調査 都道府県 生徒数
3,0003020986,50 都道府県別生徒数別学校数（うち公立　都道府県別）,0,2011-03-22,文部科学省,学校基本調査 都道府県 生徒数
3,0003017973,47 都道府県別学級数別学校数（学校別）（設置者別）,0,2011-03-22,文部科学省,学校基本調査 都道府県 学校数
3,0003022676,211 都道府県別高等学校等への進学者数（設置者別）,0,2011-03-22,文部科学省,学校基本調査 高等専門学校 都道府県
3,0003020982,47 都道府県別学級数別学校数（学校別）（設置者別）,0,2011-03-22,文部科学省,学校基本調査 都道府県 学校数
3,0003023747,211 都道府県別高等学校等への進学者数（設置者別）,0,2011-03-22,文部科学省,学校基本調査 高等専門学校 都道府県
3,0003018466,82 全日制のうち単位制による課程及び定時制の修業年限別の学校数、入学状況及び生徒数（全日制）（都道府県別）,0,2011-03-22,文部科学省,学校基本調査 都道府県 生徒数
3,0003020403,82 全日制のうち単位制による課程及び定時制の修業年限別の学校数、入学状況及び生徒数（定時制）（都道府県別）,0,2011-03-22,文部科学省,学校基本調査 都道府県 生徒数
3,0003018481,112 修業年限別通信制を置く学校数、入学状況及び生徒数（本科）（うち公立　都道府県別）,0,2011-03-22,文部科学省,学校基本調査 都道府県 生徒数
3,0003018482,112 修業年限別通信制を置く学校数、入学状況及び生徒数（本科）（うち私立　都道府県別）,0,2011-03-22,文部科学省,学校基本調査 都道府県 生徒数
3,0003020817,82 全日制のうち単位制による課程及び定時制の修業年限別の学校数、入学状況及び生徒数（全日制）（都道府県別）,0,2011-03-22,文部科学省,学校基本調査 都道府県 生徒数
3,0003020818,82 全日制のうち単位制による課程及び定時制の修業年限別の学校数、入学状況及び生徒数（定時制）（都道府県別）,0,2011-03-22,文部科学省,学校基本調査 都道府県 生徒数
3,0003020865,112 修業年限別通信制を置く学校数、入学状況及び生徒数（本科）（うち公立　都道府県別）,0,2011-03-22,文部科学省,学校基本調査 都道府県 生徒数
3,0003020866,112 修業年限別通信制を置く学校数、入学状況及び生徒数（本科）（うち私立　都道府県別）,0,2011-03-22,文部科学省,学校基本調査 都道府県 生徒数
3,0003018748,119 前期課程の都道府県別生徒数別学校数（うち公立　都道府県別）,0,2011-03-22,文部科学省,学校基本調査 都道府県 生徒数
3,0003020886,119 前期課程の都道府県別生徒数別学校数（うち公立　都道府県別）,0,2011-03-22,文部科学省,学校基本調査 都道府県 生徒数
3,0003023024,56 都道府県別　学校数及び学生数,0,2011-03-22,文部科学省,学校基本調査 都道府県 学生数
3,0003023962,56 都道府県別　学校数及び学生数,0,2011-03-22,文部科学省,学校基本調査 都道府県 学生数
3,0003022101,247 前期課程の都道府県別高等学校等への進学者数（設置者別）,0,2011-03-22,文部科学省,学校基本調査 高等専門学校 都道府県
3,0003023800,247 前期課程の都道府県別高等学校等への進学者数（設置者別）,0,2011-03-22,文部科学省,学校基本調査 高等専門学校 都道府県
3,0003022920,7 都道府県別　学校数及び学生数（都道府県別）,0,2011-03-22,文部科学省,学校基本調査 都道府県 学生数
3,0003022924,9 都道府県別　大学院学生数（都道府県別）,0,2011-03-22,文部科学省,学校基本調査 都道府県 学生数
3,0003023858,7 都道府県別　学校数及び学生数（都道府県別）,0,2011-03-22,文部科学省,学校基本調査 都道府県 学生数
3,0003023862,9 都道府県別　大学院学生数（都道府県別）,0,2011-03-22,文部科学省,学校基本調査 都道府県 学生数
3,0003023002,40 都道府県別　学校数及び学生数（都道府県別）,0,2011-03-22,文部科学省,学校基本調査 都道府県 学生数
3,0003023940,40 都道府県別　学校数及び学生数（都道府県別）,0,2011-03-22,文部科学省,学校基本調査 都道府県 学生数
3,0003022702,229 都道府県別大学・短期大学等への進学者数（設置者別）,0,2011-03-22,文部科学省,学校基本調査 大学 都道府県
3,0003022108,254 後期課程の都道府県別大学・短期大学等への進学者数（設置者別）,0,2011-03-22,文部科学省,学校基本調査 大学 都道府県
3,0003022921,7 都道府県別　学校数及び学生数（再掲）（政令指定都市別）,0,2011-03-22,文部科学省,学校基本調査 都道府県 学生数
3,0003022925,9 都道府県別　大学院学生数（再掲）（政令指定都市別）,0,2011-03-22,文部科学省,学校基本調査 都道府県 学生数
3,0003023003,40 都道府県別　学校数及び学生数（再掲）（政令指定都市別）,0,2011-03-22,文部科学省,学校基本調査 都道府県 学生数
3,0003023773,229 都道府県別大学・短期大学等への進学者数（設置者別）,0,2011-03-22,文部科学省,学校基本調査 大学 都道府県
3,0003023810,254 後期課程の都道府県別大学・短期大学等への進学者数（設置者別）,0,2011-03-22,文部科学省,学校基本調査 大学 都道府県
3,0003023859,7 都道府県別　学校数及び学生数（再掲）（政令指定都市別）,0,2011-03-22,文部科学省,学校基本調査 都道府県 学生数
3,0003023863,9 都道府県別　大学院学生数（再掲）（政令指定都市別）,0,2011-03-22,文部科学省,学校基本調査 都道府県 学生数
3,0003023985,40 都道府県別　学校数及び学生数（再掲）（政令指定都市別）,0,2011-03-22,文部科学省,学校基本調査 都道府県 学生数
3,0003018483,118 前期課程の都道府県別学級数別学校数（学校別）（設置者別）,0,2011-03-22,文部科学省,学校基本調査 都道府県 学校数
3,0003020883,118 前期課程の都道府県別学級数別学校数（学校別）（設置者別）,0,2011-03-22,文部科学省,学校基本調査 都道府県 学校数
3,0003018728,109 都道府県別生徒数（設置者別）,0,2011-03-22,文部科学省,学校基本調査 都道府県 生徒数
3,0003020860,109 都道府県別生徒数（設置者別）,0,2011-03-22,文部科学省,学校基本調査 都道府県 生徒数
2,0003017496,1 都道府県別学校数,0,2011-03-22,文部科学省,学校基本調査 都道府県 学校数
2,0003020731,1 都道府県別学校数,0,2011-03-22,文部科学省,学校基本調査 都道府県 学校数
2,0003017550,21 都道府県別学級数別学校数（うち公立　都道府県別）,0,2011-03-22,文部科学省,学校基本調査 都道府県 学校数
2,0003020756,21 都道府県別学級数別学校数（うち公立　都道府県別）,0,2011-03-22,文部科学省,学校基本調査 都道府県 学校数
2,0003017548,20 都道府県別学校数,0,2011-03-22,文部科学省,学校基本調査 都道府県 学校数
2,0003018010,27 学級編制方式別児童数（うち公立　都道府県別）,0,2011-03-22,文部科学省,学校基本調査 都道府県 児童数
2,0003018012,28 学年別特別支援学級児童数（うち公立　都道府県別）,0,2011-03-22,文部科学省,学校基本調査 都道府県 児童数
2,0003018017,32 帰国児童数（都道府県別）,0,2011-03-22,文部科学省,学校基本調査 都道府県 児童数
2,0003020754,20 都道府県別学校数,0,2011-03-22,文部科学省,学校基本調査 都道府県 学校数
2,0003020766,27 学級編制方式別児童数（うち公立　都道府県別）,0,2011-03-22,文部科学省,学校基本調査 都道府県 児童数
2,0003020768,28 学年別特別支援学級児童数（うち公立　都道府県別）,0,2011-03-22,文部科学省,学校基本調査 都道府県 児童数
2,0003020773,32 帰国児童数（都道府県別）,0,2011-03-22,文部科学省,学校基本調査 都道府県 児童数
2,0003017974,47 都道府県別学級数別学校数（うち公立　都道府県別）,0,2011-03-22,文部科学省,学校基本調査 都道府県 学校数
2,0003022677,211 都道府県別高等学校等への進学者数（都道府県別）,0,2011-03-22,文部科学省,学校基本調査 高等専門学校 都道府県
2,0003020983,47 都道府県別学級数別学校数（うち公立　都道府県別）,0,2011-03-22,文部科学省,学校基本調査 都道府県 学校数
2,0003023748,211 都道府県別高等学校等への進学者数（都道府県別）,0,2011-03-22,文部科学省,学校基本調査 高等専門学校 都道府県
2,0003017956,46 都道府県別学校数,0,2011-03-22,文部科学省,学校基本調査 都道府県 学校数
2,0003017984,54 学級編制方式別生徒数（うち公立　都道府県別）,0,2011-03-22,文部科学省,学校基本調査 都道府県 生徒数
2,0003017986,55 学年別特別支援学級生徒数（都道府県別）,0,2011-03-22,文部科学省,学校基本調査 都道府県 生徒数
2,0003017991,58 帰国生徒数（都道府県別）,0,2011-03-22,文部科学省,学校基本調査 都道府県 生徒数
2,0003022679,212 高等学校（本科）への進学者のうち併設先又は連携先の高等学校へ進学した者（再掲）（都道府県別）,0,2011-03-22,文部科学省,学校基本調査 高等学校 都道府県
2,0003022683,214 高等学校等への入学志願者数（都道府県別）,0,2011-03-22,文部科学省,学校基本調査 高等専門学校 都道府県
2,0003022685,215 高等学校（本科）への入学志願者のうち併設先又は連携先の高等学校へ志願した者（再掲）（都道府県別）,0,2011-03-22,文部科学省,学校基本調査 高等学校 都道府県
2,0003020981,46 都道府県別学校数,0,2011-03-22,文部科学省,学校基本調査 都道府県 学校数
2,0003020993,54 学級編制方式別生徒数（うち公立　都道府県別）,0,2011-03-22,文部科学省,学校基本調査 都道府県 生徒数
2,0003020995,55 学年別特別支援学級生徒数（都道府県別）,0,2011-03-22,文部科学省,学校基本調査 都道府県 生徒数
2,0003020999,58 帰国生徒数（都道府県別）,0,2011-03-22,文部科学省,学校基本調査 都道府県 生徒数
2,0003023750,212 高等学校（本科）への進学者のうち併設先または連携先の高等学校へ進学した者（再掲）（都道府県別）,0,2011-03-22,文部科学省,学校基本調査 高等学校 都道府県
2,0003023754,214 高等学校等への入学志願者数（都道府県別）,0,2011-03-22,文部科学省,学校基本調査 高等専門学校 都道府県
2,0003023756,215 高等学校（本科）への入学志願者のうち併設先または連携先の高等学校へ志願した者（再掲）（都道府県別）,0,2011-03-22,文部科学省,学校基本調査 高等学校 都道府県
2,0003022680,213 都道府県別専修学校等への入学者数（設置者別）,0,2011-03-22,文部科学省,学校基本調査 中学校 都道府県
2,0003023751,213 都道府県別専修学校等への入学者数（設置者別）,0,2011-03-22,文部科学省,学校基本調査 中学校 都道府県
2,0003018729,109 都道府県別生徒数（うち公立　都道府県別）,0,2011-03-22,文部科学省,学校基本調査 都道府県 生徒数
2,0003018730,109 都道府県別生徒数（うち私立　都道府県別）,0,2011-03-22,文部科学省,学校基本調査 都道府県 生徒数
2,0003020861,109 都道府県別生徒数（うち公立　都道府県別）,0,2011-03-22,文部科学省,学校基本調査 都道府県 生徒数
2,0003020862,109 都道府県別生徒数（うち私立　都道府県別）,0,2011-03-22,文部科学省,学校基本調査 都道府県 生徒数
2,0003018344,73 都道府県別学校数,0,2011-03-22,文部科学省,学校基本調査 都道府県 学校数
2,0003020808,73 都道府県別学校数,0,2011-03-22,文部科学省,学校基本調査 都道府県 学校数
2,0003022703,229 都道府県別大学・短期大学等への進学者数（都道府県別）,0,2011-03-22,文部科学省,学校基本調査 大学 都道府県
2,0003022102,247 前期課程の都道府県別高等学校等への進学者数（都道府県別）,0,2011-03-22,文部科学省,学校基本調査 高等専門学校 都道府県
2,0003023774,229 都道府県別大学・短期大学等への進学者数（都道府県別）,0,2011-03-22,文部科学省,学校基本調査 大学 都道府県
2,0003023801,247 前期課程の都道府県別高等学校等への進学者数（都道府県別）,0,2011-03-22,文部科学省,学校基本調査 高等専門学校 都道府県
2,0003018722,104 都道府県別市町村立学校の生徒数及び教員数（本務者）,0,2011-03-22,文部科学省,学校基本調査 都道府県 生徒数
2,0003018081,86 学年別生徒数（全日制＋定時制）（都道府県別）,0,2011-03-22,文部科学省,学校基本調査 都道府県 生徒数
2,0003021078,86 学年別生徒数（全日制）（都道府県別）,0,2011-03-22,文部科学省,学校基本調査 都道府県 生徒数
2,0003021079,86 学年別生徒数（定時制）（都道府県別）,0,2011-03-22,文部科学省,学校基本調査 都道府県 生徒数
2,0003018472,87 学科別学年別生徒数（本科）（全日制＋定時制）（都道府県別）,0,2011-03-22,文部科学省,学校基本調査 都道府県 生徒数
2,0003020706,87 学科別学年別生徒数（本科）（定時制）（都道府県別）,0,2011-03-22,文部科学省,学校基本調査 都道府県 生徒数
2,0003020707,87 学科別学年別生徒数（本科）（全日制　計・公立・私立）（都道府県別）,0,2011-03-22,文部科学省,学校基本調査 都道府県 生徒数
2,0003020730,87 学科別学年別生徒数（本科）（全日制　国立）（都道府県別）,0,2011-03-22,文部科学省,学校基本調査 都道府県 生徒数
2,0003018084,92 帰国生徒数（全日制＋定時制）（都道府県別）,0,2011-03-22,文部科学省,学校基本調査 都道府県 生徒数
2,0003021116,92 帰国生徒数（全日制）（都道府県別）,0,2011-03-22,文部科学省,学校基本調査 都道府県 生徒数
2,0003018726,108 学校数・学科数（本科）（うち公立　都道府県別）,0,2011-03-22,文部科学省,学校基本調査 都道府県 学校数
2,0003018727,108 学校数・学科数（本科）（うち私立　都道府県別）,0,2011-03-22,文部科学省,学校基本調査 都道府県 学校数
2,0003020853,104 都道府県別市町村立学校の生徒数及び教員数（本務者）,0,2011-03-22,文部科学省,学校基本調査 都道府県 生徒数
2,0003020824,86 学年別生徒数（全日制＋定時制）（都道府県別）,0,2011-03-22,文部科学省,学校基本調査 都道府県 生徒数
2,0003021080,86 学年別生徒数（全日制）（都道府県別）,0,2011-03-22,文部科学省,学校基本調査 都道府県 生徒数
2,0003021081,86 学年別生徒数（定時制）（都道府県別）,0,2011-03-22,文部科学省,学校基本調査 都道府県 生徒数
2,0003020826,87 学科別学年別生徒数（本科）（全日制＋定時制）（都道府県別）,0,2011-03-22,文部科学省,学校基本調査 都道府県 生徒数
2,0003020827,87 学科別学年別生徒数（本科）（全日制　計・公立・私立）（都道府県別）,0,2011-03-22,文部科学省,学校基本調査 都道府県 生徒数
2,0003020828,87 学科別学年別生徒数（本科）（定時制）（都道府県別）,0,2011-03-22,文部科学省,学校基本調査 都道府県 生徒数
2,0003020829,87 学科別学年別生徒数（本科）（全日制　国立）（都道府県別）,0,2011-03-22,文部科学省,学校基本調査 都道府県 生徒数
2,0003020835,92 帰国生徒数（全日制＋定時制）（都道府県別）,0,2011-03-22,文部科学省,学校基本調査 都道府県 生徒数
2,0003021114,92 帰国生徒数（全日制）（都道府県別）,0,2011-03-22,文部科学省,学校基本調査 都道府県 生徒数
2,0003020858,108 学校数・学科数（本科）（うち公立　都道府県別）,0,2011-03-22,文部科学省,学校基本調査 都道府県 学校数
2,0003020859,108 学校数・学科数（本科）（うち私立　都道府県別）,0,2011-03-22,文部科学省,学校基本調査 都道府県 学校数
2,0003022104,248 前期課程の高等学校等への入学志願者数（都道府県別）,0,2011-03-22,文部科学省,学校基本調査 高等専門学校 都道府県
2,0003023803,248 前期課程の高等学校等への入学志願者数（都道府県別）,0,2011-03-22,文部科学省,学校基本調査 高等専門学校 都道府県
2,0003018350,117 都道府県別学校数（後期課程の課程別）,0,2011-03-22,文部科学省,学校基本調査 都道府県 学校数
2,0003018484,118 前期課程の都道府県別学級数別学校数（うち公立　都道府県別）,0,2011-03-22,文部科学省,学校基本調査 都道府県 学校数
2,0003018099,134 前期課程の学級編制方式別生徒数（うち公立　都道府県別）,0,2011-03-22,文部科学省,学校基本調査 都道府県 生徒数
2,0003018756,138 後期課程の学年別生徒数（全日制＋定時制）（都道府県別）,0,2011-03-22,文部科学省,学校基本調査 都道府県 生徒数
2,0003021126,138 後期課程の学年別生徒数（全日制　計）（都道府県別）,0,2011-03-22,文部科学省,学校基本調査 都道府県 生徒数
2,0003021127,138 後期課程の学年別生徒数（定時制）（都道府県別）,0,2011-03-22,文部科学省,学校基本調査 都道府県 生徒数
2,0003021128,138 後期課程の学年別生徒数（全日制　国立・公立）（都道府県別）,0,2011-03-22,文部科学省,学校基本調査 都道府県 生徒数
2,0003018494,139 後期課程の学科別学年別生徒数（全日制＋定時制）（都道府県別）,0,2011-03-22,文部科学省,学校基本調査 都道府県 生徒数
2,0003021130,139 後期課程の学科別学年別生徒数（全日制　計）（都道府県別）,0,2011-03-22,文部科学省,学校基本調査 都道府県 生徒数
2,0003021131,139 後期課程の学科別学年別生徒数（定時制）（都道府県別）,0,2011-03-22,文部科学省,学校基本調査 都道府県 生徒数
2,0003021132,139 後期課程の学科別学年別生徒数（全日制　国立・公立）（都道府県別）,0,2011-03-22,文部科学省,学校基本調査 都道府県 生徒数
2,0003018359,152 都道府県別学校数,0,2011-03-22,文部科学省,学校基本調査 都道府県 学校数
2,0003018762,159 都道府県別学年別在学者数（うち公立　都道府県別）,0,2011-03-22,文部科学省,学校基本調査 高等学校 都道府県
2,0003018764,160 通学状況別在学者数（うち公立　都道府県別）,0,2011-03-22,文部科学省,学校基本調査 高等学校 都道府県
2,0003018362,176 都道府県別学校数,0,2011-03-22,文部科学省,学校基本調査 都道府県 学校数
2,0003018782,184 都道府県別生徒数,0,2011-03-22,文部科学省,学校基本調査 都道府県 生徒数
2,0003022081,194 専門課程入学者のうち大学等卒業者数（再掲）（都道府県別）,0,2011-03-22,文部科学省,学校基本調査 大学 都道府県
2,0003022612,198 都道府県別学校数,0,2011-03-22,文部科学省,学校基本調査 都道府県 学校数
2,0003022615,201 都道府県別生徒数,0,2011-03-22,文部科学省,学校基本調査 都道府県 生徒数
2,0003022706,231 大学（学部）・短期大学（本科）への入学志願者数（都道府県別）,0,2011-03-22,文部科学省,学校基本調査 大学 都道府県
2,0003022708,232 卒業年次別大学（学部）・短期大学（本科）への入学志願者数（都道府県別）,0,2011-03-22,文部科学省,学校基本調査 大学 都道府県
2,0003020882,117 都道府県別学校数（後期課程の課程別）,0,2011-03-22,文部科学省,学校基本調査 都道府県 学校数
2,0003020884,118 前期課程の都道府県別学級数別学校数（うち公立　都道府県別）,0,2011-03-22,文部科学省,学校基本調査 都道府県 学校数
2,0003020905,134 前期課程の学級編制方式別生徒数（うち公立　都道府県別）,0,2011-03-22,文部科学省,学校基本調査 都道府県 生徒数
2,0003020910,138 後期課程の学年別生徒数（全日制＋定時制）（都道府県別）,0,2011-03-22,文部科学省,学校基本調査 都道府県 生徒数
2,0003021118,138 後期課程の学年別生徒数（全日制　計）（都道府県別）,0,2011-03-22,文部科学省,学校基本調査 都道府県 生徒数
2,0003021119,138 後期課程の学年別生徒数（定時制）（都道府県別）,0,2011-03-22,文部科学省,学校基本調査 都道府県 生徒数
2,0003021120,138 後期課程の学年別生徒数（全日制　国立・公立）（都道府県別）,0,2011-03-22,文部科学省,学校基本調査 都道府県 生徒数
2,0003020912,139 後期課程の学科別学年別生徒数（全日制＋定時制）（都道府県別）,0,2011-03-22,文部科学省,学校基本調査 都道府県 生徒数
2,0003021122,139 後期課程の学科別学年別生徒数（全日制　計）（都道府県別）,0,2011-03-22,文部科学省,学校基本調査 都道府県 生徒数
2,0003021123,139 後期課程の学科別学年別生徒数（定時制）（都道府県別）,0,2011-03-22,文部科学省,学校基本調査 都道府県 生徒数
2,0003021124,139 後期課程の学科別学年別生徒数（全日制　国立・公立）（都道府県別）,0,2011-03-22,文部科学省,学校基本調査 都道府県 生徒数
2,0003020931,152 都道府県別学校数,0,2011-03-22,文部科学省,学校基本調査 都道府県 学校数
2,0003020941,159 都道府県別学年別在学者数（うち公立　都道府県別）,0,2011-03-22,文部科学省,学校基本調査 高等学校 都道府県
2,0003020943,160 通学状況別在学者数（うち公立　都道府県別）,0,2011-03-22,文部科学省,学校基本調査 高等学校 都道府県
2,0003020967,176 都道府県別学校数,0,2011-03-22,文部科学省,学校基本調査 都道府県 学校数
2,0003020976,184 都道府県別生徒数,0,2011-03-22,文部科学省,学校基本調査 都道府県 生徒数
2,0003023605,194 専門課程入学者のうち大学等卒業者数（再掲）（都道府県別）,0,2011-03-22,文部科学省,学校基本調査 大学 都道府県
2,0003023608,198 都道府県別学校数,0,2011-03-22,文部科学省,学校基本調査 都道府県 学校数
2,0003023611,201 都道府県別生徒数,0,2011-03-22,文部科学省,学校基本調査 都道府県 生徒数
2,0003022109,254 後期課程の都道府県別大学・短期大学等への進学者数（都道府県別）,0,2011-03-22,文部科学省,学校基本調査 大学 都道府県
2,0003022922,8 都道府県別　学部学生数（都道府県別）,0,2011-03-22,文部科学省,学校基本調査 都道府県 学生数
2,0003023811,254 後期課程の都道府県別大学・短期大学等への進学者数（都道府県別）,0,2011-03-22,文部科学省,学校基本調査 大学 都道府県
2,0003023860,8 都道府県別　学部学生数（都道府県別）,0,2011-03-22,文部科学省,学校基本調査 都道府県 学生数
2,0003022112,256 後期課程の大学（学部）・短期大学（本科）への入学志願者数（都道府県別）,0,2011-03-22,文部科学省,学校基本調査 大学 都道府県
2,0003022639,257 後期課程の卒業年次別大学（学部）・短期大学（本科）への入学志願者数（都道府県別）,0,2011-03-22,文部科学省,学校基本調査 大学 都道府県
2,0003023777,231 大学（学部）・短期大学（本科）への入学志願者数（都道府県別）,0,2011-03-22,文部科学省,学校基本調査 大学 都道府県
2,0003023779,232 卒業年次別大学（学部）・短期大学（本科）への入学志願者数（都道府県別）,0,2011-03-22,文部科学省,学校基本調査 大学 都道府県
2,0003023814,256 後期課程の大学（学部）・短期大学（本科）への入学志願者数（都道府県別）,0,2011-03-22,文部科学省,学校基本調査 大学 都道府県
2,0003023816,257 後期課程の卒業年次別大学（学部）・短期大学（本科）への入学志願者数（都道府県別）,0,2011-03-22,文部科学省,学校基本調査 大学 都道府県
2,0003023004,41 都道府県別　本科学生数（都道府県別）,0,2011-03-22,文部科学省,学校基本調査 都道府県 学生数
2,0003023941,41 都道府県別　本科学生数（都道府県別）,0,2011-03-22,文部科学省,学校基本調査 都道府県 学生数
2,0003022923,8 都道府県別　学部学生数（再掲）（政令指定都市別）,0,2011-03-22,文部科学省,学校基本調査 都道府県 学生数
2,0003023005,41 都道府県別　本科学生数（再掲）（政令指定都市別）,0,2011-03-22,文部科学省,学校基本調査 都道府県 学生数
2,0003023861,8 都道府県別　学部学生数（再掲）（政令指定都市別）,0,2011-03-22,文部科学省,学校基本調査 都道府県 学生数
2,0003023942,41 都道府県別　本科学生数（再掲）（政令指定都市別）,0,2011-03-22,文部科学省,学校基本調査 都道府県 学生数
2,0003018749,126 後期課程の全日制のうち単位制による課程及び定時制の修業年限別の学校数及び生徒数,0,2011-03-22,文部科学省,学校基本調査 都道府県 生徒数
2,0003020893,126 後期課程の全日制のうち単位制による課程及び定時制の修業年限別の学校数及び生徒数,0,2011-03-22,文部科学省,学校基本調査 都道府県 生徒数
2,0003022124,272 都道府県別不就学学齢児童生徒数,0,2011-03-22,文部科学省,学校基本調査 都道府県 生徒数
2,0003023838,272 都道府県別不就学学齢児童生徒数,0,2011-03-22,文部科学省,学校基本調査 都道府県 生徒数
1,0003017505,7 都道府県別学級数,0,2011-03-22,文部科学省,学校基本調査 高等学校 都道府県
1,0003020737,7 都道府県別学級数,0,2011-03-22,文部科学省,学校基本調査 高等学校 都道府県
1,0003017523,14 職名別教員数（兼務者）（うち公立　都道府県別）,0,2011-03-22,文部科学省,学校基本調査 高等学校 都道府県
1,0003017525,15 本務教員のうち理由別休職等教員数（再掲）（うち公立　都道府県別）,0,2011-03-22,文部科学省,学校基本調査 高等学校 都道府県
1,0003017527,16 本務教職員のうち産休代替等教職員の数（再掲）（うち公立　都道府県別）,0,2011-03-22,文部科学省,学校基本調査 高等学校 都道府県
1,0003017545,17 職員数（本務者）（うち公立　都道府県別）,0,2011-03-22,文部科学省,学校基本調査 高等学校 都道府県
1,0003020745,14 職名別教員数（兼務者）（うち公立　都道府県別）,0,2011-03-22,文部科学省,学校基本調査 高等学校 都道府県
1,0003020747,15 本務教員のうち理由別休職等教員数（再掲）（うち公立　都道府県別）,0,2011-03-22,文部科学省,学校基本調査 高等学校 都道府県
1,0003020749,16 本務教職員のうち産休代替等教職員の数（再掲）（うち公立　都道府県別）,0,2011-03-22,文部科学省,学校基本調査 高等学校 都道府県
1,0003020751,17 職員数（本務者）（うち公立　都道府県別）,0,2011-03-22,文部科学省,学校基本調査 高等学校 都道府県
1,0003017518,10 都道府県別在園者数及び入園者数,0,2011-03-22,文部科学省,学校基本調査 高等学校 都道府県
1,0003017519,11 都道府県別収容定員数,0,2011-03-22,文部科学省,学校基本調査 高等学校 都道府県
1,0003017520,12 都道府県別修了者数,0,2011-03-22,文部科学省,学校基本調査 高等学校 都道府県
1,0003020740,10 都道府県別在園者数及び入園者数,0,2011-03-22,文部科学省,学校基本調査 高等学校 都道府県
1,0003020741,11 都道府県別収容定員数,0,2011-03-22,文部科学省,学校基本調査 高等学校 都道府県
1,0003020742,12 都道府県別修了者数,0,2011-03-22,文部科学省,学校基本調査 高等学校 都道府県
1,0003022126,274 都道府県別用途別構造別学校建物面積（単位：平方メートル）,0,2011-03-22,文部科学省,学校基本調査 幼稚園 都道府県
1,0003022128,276 都道府県別用途別学校土地面積（単位：平方メートル）,0,2011-03-22,文部科学省,学校基本調査 幼稚園 都道府県
1,0003023834,274 都道府県別用途別構造別学校建物面積（単位：平方メートル）,0,2011-03-22,文部科学省,学校基本調査 幼稚園 都道府県
1,0003023836,276 都道府県別用途別学校土地面積（単位：平方メートル）,0,2011-03-22,文部科学省,学校基本調査 幼稚園 都道府県
1,0003017516,8 設置者別在園者数,0,2011-03-22,文部科学省,学校基本調査 幼稚園 都道府県
1,0003017517,9 設置者別入園者数,0,2011-03-22,文部科学省,学校基本調査 幼稚園 都道府県
1,0003023103,111 授業料等及び補助金収入（国・公立の高等専門学校等）（単位：千円）,0,2011-03-22,文部科学省,学校基本調査 高等専門学校 都道府県
1,0003020738,8 設置者別在園者数,0,2011-03-22,文部科学省,学校基本調査 幼稚園 都道府県
1,0003020739,9 設置者別入園者数,0,2011-03-22,文部科学省,学校基本調査 幼稚園 都道府県
1,0003024181,111 授業料等及び補助金収入（国・公立の高等専門学校等）（単位：千円）,0,2011-03-22,文部科学省,学校基本調査 大学 都道府県
1,0003018005,24 編制方式別学級数（うち公立　都道府県別）,0,2011-03-22,文部科学省,学校基本調査 高等学校 都道府県
1,0003018007,25 収容人員別学級数（うち公立　都道府県別）,0,2011-03-22,文部科学省,学校基本調査 高等学校 都道府県
1,0003018020,34 職名別教員数（兼務者）（うち公立　都道府県別）,0,2011-03-22,文部科学省,学校基本調査 高等学校 都道府県
1,0003018022,35 本務教員のうち理由別休職等教員数（再掲）（うち公立　都道府県別）,0,2011-03-22,文部科学省,学校基本調査 高等学校 都道府県
1,0003018025,37 本務教職員のうち教務主任等の数（再掲）（うち公立　都道府県別）,0,2011-03-22,文部科学省,学校基本調査 高等学校 都道府県
1,0003018028,38 職員数（本務者）（うち公立　都道府県別）,0,2011-03-22,文部科学省,学校基本調査 高等学校 都道府県
1,0003018029,38 職員数（本務者）（再掲のみ）（うち公立　都道府県別）,0,2011-03-22,文部科学省,学校基本調査 高等学校 都道府県
1,0003018326,39 私費負担の職員数（国・公立の本務者）（うち公立　都道府県別）,0,2011-03-22,文部科学省,学校基本調査 高等学校 都道府県
1,0003018328,40 学校医等の数（うち公立　都道府県別）,0,2011-03-22,文部科学省,学校基本調査 高等学校 都道府県
1,0003020761,24 編制方式別学級数（うち公立　都道府県別）,0,2011-03-22,文部科学省,学校基本調査 高等学校 都道府県
1,0003020763,25 収容人員別学級数（うち公立　都道府県別）,0,2011-03-22,文部科学省,学校基本調査 高等学校 都道府県
1,0003020776,34 職名別教員数（兼務者）（うち公立　都道府県別）,0,2011-03-22,文部科学省,学校基本調査 高等学校 都道府県
1,0003020778,35 本務教員のうち理由別休職等教員数（再掲）（うち公立　都道府県別）,0,2011-03-22,文部科学省,学校基本調査 高等学校 都道府県
1,0003020781,37 本務教職員のうち教務主任等の数（再掲）（うち公立　都道府県別）,0,2011-03-22,文部科学省,学校基本調査 高等学校 都道府県
1,0003020784,38 職員数（本務者）（うち公立　都道府県別）,0,2011-03-22,文部科学省,学校基本調査 高等学校 都道府県
1,0003020785,38 職員数（本務者）（再掲のみ）（うち公立　都道府県別）,0,2011-03-22,文部科学省,学校基本調査 高等学校 都道府県
1,0003020787,39 私費負担の職員数（国・公立の本務者）（うち公立　都道府県別）,0,2011-03-22,文部科学省,学校基本調査 高等学校 都道府県
1,0003020789,40 学校医等の数（うち公立　都道府県別）,0,2011-03-22,文部科学省,学校基本調査 高等学校 都道府県
1,0003018008,26 学年別児童数,0,2011-03-22,文部科学省,学校基本調査 都道府県 児童数
1,0003018015,31 理由別長期欠席児童数,0,2011-03-22,文部科学省,学校基本調査 都道府県 児童数
1,0003018329,41 へき地等指定学校数（公立）,0,2011-03-22,文部科学省,学校基本調査 都道府県 学校数
1,0003018330,42 へき地等指定学校の児童数（公立）,0,2011-03-22,文部科学省,学校基本調査 都道府県 児童数
1,0003020764,26 学年別児童数,0,2011-03-22,文部科学省,学校基本調査 都道府県 児童数
1,0003020771,31 理由別長期欠席児童数,0,2011-03-22,文部科学省,学校基本調査 都道府県 児童数
1,0003020790,41 へき地等指定学校数（公立）,0,2011-03-22,文部科学省,学校基本調査 都道府県 学校数
1,0003020791,42 へき地等指定学校の児童数（公立）,0,2011-03-22,文部科学省,学校基本調査 都道府県 児童数
1,0003022681,213 都道府県別専修学校等への入学者数（都道府県別）,0,2011-03-22,文部科学省,学校基本調査 中学校 都道府県
1,0003023752,213 都道府県別専修学校等への入学者数（都道府県別）,0,2011-03-22,文部科学省,学校基本調査 中学校 都道府県
1,0003017979,51 編制方式別学級数（うち公立　都道府県別）,0,2011-03-22,文部科学省,学校基本調査 高等学校 都道府県
1,0003017981,52 収容人員別学級数（うち公立　都道府県別）,0,2011-03-22,文部科学省,学校基本調査 高等学校 都道府県
1,0003017995,61 職名別教員数（兼務者）（うち公立　都道府県別）,0,2011-03-22,文部科学省,学校基本調査 高等学校 都道府県
1,0003017997,62 本務教員のうち理由別休職等教員数（再掲）（うち公立　都道府県別）,0,2011-03-22,文部科学省,学校基本調査 高等学校 都道府県
1,0003018000,64 本務教職員のうち教務主任等の数（再掲）（うち公立　都道府県別）,0,2011-03-22,文部科学省,学校基本調査 高等学校 都道府県
1,0003018004,65 職員数（本務者）（再掲のみ）（うち公立　都道府県別）,0,2011-03-22,文部科学省,学校基本調査 高等学校 都道府県
1,0003018302,65 職員数（本務者）（うち公立　都道府県別）,0,2011-03-22,文部科学省,学校基本調査 高等学校 都道府県
1,0003018336,66 私費負担の職員数（国・公立の本務者）（うち公立　都道府県別）,0,2011-03-22,文部科学省,学校基本調査 高等学校 都道府県
1,0003018338,67 学校医等の数（うち公立　都道府県別）,0,2011-03-22,文部科学省,学校基本調査 高等学校 都道府県
1,0003022675,210 進路別卒業者数（都道府県別）,0,2011-03-22,文部科学省,学校基本調査 中学校 都道府県
1,0003022687,216 特別支援学級卒業者の進路状況（都道府県別）,0,2011-03-22,文部科学省,学校基本調査 高等専門学校 都道府県
1,0003022688,217 産業別都道府県別就職者数,0,2011-03-22,文部科学省,学校基本調査 中学校 都道府県
1,0003020988,51 編制方式別学級数（うち公立　都道府県別）,0,2011-03-22,文部科学省,学校基本調査 高等学校 都道府県
1,0003020990,52 収容人員別学級数（うち公立　都道府県別）,0,2011-03-22,文部科学省,学校基本調査 高等学校 都道府県
1,0003021003,61 職名別教員数（兼務者）（うち公立　都道府県別）,0,2011-03-22,文部科学省,学校基本調査 高等学校 都道府県
1,0003021005,62 本務教員のうち理由別休職等教員数（再掲）（うち公立　都道府県別）,0,2011-03-22,文部科学省,学校基本調査 高等学校 都道府県
1,0003021008,64 本務教職員のうち教務主任等の数（再掲）（うち公立　都道府県別）,0,2011-03-22,文部科学省,学校基本調査 高等学校 都道府県
1,0003020798,65 職員数（本務者）（うち公立　都道府県別）,0,2011-03-22,文部科学省,学校基本調査 高等学校 都道府県
1,0003021010,65 職員数（本務者）（再掲のみ）（うち公立　都道府県別）,0,2011-03-22,文部科学省,学校基本調査 高等学校 都道府県
1,0003020800,66 私費負担の職員数（国・公立の本務者）（うち公立　都道府県別）,0,2011-03-22,文部科学省,学校基本調査 高等学校 都道府県
1,0003020802,67 学校医等の数（うち公立　都道府県別）,0,2011-03-22,文部科学省,学校基本調査 高等学校 都道府県
1,0003023746,210 状況別卒業者数（都道府県別）,0,2011-03-22,文部科学省,学校基本調査 中学校 都道府県
1,0003023758,216 特別支援学級卒業者の状況（都道府県別）,0,2011-03-22,文部科学省,学校基本調査 高等専門学校 都道府県
1,0003023759,217 産業別都道府県別就職者数,0,2011-03-22,文部科学省,学校基本調査 中学校 都道府県
1,0003018457,48 中高一貫教育を行う学校数（再掲）（併設型）,0,2011-03-22,文部科学省,学校基本調査 都道府県 学校数
1,0003020796,48 中高一貫教育を行う学校数（再掲）（併設型）,0,2011-03-22,文部科学省,学校基本調査 都道府県 学校数
1,0003018334,48 中高一貫教育を行う学校数（再掲）（連携型）,0,2011-03-22,文部科学省,学校基本調査 都道府県 学校数
1,0003017982,53 学年別生徒数,0,2011-03-22,文部科学省,学校基本調査 都道府県 生徒数
1,0003017992,59 理由別長期欠席生徒数,0,2011-03-22,文部科学省,学校基本調査 都道府県 生徒数
1,0003018339,68 へき地等指定学校数（公立）,0,2011-03-22,文部科学省,学校基本調査 都道府県 学校数
1,0003018340,69 へき地等指定学校の生徒数（公立）,0,2011-03-22,文部科学省,学校基本調査 都道府県 生徒数
1,0003020795,48 中高一貫教育を行う学校数（再掲）（連携型）,0,2011-03-22,文部科学省,学校基本調査 都道府県 学校数
1,0003020991,53 学年別生徒数,0,2011-03-22,文部科学省,学校基本調査 都道府県 生徒数
1,0003021000,59 理由別長期欠席生徒数,0,2011-03-22,文部科学省,学校基本調査 都道府県 生徒数
1,0003020803,68 へき地等指定学校数（公立）,0,2011-03-22,文部科学省,学校基本調査 都道府県 学校数
1,0003020804,69 へき地等指定学校の生徒数（公立）,0,2011-03-22,文部科学省,学校基本調査 都道府県 生徒数
1,0003018476,93 都道府県別入学状況（本科）,0,2011-03-22,文部科学省,学校基本調査 高等学校 都道府県
1,0003020836,93 都道府県別入学状況（本科）,0,2011-03-22,文部科学省,学校基本調査 高等学校 都道府県
1,0003018469,84 都道府県別学科数（本科）（うち公立　都道府県別）,0,2011-03-22,文部科学省,学校基本調査 高等学校 都道府県
1,0003020821,84 都道府県別学科数（本科）（うち公立　都道府県別）,0,2011-03-22,文部科学省,学校基本調査 高等学校 都道府県
1,0003018346,81 中高一貫教育を行う学校数（再掲）,0,2011-03-22,文部科学省,学校基本調査 都道府県 学校数
1,0003020816,81 中高一貫教育を行う学校数（再掲）,0,2011-03-22,文部科学省,学校基本調査 都道府県 学校数
1,0003018479,100 定時制課程を兼任している教員数（うち公立　都道府県別）,0,2011-03-22,文部科学省,学校基本調査 高等学校 都道府県
1,0003018467,83 都道府県別学級数（公立の本科）,0,2011-03-22,文部科学省,学校基本調査 高等学校 都道府県
1,0003018348,95 学校医等の数（うち公立　都道府県別）,0,2011-03-22,文部科学省,学校基本調査 高等学校 都道府県
1,0003018086,96 職名別教員数（本務者）（都道府県別）,0,2011-03-22,文部科学省,学校基本調査 高等学校 都道府県
1,0003021102,96 職名別教員数（本務者）（うち公立　都道府県別）,0,2011-03-22,文部科学省,学校基本調査 高等学校 都道府県
1,0003018088,97 職名別教員数（兼務者）（うち公立　都道府県別）,0,2011-03-22,文部科学省,学校基本調査 高等学校 都道府県
1,0003018090,98 本務教員のうち理由別休職等教員数（再掲）（都道府県別）,0,2011-03-22,文部科学省,学校基本調査 高等学校 都道府県
1,0003018092,99 本務教職員のうち教務主任等の数（再掲）（うち公立　都道府県別）（教務主任等）,0,2011-03-22,文部科学省,学校基本調査 高等学校 都道府県
1,0003021101,99 本務教職員のうち教務主任等の数（再掲）（うち公立　都道府県別）（うち代替教職員）,0,2011-03-22,文部科学省,学校基本調査 高等学校 都道府県
1,0003018736,113 入学者数・退学者数（本科）及び単位修得者数（うち公立　都道府県別）,0,2011-03-22,文部科学省,学校基本調査 高等学校 都道府県
1,0003018737,113 入学者数・退学者数（本科）及び単位修得者数（うち私立　都道府県別）,0,2011-03-22,文部科学省,学校基本調査 高等学校 都道府県
1,0003018739,114 職名別教員数（本務者）（うち公立　都道府県別）,0,2011-03-22,文部科学省,学校基本調査 高等学校 都道府県
1,0003018740,114 職名別教員数（本務者）（うち私立　都道府県別）,0,2011-03-22,文部科学省,学校基本調査 高等学校 都道府県
1,0003018742,114 職名別教員数（兼務者）（うち公立　都道府県別）,0,2011-03-22,文部科学省,学校基本調査 高等学校 都道府県
1,0003018743,114 職名別教員数（兼務者）（うち私立　都道府県別）,0,2011-03-22,文部科学省,学校基本調査 高等学校 都道府県
1,0003018745,115 本務教員のうち教務主任等の数（再掲）（うち公立　都道府県別）,0,2011-03-22,文部科学省,学校基本調査 高等学校 都道府県
1,0003018746,115 本務教員のうち教務主任等の数（再掲）（うち私立　都道府県別）,0,2011-03-22,文部科学省,学校基本調査 高等学校 都道府県
1,0003018094,116 職員数（本務者）（うち公立　都道府県別）,0,2011-03-22,文部科学省,学校基本調査 高等学校 都道府県
1,0003018095,116 職員数（本務者）（うち私立　都道府県別）,0,2011-03-22,文部科学省,学校基本調査 高等学校 都道府県
1,0003020849,100 定時制課程を兼任している教員数（うち公立　都道府県別）,0,2011-03-22,文部科学省,学校基本調査 高等学校 都道府県
1,0003020819,83 都道府県別学級数（公立の本科）,0,2011-03-22,文部科学省,学校基本調査 高等学校 都道府県
1,0003020839,95 学校医等の数（うち公立　都道府県別）,0,2011-03-22,文部科学省,学校基本調査 高等学校 都道府県
1,0003020841,96 職名別教員数（本務者）（都道府県別）,0,2011-03-22,文部科学省,学校基本調査 高等学校 都道府県
1,0003021108,96 職名別教員数（本務者）（うち公立　都道府県別）,0,2011-03-22,文部科学省,学校基本調査 高等学校 都道府県
1,0003020843,97 職名別教員数（兼務者）（うち公立　都道府県別）,0,2011-03-22,文部科学省,学校基本調査 高等学校 都道府県
1,0003021110,98 本務教員のうち理由別休職等教員数（再掲）（都道府県別）,0,2011-03-22,文部科学省,学校基本調査 高等学校 都道府県
1,0003020847,99 本務教職員のうち教務主任等の数（再掲）（うち公立）（都道府県別）（教務主任等）,0,2011-03-22,文部科学省,学校基本調査 高等学校 都道府県
1,0003021112,99 本務教職員のうち教務主任等の数（再掲）（うち公立　都道府県別）（うち代替教職員）,0,2011-03-22,文部科学省,学校基本調査 高等学校 都道府県
1,0003020868,113 入学者数・退学者数（本科）及び単位修得者数（うち公立　都道府県別）,0,2011-03-22,文部科学省,学校基本調査 高等学校 都道府県
1,0003020869,113 入学者数・退学者数（本科）及び単位修得者数（うち私立　都道府県別）,0,2011-03-22,文部科学省,学校基本調査 高等学校 都道府県
1,0003020871,114 職名別教員数（本務者）（うち公立　都道府県別）,0,2011-03-22,文部科学省,学校基本調査 高等学校 都道府県
1,0003020872,114 職名別教員数（本務者）（うち私立　都道府県別）,0,2011-03-22,文部科学省,学校基本調査 高等学校 都道府県
1,0003020874,114 職名別教員数（兼務者）（うち公立　都道府県別）,0,2011-03-22,文部科学省,学校基本調査 高等学校 都道府県
1,0003020875,114 職名別教員数（兼務者）（うち私立　都道府県別）,0,2011-03-22,文部科学省,学校基本調査 高等学校 都道府県
1,0003020877,115 本務教員のうち教務主任等の数（再掲）（うち公立　都道府県別）,0,2011-03-22,文部科学省,学校基本調査 高等学校 都道府県
1,0003020878,115 本務教員のうち教務主任等の数（再掲）（うち私立　都道府県別）,0,2011-03-22,文部科学省,学校基本調査 高等学校 都道府県
1,0003020880,116 職員数（本務者）（うち公立　都道府県別）,0,2011-03-22,文部科学省,学校基本調査 高等学校 都道府県
1,0003020881,116 職員数（本務者）（うち私立　都道府県別）,0,2011-03-22,文部科学省,学校基本調査 高等学校 都道府県
1,0003018750,127 後期課程の都道府県別１年次への編入学者数,0,2011-03-22,文部科学省,学校基本調査 高等学校 都道府県
1,0003018752,128 前期課程の編制方式別学級数（うち公立　都道府県別）,0,2011-03-22,文部科学省,学校基本調査 高等学校 都道府県
1,0003018754,129 前期課程の収容人員別学級数（うち公立　都道府県別）,0,2011-03-22,文部科学省,学校基本調査 高等学校 都道府県
1,0003018489,130 後期課程の都道府県別学級数（公立の本科）,0,2011-03-22,文部科学省,学校基本調査 高等学校 都道府県
1,0003018491,131 後期課程の都道府県別学科数（本科）（うち公立　都道府県別）,0,2011-03-22,文部科学省,学校基本調査 高等学校 都道府県
1,0003018104,141 職名別教員数（本務者）（都道府県別）,0,2011-03-22,文部科学省,学校基本調査 高等学校 都道府県
1,0003021135,141 職名別教員数（本務者）（うち国立・公立・私立　都道府県別）,0,2011-03-22,文部科学省,学校基本調査 高等学校 都道府県
1,0003018106,142 職名別教員数（兼務者）（都道府県別）,0,2011-03-22,文部科学省,学校基本調査 高等学校 都道府県
1,0003018108,143 本務教員のうち理由別休職等教員数（再掲）（都道府県別）,0,2011-03-22,文部科学省,学校基本調査 高等学校 都道府県
1,0003018353,144 学校医等の数（うち公立　都道府県別）,0,2011-03-22,文部科学省,学校基本調査 高等学校 都道府県
1,0003018110,145 本務教職員のうち教務主任等の数（再掲）（うち公立　都道府県別）,0,2011-03-22,文部科学省,学校基本調査 高等学校 都道府県
1,0003018112,146 職員数（本務者）（うち公立　都道府県別）,0,2011-03-22,文部科学省,学校基本調査 高等学校 都道府県
1,0003018499,158 都道府県別学級数（うち公立　都道府県別）,0,2011-03-22,文部科学省,学校基本調査 高等学校 都道府県
1,0003018771,167 職名別教員数（都道府県別）,0,2011-03-22,文部科学省,学校基本調査 高等学校 都道府県
1,0003018115,168 担当障害種別職名別教員数（本務者）（都道府県別）,0,2011-03-22,文部科学省,学校基本調査 高等学校 都道府県
1,0003018117,169 担当障害種別職名別教員数（兼務者）（都道府県別）,0,2011-03-22,文部科学省,学校基本調査 高等学校 都道府県
1,0003018119,170 本務教員のうち理由別休職等教員数（再掲）（うち公立　都道府県別）,0,2011-03-22,文部科学省,学校基本調査 高等学校 都道府県
1,0003018122,172 本務教職員のうち教務主任等の数（再掲）（うち公立　都道府県別）,0,2011-03-22,文部科学省,学校基本調査 高等学校 都道府県
1,0003018124,173 職員数（本務者）（うち公立　都道府県別）,0,2011-03-22,文部科学省,学校基本調査 高等学校 都道府県
1,0003018773,174 寄宿舎専任職員数（再掲）（うち公立　都道府県別）,0,2011-03-22,文部科学省,学校基本調査 高等学校 都道府県
1,0003018361,175 学校医等の数（うち公立　都道府県別）,0,2011-03-22,文部科学省,学校基本調査 高等学校 都道府県
1,0003018500,183 都道府県別学科数,0,2011-03-22,文部科学省,学校基本調査 高等学校 都道府県
1,0003018501,187 都道府県別入学状況,0,2011-03-22,文部科学省,学校基本調査 高等学校 都道府県
1,0003022075,189 都道府県別卒業者数（都道府県別）,0,2011-03-22,文部科学省,学校基本調査 高等学校 都道府県
1,0003022610,196 都道府県別教員数（本務者）,0,2011-03-22,文部科学省,学校基本調査 高等学校 都道府県
1,0003022611,197 都道府県別教員数（兼務者）,0,2011-03-22,文部科学省,学校基本調査 高等学校 都道府県
1,0003022623,206 都道府県別入学者数及び卒業者数（都道府県別）,0,2011-03-22,文部科学省,学校基本調査 高等学校 都道府県
1,0003022624,207 都道府県別教員数（本務者）,0,2011-03-22,文部科学省,学校基本調査 高等学校 都道府県
1,0003022625,208 都道府県別教員数（兼務者）,0,2011-03-22,文部科学省,学校基本調査 高等学校 都道府県
1,0003022698,225 進路別卒業者数（都道府県別）,0,2011-03-22,文部科学省,学校基本調査 大学 都道府県
1,0003022704,230 都道府県別専修学校等への入学者数,0,2011-03-22,文部科学省,学校基本調査 高等学校 都道府県
1,0003022714,236 産業別都道府県別就職者数,0,2011-03-22,文部科学省,学校基本調査 高等学校 都道府県
1,0003022716,237 就職先別県外就職者数（都道府県別）,0,2011-03-22,文部科学省,学校基本調査 高等学校 都道府県
1,0003022717,237 就職先別県外就職者数（うち男　都道府県別）,0,2011-03-22,文部科学省,学校基本調査 高等学校 都道府県
1,0003022720,239 進路別卒業者数（都道府県別）,0,2011-03-22,文部科学省,学校基本調査 大学 都道府県
1,0003020894,127 後期課程の都道府県別１年次への編入学者数,0,2011-03-22,文部科学省,学校基本調査 高等学校 都道府県
1,0003020896,128 前期課程の編制方式別学級数（うち公立　都道府県別）,0,2011-03-22,文部科学省,学校基本調査 高等学校 都道府県
1,0003020898,129 前期課程の収容人員別学級数（うち公立　都道府県別）,0,2011-03-22,文部科学省,学校基本調査 高等学校 都道府県
1,0003020899,130 後期課程の都道府県別学級数（公立の本科）,0,2011-03-22,文部科学省,学校基本調査 高等学校 都道府県
1,0003020901,131 後期課程の都道府県別学科数（本科）（うち公立　都道府県別）,0,2011-03-22,文部科学省,学校基本調査 高等学校 都道府県
1,0003020915,141 職名別教員数（本務者）（都道府県別）,0,2011-03-22,文部科学省,学校基本調査 高等学校 都道府県
1,0003021133,141 職名別教員数（本務者）（うち国立・公立・私立　都道府県別）,0,2011-03-22,文部科学省,学校基本調査 高等学校 都道府県
1,0003020917,142 職名別教員数（兼務者）（都道府県別）,0,2011-03-22,文部科学省,学校基本調査 高等学校 都道府県
1,0003020919,143 本務教員のうち理由別休職等教員数（再掲）（都道府県別）,0,2011-03-22,文部科学省,学校基本調査 高等学校 都道府県
1,0003020921,144 学校医等の数（うち公立　都道府県別）,0,2011-03-22,文部科学省,学校基本調査 高等学校 都道府県
1,0003020923,145 本務教職員のうち教務主任等の数（再掲）（うち公立　都道府県別）,0,2011-03-22,文部科学省,学校基本調査 高等学校 都道府県
1,0003020925,146 職員数（本務者）（うち公立　都道府県別）,0,2011-03-22,文部科学省,学校基本調査 高等学校 都道府県
1,0003020939,158 都道府県別学級数（うち公立　都道府県別）,0,2011-03-22,文部科学省,学校基本調査 高等学校 都道府県
1,0003020951,167 職名別教員数（都道府県別）,0,2011-03-22,文部科学省,学校基本調査 高等学校 都道府県
1,0003020953,168 担当障害種別職名別教員数（本務者）（都道府県別）,0,2011-03-22,文部科学省,学校基本調査 高等学校 都道府県
1,0003020955,169 担当障害種別職名別教員数（兼務者）（都道府県別）,0,2011-03-22,文部科学省,学校基本調査 高等学校 都道府県
1,0003020957,170 本務教員のうち理由別休職等教員数（再掲）（うち公立　都道府県別）,0,2011-03-22,文部科学省,学校基本調査 高等学校 都道府県
1,0003020960,172 本務教職員のうち教務主任等の数（再掲）（うち公立　都道府県別）,0,2011-03-22,文部科学省,学校基本調査 高等学校 都道府県
1,0003020962,173 職員数（本務者）（うち公立　都道府県別）,0,2011-03-22,文部科学省,学校基本調査 高等学校 都道府県
1,0003020964,174 寄宿舎専任職員数（再掲）（うち公立　都道府県別）,0,2011-03-22,文部科学省,学校基本調査 高等学校 都道府県
1,0003020966,175 学校医等の数（うち公立　都道府県別）,0,2011-03-22,文部科学省,学校基本調査 高等学校 都道府県
1,0003020975,183 都道府県別学科数,0,2011-03-22,文部科学省,学校基本調査 高等学校 都道府県
1,0003020978,187 都道府県別入学状況,0,2011-03-22,文部科学省,学校基本調査 高等学校 都道府県
1,0003023599,189 都道府県別卒業者数（都道府県別）,0,2011-03-22,文部科学省,学校基本調査 高等学校 都道府県
1,0003023606,196 都道府県別教員数（本務者）,0,2011-03-22,文部科学省,学校基本調査 高等学校 都道府県
1,0003023607,197 都道府県別教員数（兼務者）,0,2011-03-22,文部科学省,学校基本調査 高等学校 都道府県
1,0003023620,206 都道府県別入学者数及び卒業者数（都道府県別）,0,2011-03-22,文部科学省,学校基本調査 高等学校 都道府県
1,0003023621,207 都道府県別教員数（本務者）,0,2011-03-22,文部科学省,学校基本調査 高等学校 都道府県
1,0003023622,208 都道府県別教員数（兼務者）,0,2011-03-22,文部科学省,学校基本調査 高等学校 都道府県
1,0003023769,225 状況別卒業者数（都道府県別）,0,2011-03-22,文部科学省,学校基本調査 大学 都道府県
1,0003023775,230 都道府県別専修学校等への入学者数,0,2011-03-22,文部科学省,学校基本調査 高等学校 都道府県
1,0003023029,61 都道府県別　教員数（本務者）,0,2011-03-22,文部科学省,学校基本調査 高等専門学校 都道府県
1,0003023080,94 都道府県別　卒業者数,0,2011-03-22,文部科学省,学校基本調査 大学 都道府県
1,0003023967,61 都道府県別　教員数（本務者）,0,2011-03-22,文部科学省,学校基本調査 高等専門学校 都道府県
1,0003024160,94 都道府県別　卒業者数,0,2011-03-22,文部科学省,学校基本調査 大学 都道府県
1,0003022990,32 都道府県別　教員数（本務者）（都道府県別）,0,2011-03-22,文部科学省,学校基本調査 大学 都道府県
1,0003022995,34 都道府県別　職員数（本務者）（都道府県別）,0,2011-03-22,文部科学省,学校基本調査 大学 都道府県
1,0003023928,32 都道府県別　教員数（本務者）（都道府県別）,0,2011-03-22,文部科学省,学校基本調査 大学 都道府県
1,0003023933,34 都道府県別　職員数（本務者）（都道府県別）,0,2011-03-22,文部科学省,学校基本調査 大学 都道府県
1,0003023019,53 都道府県別　教員数（本務者）（都道府県別）,0,2011-03-22,文部科学省,学校基本調査 大学 都道府県
1,0003023022,55 都道府県別　職員数（本務者）（都道府県別）,0,2011-03-22,文部科学省,学校基本調査 大学 都道府県
1,0003023047,76 都道府県別　進路別　卒業者数,0,2011-03-22,文部科学省,学校基本調査 大学 都道府県
1,0003023081,95 都道府県別　進路別　卒業者数,0,2011-03-22,文部科学省,学校基本調査 大学 都道府県
1,0003023957,53 都道府県別　教員数（本務者）（都道府県別）,0,2011-03-22,文部科学省,学校基本調査 大学 都道府県
1,0003023960,55 都道府県別　職員数（本務者）（都道府県別）,0,2011-03-22,文部科学省,学校基本調査 大学 都道府県
1,0003024135,76 都道府県別　状況別　卒業者数,0,2011-03-22,文部科学省,学校基本調査 大学 都道府県
1,0003024161,95 都道府県別　状況別　卒業者数,0,2011-03-22,文部科学省,学校基本調査 大学 都道府県
1,0003022991,32 都道府県別　教員数（本務者）（再掲）（政令指定都市別）,0,2011-03-22,文部科学省,学校基本調査 大学 都道府県
1,0003022996,34 都道府県別　職員数（本務者）（再掲）（政令指定都市別）,0,2011-03-22,文部科学省,学校基本調査 大学 都道府県
1,0003023020,53 都道府県別　教員数（本務者）（再掲）（政令指定都市別）,0,2011-03-22,文部科学省,学校基本調査 大学 都道府県
1,0003023023,55 都道府県別　職員数（本務者）（再掲）（政令指定都市別）,0,2011-03-22,文部科学省,学校基本調査 大学 都道府県
1,0003023929,32 都道府県別　教員数（本務者）（再掲）（政令指定都市別）,0,2011-03-22,文部科学省,学校基本調査 大学 都道府県
1,0003023934,34 都道府県別　職員数（本務者）（再掲）（政令指定都市別）,0,2011-03-22,文部科学省,学校基本調査 大学 都道府県
1,0003023958,53 都道府県別　教員数（本務者）（再掲）（政令指定都市別）,0,2011-03-22,文部科学省,学校基本調査 大学 都道府県
1,0003023961,55 都道府県別　職員数（本務者）（再掲）（政令指定都市別）,0,2011-03-22,文部科学省,学校基本調査 大学 都道府県
1,0003022631,250 後期課程の進路別卒業者数（都道府県別）,0,2011-03-22,文部科学省,学校基本調査 大学 都道府県
1,0003023791,239 状況別卒業者数（都道府県別）,0,2011-03-22,文部科学省,学校基本調査 大学 都道府県
1,0003023806,250 後期課程の状況別卒業者数（都道府県別）,0,2011-03-22,文部科学省,学校基本調査 大学 都道府県
1,0003023102,111 授業料等及び補助金収入（国・公立大学）（単位：千円）,0,2011-03-22,文部科学省,学校基本調査 大学 都道府県
1,0003024180,111 授業料等及び補助金収入（国・公立大学）（単位：千円）,0,2011-03-22,文部科学省,学校基本調査 大学 都道府県
1,0003018354,147 へき地等指定学校数（公立）（前期課程）,0,2011-03-22,文部科学省,学校基本調査 都道府県 学校数
1,0003018759,156 障害種別学校数,0,2011-03-22,文部科学省,学校基本調査 都道府県 学校数
1,0003018774,177 類型別学校数,0,2011-03-22,文部科学省,学校基本調査 都道府県 学校数
1,0003020926,147 へき地等指定学校数（公立）（前期課程）,0,2011-03-22,文部科学省,学校基本調査 都道府県 学校数
1,0003020936,156 障害種別学校数,0,2011-03-22,文部科学省,学校基本調査 都道府県 学校数
1,0003020968,177 類型別学校数,0,2011-03-22,文部科学省,学校基本調査 都道府県 学校数
1,0003018097,133 前期課程の学年別生徒数,0,2011-03-22,文部科学省,学校基本調査 都道府県 生徒数
1,0003018355,148 へき地等指定学校の生徒数（公立）（前期課程）,0,2011-03-22,文部科学省,学校基本調査 都道府県 生徒数
1,0003020903,133 前期課程の学年別生徒数,0,2011-03-22,文部科学省,学校基本調査 都道府県 生徒数
1,0003020927,148 へき地等指定学校の生徒数（公立）（前期課程）,0,2011-03-22,文部科学省,学校基本調査 都道府県 生徒数
2,0003013681,198 都道府県別学校数 （私立）法人立別,0,2011-01-04,文部科学省,学校基本調査 都道府県 学校数
2,0003013388,201 都道府県別生徒数 計のうち（再掲）,0,2011-01-04,文部科学省,学校基本調査 都道府県 生徒数
1,0003016852,206 都道府県別入学者数及び卒業者数 入学者数（当該年度） 計の内訳,0,2011-01-04,文部科学省,学校基本調査 高等学校 都道府県
1,0003016854,206 都道府県別入学者数及び卒業者数 卒業者数（前年度間） 計の内訳,0,2011-01-04,文部科学省,学校基本調査 高等学校 都道府県
2,0003017029,47 都道府県別学級数別学校数 計 公立の内訳,0,2010-12-27,文部科学省,学校基本調査 都道府県 学校数
2,0003017030,47 都道府県別学級数別学校数 本校（公立）,0,2010-12-27,文部科学省,学校基本調査 都道府県 学校数
2,0003017027,47 都道府県別学級数別学校数 計 本校・分校,0,2010-12-27,文部科学省,学校基本調査 都道府県 学校数
2,0003013751,176 都道府県別学校数 （私立）法人立別,0,2010-12-27,文部科学省,学校基本調査 都道府県 学校数
2,0003013850,82 全日制のうち単位制による課程及び定時制の修業年限別の学校数、入学状況及び生徒数 修業年限3年 学校数,0,2010-12-27,文部科学省,学校基本調査 都道府県 生徒数
2,0003013851,82 全日制のうち単位制による課程及び定時制の修業年限別の学校数、入学状況及び生徒数 修業年限3年 入学状況及び生徒数,0,2010-12-27,文部科学省,学校基本調査 都道府県 生徒数
2,0003013854,82 全日制のうち単位制による課程及び定時制の修業年限別の学校数、入学状況及び生徒数 修業年限4年 学校数,0,2010-12-27,文部科学省,学校基本調査 都道府県 生徒数
2,0003013855,82 全日制のうち単位制による課程及び定時制の修業年限別の学校数、入学状況及び生徒数 修業年限4年 入学状況及び生徒数,0,2010-12-27,文部科学省,学校基本調査 都道府県 生徒数
1,0003014274,32 帰国児童数（平成19年度間） 計の内訳 学年別,0,2010-12-27,文部科学省,学校基本調査 都道府県 生徒数
1,0003016915,215 高等学校(本科)への入学志願者のうち併設先又は連携先の高等学校へ志願した者(再掲) 全日制・定時制のうち 計の内訳,0,2010-12-27,文部科学省,学校基本調査 中学校 都道府県
1,0003016872,87 学科別学年別生徒数（本科） 計（全日制＋定時制） 計の内訳 男女別,0,2010-12-27,文部科学省,学校基本調査 都道府県 生徒数
1,0003016873,87 学科別学年別生徒数（本科） 計（全日制＋定時制） 計の内訳 学年別,0,2010-12-27,文部科学省,学校基本調査 都道府県 生徒数
3,0003017265,23 都道府県別児童数別学校数 計 公立の内訳,0,2010-12-24,文部科学省,学校基本調査 都道府県 生徒数
3,0003017266,23 都道府県別児童数別学校数 本校（公立）,0,2010-12-24,文部科学省,学校基本調査 都道府県 生徒数
3,0003017263,23 都道府県別児童数別学校数 計 本校・分校,0,2010-12-24,文部科学省,学校基本調査 都道府県 生徒数
3,0003017269,50 都道府県別生徒数別学校数 計 公立の内訳,0,2010-12-24,文部科学省,学校基本調査 都道府県 生徒数
3,0003017270,50 都道府県別生徒数別学校数 本校（公立）,0,2010-12-24,文部科学省,学校基本調査 都道府県 生徒数
3,0003017267,50 都道府県別生徒数別学校数 計 本校・分校,0,2010-12-24,文部科学省,学校基本調査 都道府県 生徒数
2,0003017025,21 都道府県別学級数別学校数 計 公立の内訳,0,2010-12-24,文部科学省,学校基本調査 都道府県 学校数
2,0003017026,21 都道府県別学級数別学校数 本校（公立）,0,2010-12-24,文部科学省,学校基本調査 都道府県 学校数
2,0003017023,21 都道府県別学級数別学校数 計 本校・分校,0,2010-12-24,文部科学省,学校基本調査 都道府県 学校数
2,0003015870,104 都道府県別市町村立学校の生徒数及び職員数（本務者）,0,2010-12-24,文部科学省,学校基本調査 都道府県 生徒数
2,0003017972,159 都道府県別学年別在学者数 公立の内訳,0,2010-12-24,文部科学省,学校基本調査 高等学校 都道府県
1,0003016923,217 産業別都道府県別就職者数 計,0,2010-12-24,文部科学省,学校基本調査 中学校 都道府県
1,0003016924,217 産業別都道府県別就職者数 地域別,0,2010-12-24,文部科学省,学校基本調査 中学校 都道府県
1,0003016925,217 産業別都道府県別就職者数 男女別,0,2010-12-24,文部科学省,学校基本調査 中学校 都道府県
1,0003016926,217 産業別都道府県別就職者数 男女別・地域別,0,2010-12-24,文部科学省,学校基本調査 中学校 都道府県
1,0003015864,48 中高一貫教育を行う学校数（再掲）,0,2010-12-24,文部科学省,学校基本調査 都道府県 学校数
1,0003010832,54 学級編制方式別生徒数 公立の内訳,0,2010-12-24,文部科学省,学校基本調査 都道府県 生徒数
1,0003013747,55 学年別特別支援学級生徒数 計の内訳,0,2010-12-24,文部科学省,学校基本調査 都道府県 生徒数
1,0003010571,68 へき地等指定学校数（公立）,0,2010-12-24,文部科学省,学校基本調査 都道府県 学校数
1,0003013887,69 へき地等指定学校の生徒数（公立）,0,2010-12-24,文部科学省,学校基本調査 都道府県 生徒数
1,0003016655,81 中高一貫教育を行う学校数（再掲）,0,2010-12-24,文部科学省,学校基本調査 都道府県 学校数
1,0003013499,84 都道府県別学科数（本科） 公立の内訳,0,2010-12-24,文部科学省,学校基本調査 高等学校 都道府県
1,0003013501,131 後期課程の都道府県別学科数（本科） 公立の内訳,0,2010-12-24,文部科学省,学校基本調査 高等学校 都道府県
1,0003016911,158 都道府県別学級数 公立の内訳,0,2010-12-24,文部科学省,学校基本調査 高等学校 都道府県
1,0003016992,236 産業別都道府県別就職者数 計,0,2010-12-24,文部科学省,学校基本調査 高等学校 都道府県
1,0003016993,236 産業別都道府県別就職者数 【計のうち（再掲）】,0,2010-12-24,文部科学省,学校基本調査 高等学校 都道府県
1,0003013881,147 へき地等指定学校数（公立）,0,2010-12-24,文部科学省,学校基本調査 都道府県 学校数
1,0003016285,156 障害種別学校数 計,0,2010-12-24,文部科学省,学校基本調査 都道府県 学校数
1,0003016286,156 障害種別学校数 （再掲）延べ数,0,2010-12-24,文部科学省,学校基本調査 都道府県 学校数
1,0003017011,"86 学年別生徒数 計（全日制＋定時制） 計,専攻科,別科 計の内訳",0,2010-12-24,文部科学省,学校基本調査 都道府県 生徒数
1,0003017013,86 学年別生徒数 計（全日制＋定時制） 本科 計の内訳,0,2010-12-24,文部科学省,学校基本調査 都道府県 生徒数
1,0003017015,"86 学年別生徒数 公立・私立（定時制） 計,専攻科,別科",0,2010-12-24,文部科学省,学校基本調査 都道府県 生徒数
1,0003017017,"86 学年別生徒数 公立,私立（定時制） 本科",0,2010-12-24,文部科学省,学校基本調査 都道府県 生徒数
1,0003016874,87 学科別学年別生徒数（本科） 公立・私立（全日制） 男女別,0,2010-12-24,文部科学省,学校基本調査 都道府県 生徒数
1,0003016875,87 学科別学年別生徒数（本科） 公立・私立（全日制） 学年別,0,2010-12-24,文部科学省,学校基本調査 都道府県 生徒数
1,0003016876,87 学科別学年別生徒数（本科） 国立（全日制） 学年別,0,2010-12-24,文部科学省,学校基本調査 都道府県 生徒数
1,0003016877,87 学科別学年別生徒数（本科） 公立・私立（定時制） 男女別,0,2010-12-24,文部科学省,学校基本調査 都道府県 生徒数
1,0003016878,87 学科別学年別生徒数（本科） 公立・私立（定時制） 学年別,0,2010-12-24,文部科学省,学校基本調査 都道府県 生徒数
1,0003016879,87 学科別学年別生徒数（本科） 国立（全日制） 男女別,0,2010-12-24,文部科学省,学校基本調査 都道府県 生徒数
1,0003010837,134 前期課程の編制方式別生徒数 公立の内訳,0,2010-12-24,文部科学省,学校基本調査 都道府県 生徒数
1,0003018046,138 後期課程の学年別生徒数 計（定時制） 本科,0,2010-12-24,文部科学省,学校基本調査 都道府県 生徒数
1,0003018048,"138 後期課程の学年別生徒数 計（定時制） 計,専攻科,別科",0,2010-12-24,文部科学省,学校基本調査 都道府県 生徒数
1,0003018050,138 後期課程の学年別生徒数 計（全日制＋定時制） 本科 計の内訳,0,2010-12-24,文部科学省,学校基本調査 都道府県 生徒数
1,0003018052,"138 後期課程の学年別生徒数 計（全日制＋定時制） 計,専攻科,別科 計の内訳",0,2010-12-24,文部科学省,学校基本調査 都道府県 生徒数
1,0003018054,138 後期課程の学年別生徒数 計（全日制） 本科 計の内訳,0,2010-12-24,文部科学省,学校基本調査 都道府県 生徒数
1,0003013882,148 へき地等指定学校の生徒数（公立）（前期課程）,0,2010-12-24,文部科学省,学校基本調査 都道府県 生徒数
2,0003015867,20 都道府県別学校数,0,2010-12-22,文部科学省,学校基本調査 都道府県 学校数
2,0003016920,211 都道府県別高等学校等への進学者数 計の内訳,0,2010-12-22,文部科学省,学校基本調査 高等専門学校 都道府県
2,0003016361,117 都道府県別学校数（後期課程の課程別）,0,2010-12-22,文部科学省,学校基本調査 都道府県 学校数
1,0003010654,213 都道府県専修学校等への入学者数 計の内訳,0,2010-12-22,文部科学省,学校基本調査 中学校 都道府県
1,0003016913,212 高等学校(本科)への進学者のうち併設先又は連携先の高等学校へ進学した者(再掲) 全日制・定時制のうち 計の内訳,0,2010-12-22,文部科学省,学校基本調査 中学校 都道府県
1,0003016922,214 高等学校等への入学志願者数 計の内訳,0,2010-12-22,文部科学省,学校基本調査 高等専門学校 都道府県
1,0003016520,130 後期課程の都道府県別学級数（公立の本科） 計（本校＋分校）,0,2010-12-22,文部科学省,学校基本調査 高等学校 都道府県
1,0003016521,130 後期課程の都道府県別学級数（公立の本科） 本校・分校,0,2010-12-22,文部科学省,学校基本調査 高等学校 都道府県
1,0003016855,177 類型別学校数,0,2010-12-22,文部科学省,学校基本調査 都道府県 学校数
1,0003016641,139 後期課程の学科別学年別生徒数 国立・公立（全日制） 学年別,0,2010-12-22,文部科学省,学校基本調査 都道府県 生徒数
1,0003016642,139 後期課程の学科別学年別生徒数 国立・公立（全日制） 性別,0,2010-12-22,文部科学省,学校基本調査 都道府県 生徒数
1,0003016643,139 後期課程の学科別学年別生徒数 計（定時制） 学年別,0,2010-12-22,文部科学省,学校基本調査 都道府県 生徒数
1,0003016644,139 後期課程の学科別学年別生徒数 計（定時制） 性別,0,2010-12-22,文部科学省,学校基本調査 都道府県 生徒数
1,0003016646,"139 後期課程の学科別学年別生徒数 計【計（全日制＋定時制）,計（全日制）】 計の内訳 性別",0,2010-12-22,文部科学省,学校基本調査 都道府県 生徒数
1,0003016680,"139 後期課程の学科別学年別生徒数 計【計（全日制＋定時制）,計（全日制）】 計の内訳 学年別【計（全日制）】",0,2010-12-22,文部科学省,学校基本調査 都道府県 生徒数
1,0003016720,"139 後期課程の学科別学年別生徒数 計【計（全日制＋定時制）,計（全日制）】 計の内訳 学年別【計（全日制＋定時制）】",0,2010-12-22,文部科学省,学校基本調査 都道府県 生徒数
2,0003016363,1 都道府県別学校数,0,2010-12-20,文部科学省,学校基本調査 都道府県 学校数
2,0003017663,109 都道府県別生徒数 公立の内訳,0,2010-12-20,文部科学省,学校基本調査 都道府県 生徒数
2,0003017664,109 都道府県別生徒数 私立の内訳,0,2010-12-20,文部科学省,学校基本調査 都道府県 生徒数
2,0003016962,247 前期課程の都道府県別高等学校等への進学者数 計の内訳,0,2010-12-20,文部科学省,学校基本調査 高等専門学校 都道府県
2,0003015732,229 都道府県別大学・短期大学等への進学者数 計の内訳,0,2010-12-20,文部科学省,学校基本調査 大学 都道府県
2,0003015734,254 後期課程の都道府県別大学・短期大学等への進学者数 計の内訳,0,2010-12-20,文部科学省,学校基本調査 大学 都道府県
2,0003017652,112 修業年限別通信制を置く学校数、入学状況及び生徒数 公立の内訳,0,2010-12-20,文部科学省,学校基本調査 都道府県 生徒数
2,0003017653,112 修業年限別通信制を置く学校数、入学状況及び生徒数 私立の内訳,0,2010-12-20,文部科学省,学校基本調査 都道府県 生徒数
2,0003017662,109 都道府県別生徒数 公立・私立,0,2010-12-20,文部科学省,学校基本調査 都道府県 生徒数
1,0003010822,27 学級編制方式別児童数 公立の内訳,0,2010-12-20,文部科学省,学校基本調査 都道府県 児童数
1,0003013749,28 学年別特別支援学級生徒数 計の内訳,0,2010-12-20,文部科学省,学校基本調査 都道府県 生徒数
1,0003013884,41 へき地等指定学校数（公立）,0,2010-12-20,文部科学省,学校基本調査 都道府県 学校数
1,0003013885,42 へき地等指定学校の児童数（公立）,0,2010-12-20,文部科学省,学校基本調査 都道府県 児童数
1,0003016996,"93 都道府県別入学状況（本科） 計,公立,私立",0,2010-12-20,文部科学省,学校基本調査 高等学校 都道府県
1,0003016997,93 都道府県別入学状況（本科） 国立（全日制）,0,2010-12-20,文部科学省,学校基本調査 高等学校 都道府県
1,0003015641,230 都道府県別専修学校等への入学者数,0,2010-12-20,文部科学省,学校基本調査 高等学校 都道府県
1,0003010532,248 前期課程の高等学校等への入学志願者数 計の内訳,0,2010-12-20,文部科学省,学校基本調査 高等専門学校 都道府県
1,0003012127,76 都道府県別　進路別　卒業者数,0,2010-12-20,文部科学省,学校基本調査 大学 都道府県
1,0003012128,95 都道府県別　進路別　卒業者数,0,2010-12-20,文部科学省,学校基本調査 大学 都道府県
1,0003016948,231 大学（学部）・短期大学（本科）への入学志願者数 計の内訳 計,0,2010-12-20,文部科学省,学校基本調査 大学 都道府県
1,0003016950,231 大学（学部）・短期大学（本科）への入学志願者数 計の内訳 学科別,0,2010-12-20,文部科学省,学校基本調査 大学 都道府県
1,0003016645,232 学科別大学（学部）・短期大学（本科）への入学志願者数 計の内訳,0,2010-12-20,文部科学省,学校基本調査 大学 都道府県
1,0003016965,256 後期課程の大学（学部）・短期大学（学科）への入学志願者数 計の内訳 計,0,2010-12-20,文部科学省,学校基本調査 大学 都道府県
1,0003016967,256 後期課程の大学（学部）・短期大学（学科）への入学志願者数 計の内訳 学科別,0,2010-12-20,文部科学省,学校基本調査 大学 都道府県
1,0003016970,257 後期課程の卒業年次別大学（学部）・短期大学（学科）への入学志願者数 計の内訳,0,2010-12-20,文部科学省,学校基本調査 大学 都道府県
1,0003017939,108 学校数・学科数（本科） 公立の内訳,0,2010-12-20,文部科学省,学校基本調査 都道府県 学校数
1,0003017940,108 学校数・学科数（本科） 私立の内訳,0,2010-12-20,文部科学省,学校基本調査 都道府県 学校数
3,0003017841,119 前期課程の都道府県別生徒数別学校数 公立の内訳,0,2010-12-17,文部科学省,学校基本調査 都道府県 生徒数
3,0003017839,119 前期課程の都道府県別生徒数別学校数 本校・分校,0,2010-12-17,文部科学省,学校基本調査 都道府県 生徒数
2,0003015868,46 都道府県別学校数,0,2010-12-17,文部科学省,学校基本調査 都道府県 学校数
2,0003016360,73 都道府県別学校数,0,2010-12-17,文部科学省,学校基本調査 都道府県 学校数
2,0003017022,118 前期課程の都道府県別学級数別学校数 公立の内訳,0,2010-12-17,文部科学省,学校基本調査 都道府県 学校数
2,0003016362,152 都道府県別学校数,0,2010-12-17,文部科学省,学校基本調査 都道府県 学校数
2,0003017020,118 前期課程の都道府県別学級数別学校数 本校・分校,0,2010-12-17,文部科学省,学校基本調査 都道府県 学校数
2,0003010752,272 都道府県別不就学学齢児童生徒数,0,2010-12-17,文部科学省,学校基本調査 都道府県 生徒数
1,0003017250,7 都道府県別学級数,0,2010-12-17,文部科学省,学校基本調査 高等学校 都道府県
1,0003017251,8 設置者別在園者数,0,2010-12-17,文部科学省,学校基本調査 幼稚園 都道府県
1,0003017252,9 設置者別入園者数,0,2010-12-17,文部科学省,学校基本調査 幼稚園 都道府県
1,0003018079,58 帰国生徒数（平成19年度間） 計の内訳,0,2010-12-17,文部科学省,学校基本調査 都道府県 生徒数
1,0003017284,83 都道府県別学級数（公立の本科） 計（本校＋分校）,0,2010-12-17,文部科学省,学校基本調査 高等学校 都道府県
1,0003017285,83 都道府県別学級数（公立の本科） 本校・分校,0,2010-12-17,文部科学省,学校基本調査 高等学校 都道府県
1,0003010287,94 都道府県別　卒業者数,0,2010-12-17,文部科学省,学校基本調査 大学 都道府県
1,0003018077,92 帰国生徒数（平成19年度間） 計（全日制＋定時制） 計の内訳,0,2010-12-17,文部科学省,学校基本調査 都道府県 生徒数
1,0003018128,92 帰国生徒数（平成19年度間） 全日制 計の内訳,0,2010-12-17,文部科学省,学校基本調査 都道府県 生徒数
2,0003015880,都道府県別学校数,0,2010-09-07,文部科学省,学校基本調査 都道府県 学校数
